--
-- PostgreSQL database dump
--

-- Dumped from database version 17.6 (Debian 17.6-2.pgdg13+1)
-- Dumped by pg_dump version 17.4

SET statement_timeout = 0;
SET lock_timeout = 0;
SET idle_in_transaction_session_timeout = 0;
SET transaction_timeout = 0;
SET client_encoding = 'UTF8';
SET standard_conforming_strings = on;
SELECT pg_catalog.set_config('search_path', '', false);
SET check_function_bodies = false;
SET xmloption = content;
SET client_min_messages = warning;
SET row_security = off;

SET default_tablespace = '';

SET default_table_access_method = heap;

--
-- Name: auth_group; Type: TABLE; Schema: public; Owner: postgres
--

CREATE TABLE public.auth_group (
    id integer NOT NULL,
    name character varying(150) NOT NULL
);


ALTER TABLE public.auth_group OWNER TO postgres;

--
-- Name: auth_group_id_seq; Type: SEQUENCE; Schema: public; Owner: postgres
--

ALTER TABLE public.auth_group ALTER COLUMN id ADD GENERATED BY DEFAULT AS IDENTITY (
    SEQUENCE NAME public.auth_group_id_seq
    START WITH 1
    INCREMENT BY 1
    NO MINVALUE
    NO MAXVALUE
    CACHE 1
);


--
-- Name: auth_group_permissions; Type: TABLE; Schema: public; Owner: postgres
--

CREATE TABLE public.auth_group_permissions (
    id bigint NOT NULL,
    group_id integer NOT NULL,
    permission_id integer NOT NULL
);


ALTER TABLE public.auth_group_permissions OWNER TO postgres;

--
-- Name: auth_group_permissions_id_seq; Type: SEQUENCE; Schema: public; Owner: postgres
--

ALTER TABLE public.auth_group_permissions ALTER COLUMN id ADD GENERATED BY DEFAULT AS IDENTITY (
    SEQUENCE NAME public.auth_group_permissions_id_seq
    START WITH 1
    INCREMENT BY 1
    NO MINVALUE
    NO MAXVALUE
    CACHE 1
);


--
-- Name: auth_permission; Type: TABLE; Schema: public; Owner: postgres
--

CREATE TABLE public.auth_permission (
    id integer NOT NULL,
    name character varying(255) NOT NULL,
    content_type_id integer NOT NULL,
    codename character varying(100) NOT NULL
);


ALTER TABLE public.auth_permission OWNER TO postgres;

--
-- Name: auth_permission_id_seq; Type: SEQUENCE; Schema: public; Owner: postgres
--

ALTER TABLE public.auth_permission ALTER COLUMN id ADD GENERATED BY DEFAULT AS IDENTITY (
    SEQUENCE NAME public.auth_permission_id_seq
    START WITH 1
    INCREMENT BY 1
    NO MINVALUE
    NO MAXVALUE
    CACHE 1
);


--
-- Name: auth_user; Type: TABLE; Schema: public; Owner: postgres
--

CREATE TABLE public.auth_user (
    id integer NOT NULL,
    password character varying(128) NOT NULL,
    last_login timestamp with time zone,
    is_superuser boolean NOT NULL,
    username character varying(150) NOT NULL,
    first_name character varying(150) NOT NULL,
    last_name character varying(150) NOT NULL,
    email character varying(254) NOT NULL,
    is_staff boolean NOT NULL,
    is_active boolean NOT NULL,
    date_joined timestamp with time zone NOT NULL
);


ALTER TABLE public.auth_user OWNER TO postgres;

--
-- Name: auth_user_groups; Type: TABLE; Schema: public; Owner: postgres
--

CREATE TABLE public.auth_user_groups (
    id bigint NOT NULL,
    user_id integer NOT NULL,
    group_id integer NOT NULL
);


ALTER TABLE public.auth_user_groups OWNER TO postgres;

--
-- Name: auth_user_groups_id_seq; Type: SEQUENCE; Schema: public; Owner: postgres
--

ALTER TABLE public.auth_user_groups ALTER COLUMN id ADD GENERATED BY DEFAULT AS IDENTITY (
    SEQUENCE NAME public.auth_user_groups_id_seq
    START WITH 1
    INCREMENT BY 1
    NO MINVALUE
    NO MAXVALUE
    CACHE 1
);


--
-- Name: auth_user_id_seq; Type: SEQUENCE; Schema: public; Owner: postgres
--

ALTER TABLE public.auth_user ALTER COLUMN id ADD GENERATED BY DEFAULT AS IDENTITY (
    SEQUENCE NAME public.auth_user_id_seq
    START WITH 1
    INCREMENT BY 1
    NO MINVALUE
    NO MAXVALUE
    CACHE 1
);


--
-- Name: auth_user_user_permissions; Type: TABLE; Schema: public; Owner: postgres
--

CREATE TABLE public.auth_user_user_permissions (
    id bigint NOT NULL,
    user_id integer NOT NULL,
    permission_id integer NOT NULL
);


ALTER TABLE public.auth_user_user_permissions OWNER TO postgres;

--
-- Name: auth_user_user_permissions_id_seq; Type: SEQUENCE; Schema: public; Owner: postgres
--

ALTER TABLE public.auth_user_user_permissions ALTER COLUMN id ADD GENERATED BY DEFAULT AS IDENTITY (
    SEQUENCE NAME public.auth_user_user_permissions_id_seq
    START WITH 1
    INCREMENT BY 1
    NO MINVALUE
    NO MAXVALUE
    CACHE 1
);


--
-- Name: django_admin_log; Type: TABLE; Schema: public; Owner: postgres
--

CREATE TABLE public.django_admin_log (
    id integer NOT NULL,
    action_time timestamp with time zone NOT NULL,
    object_id text,
    object_repr character varying(200) NOT NULL,
    action_flag smallint NOT NULL,
    change_message text NOT NULL,
    content_type_id integer,
    user_id integer NOT NULL,
    CONSTRAINT django_admin_log_action_flag_check CHECK ((action_flag >= 0))
);


ALTER TABLE public.django_admin_log OWNER TO postgres;

--
-- Name: django_admin_log_id_seq; Type: SEQUENCE; Schema: public; Owner: postgres
--

ALTER TABLE public.django_admin_log ALTER COLUMN id ADD GENERATED BY DEFAULT AS IDENTITY (
    SEQUENCE NAME public.django_admin_log_id_seq
    START WITH 1
    INCREMENT BY 1
    NO MINVALUE
    NO MAXVALUE
    CACHE 1
);


--
-- Name: django_content_type; Type: TABLE; Schema: public; Owner: postgres
--

CREATE TABLE public.django_content_type (
    id integer NOT NULL,
    app_label character varying(100) NOT NULL,
    model character varying(100) NOT NULL
);


ALTER TABLE public.django_content_type OWNER TO postgres;

--
-- Name: django_content_type_id_seq; Type: SEQUENCE; Schema: public; Owner: postgres
--

ALTER TABLE public.django_content_type ALTER COLUMN id ADD GENERATED BY DEFAULT AS IDENTITY (
    SEQUENCE NAME public.django_content_type_id_seq
    START WITH 1
    INCREMENT BY 1
    NO MINVALUE
    NO MAXVALUE
    CACHE 1
);


--
-- Name: django_migrations; Type: TABLE; Schema: public; Owner: postgres
--

CREATE TABLE public.django_migrations (
    id bigint NOT NULL,
    app character varying(255) NOT NULL,
    name character varying(255) NOT NULL,
    applied timestamp with time zone NOT NULL
);


ALTER TABLE public.django_migrations OWNER TO postgres;

--
-- Name: django_migrations_id_seq; Type: SEQUENCE; Schema: public; Owner: postgres
--

ALTER TABLE public.django_migrations ALTER COLUMN id ADD GENERATED BY DEFAULT AS IDENTITY (
    SEQUENCE NAME public.django_migrations_id_seq
    START WITH 1
    INCREMENT BY 1
    NO MINVALUE
    NO MAXVALUE
    CACHE 1
);


--
-- Name: django_session; Type: TABLE; Schema: public; Owner: postgres
--

CREATE TABLE public.django_session (
    session_key character varying(40) NOT NULL,
    session_data text NOT NULL,
    expire_date timestamp with time zone NOT NULL
);


ALTER TABLE public.django_session OWNER TO postgres;

--
-- Name: reporting_company; Type: TABLE; Schema: public; Owner: postgres
--

CREATE TABLE public.reporting_company (
    id bigint NOT NULL,
    name character varying(200) NOT NULL,
    created_at timestamp with time zone DEFAULT now(),
    updated_at timestamp with time zone DEFAULT now(),
    created_by_id integer
);


ALTER TABLE public.reporting_company OWNER TO postgres;

--
-- Name: reporting_company_id_seq; Type: SEQUENCE; Schema: public; Owner: postgres
--

CREATE SEQUENCE public.reporting_company_id_seq
    START WITH 1
    INCREMENT BY 1
    NO MINVALUE
    NO MAXVALUE
    CACHE 1;


ALTER SEQUENCE public.reporting_company_id_seq OWNER TO postgres;

--
-- Name: reporting_company_id_seq; Type: SEQUENCE OWNED BY; Schema: public; Owner: postgres
--

ALTER SEQUENCE public.reporting_company_id_seq OWNED BY public.reporting_company.id;


--
-- Name: reporting_deliveryitem; Type: TABLE; Schema: public; Owner: postgres
--

CREATE TABLE public.reporting_deliveryitem (
    id bigint NOT NULL,
    item_name character varying(200) NOT NULL,
    quantity integer NOT NULL,
    unit character varying(50) NOT NULL,
    unit_price numeric(15,0),
    total_price numeric(15,0),
    notes text,
    created_at timestamp with time zone NOT NULL,
    updated_at timestamp with time zone NOT NULL,
    schedule_id bigint,
    history_id bigint,
    tax_invoice_issued boolean NOT NULL,
    product_id bigint,
    CONSTRAINT reporting_deliveryitem_quantity_check CHECK ((quantity >= 0))
);


ALTER TABLE public.reporting_deliveryitem OWNER TO postgres;

--
-- Name: reporting_deliveryitem_id_seq; Type: SEQUENCE; Schema: public; Owner: postgres
--

ALTER TABLE public.reporting_deliveryitem ALTER COLUMN id ADD GENERATED BY DEFAULT AS IDENTITY (
    SEQUENCE NAME public.reporting_deliveryitem_id_seq
    START WITH 1
    INCREMENT BY 1
    NO MINVALUE
    NO MAXVALUE
    CACHE 1
);


--
-- Name: reporting_department; Type: TABLE; Schema: public; Owner: postgres
--

CREATE TABLE public.reporting_department (
    id bigint NOT NULL,
    name character varying(100) NOT NULL,
    company_id bigint NOT NULL,
    created_at timestamp with time zone DEFAULT now(),
    updated_at timestamp with time zone DEFAULT now(),
    created_by_id integer
);


ALTER TABLE public.reporting_department OWNER TO postgres;

--
-- Name: reporting_department_id_seq; Type: SEQUENCE; Schema: public; Owner: postgres
--

CREATE SEQUENCE public.reporting_department_id_seq
    START WITH 1
    INCREMENT BY 1
    NO MINVALUE
    NO MAXVALUE
    CACHE 1;


ALTER SEQUENCE public.reporting_department_id_seq OWNER TO postgres;

--
-- Name: reporting_department_id_seq; Type: SEQUENCE OWNED BY; Schema: public; Owner: postgres
--

ALTER SEQUENCE public.reporting_department_id_seq OWNED BY public.reporting_department.id;


--
-- Name: reporting_followup; Type: TABLE; Schema: public; Owner: postgres
--

CREATE TABLE public.reporting_followup (
    id bigint NOT NULL,
    customer_name character varying(100),
    status character varying(20) NOT NULL,
    priority character varying(20) NOT NULL,
    created_at timestamp with time zone NOT NULL,
    updated_at timestamp with time zone NOT NULL,
    user_id integer NOT NULL,
    address text,
    notes text,
    phone_number character varying(20),
    email character varying(254),
    manager character varying(100),
    company_id integer,
    department_id integer,
    user_company_id bigint
);


ALTER TABLE public.reporting_followup OWNER TO postgres;

--
-- Name: reporting_followup_id_seq; Type: SEQUENCE; Schema: public; Owner: postgres
--

ALTER TABLE public.reporting_followup ALTER COLUMN id ADD GENERATED BY DEFAULT AS IDENTITY (
    SEQUENCE NAME public.reporting_followup_id_seq
    START WITH 1
    INCREMENT BY 1
    NO MINVALUE
    NO MAXVALUE
    CACHE 1
);


--
-- Name: reporting_funnelstage; Type: TABLE; Schema: public; Owner: postgres
--

CREATE TABLE public.reporting_funnelstage (
    id bigint NOT NULL,
    name character varying(20) NOT NULL,
    display_name character varying(50) NOT NULL,
    stage_order integer NOT NULL,
    default_probability integer NOT NULL,
    avg_duration_days integer NOT NULL,
    color character varying(20) NOT NULL,
    icon character varying(50) NOT NULL,
    description text NOT NULL,
    success_criteria text NOT NULL
);


ALTER TABLE public.reporting_funnelstage OWNER TO postgres;

--
-- Name: reporting_funnelstage_id_seq; Type: SEQUENCE; Schema: public; Owner: postgres
--

ALTER TABLE public.reporting_funnelstage ALTER COLUMN id ADD GENERATED BY DEFAULT AS IDENTITY (
    SEQUENCE NAME public.reporting_funnelstage_id_seq
    START WITH 1
    INCREMENT BY 1
    NO MINVALUE
    NO MAXVALUE
    CACHE 1
);


--
-- Name: reporting_history; Type: TABLE; Schema: public; Owner: postgres
--

CREATE TABLE public.reporting_history (
    id bigint NOT NULL,
    action_type character varying(50) NOT NULL,
    content text,
    created_at timestamp with time zone NOT NULL,
    followup_id bigint,
    user_id integer NOT NULL,
    schedule_id bigint,
    new_value text,
    old_value text,
    delivery_amount numeric(15,0),
    tax_invoice_issued boolean NOT NULL,
    delivery_items text,
    delivery_date date,
    meeting_date date,
    service_status character varying(20),
    created_by_id integer,
    parent_history_id bigint,
    company_id bigint,
    personal_schedule_id bigint
);


ALTER TABLE public.reporting_history OWNER TO postgres;

--
-- Name: reporting_history_id_seq; Type: SEQUENCE; Schema: public; Owner: postgres
--

ALTER TABLE public.reporting_history ALTER COLUMN id ADD GENERATED BY DEFAULT AS IDENTITY (
    SEQUENCE NAME public.reporting_history_id_seq
    START WITH 1
    INCREMENT BY 1
    NO MINVALUE
    NO MAXVALUE
    CACHE 1
);


--
-- Name: reporting_historyfile; Type: TABLE; Schema: public; Owner: postgres
--

CREATE TABLE public.reporting_historyfile (
    id bigint NOT NULL,
    file character varying(100) NOT NULL,
    original_filename character varying(255) NOT NULL,
    file_size integer NOT NULL,
    uploaded_at timestamp with time zone NOT NULL,
    history_id bigint NOT NULL,
    uploaded_by_id integer NOT NULL,
    CONSTRAINT reporting_historyfile_file_size_check CHECK ((file_size >= 0))
);


ALTER TABLE public.reporting_historyfile OWNER TO postgres;

--
-- Name: reporting_historyfile_id_seq; Type: SEQUENCE; Schema: public; Owner: postgres
--

ALTER TABLE public.reporting_historyfile ALTER COLUMN id ADD GENERATED BY DEFAULT AS IDENTITY (
    SEQUENCE NAME public.reporting_historyfile_id_seq
    START WITH 1
    INCREMENT BY 1
    NO MINVALUE
    NO MAXVALUE
    CACHE 1
);


--
-- Name: reporting_opportunitytracking; Type: TABLE; Schema: public; Owner: postgres
--

CREATE TABLE public.reporting_opportunitytracking (
    id bigint NOT NULL,
    current_stage character varying(20) NOT NULL,
    stage_entry_date date NOT NULL,
    expected_revenue numeric(15,0) NOT NULL,
    weighted_revenue numeric(15,0) NOT NULL,
    probability integer NOT NULL,
    expected_close_date date,
    stage_history jsonb NOT NULL,
    total_quotes_sent integer NOT NULL,
    total_meetings integer NOT NULL,
    avg_response_time_hours numeric(10,2),
    won_date date,
    lost_date date,
    lost_reason text,
    actual_revenue numeric(15,0),
    updated_at timestamp with time zone NOT NULL,
    followup_id bigint NOT NULL,
    backlog_amount numeric(15,0) NOT NULL,
    title character varying(200),
    created_at timestamp with time zone NOT NULL
);


ALTER TABLE public.reporting_opportunitytracking OWNER TO postgres;

--
-- Name: reporting_opportunitytracking_id_seq; Type: SEQUENCE; Schema: public; Owner: postgres
--

ALTER TABLE public.reporting_opportunitytracking ALTER COLUMN id ADD GENERATED BY DEFAULT AS IDENTITY (
    SEQUENCE NAME public.reporting_opportunitytracking_id_seq
    START WITH 1
    INCREMENT BY 1
    NO MINVALUE
    NO MAXVALUE
    CACHE 1
);


--
-- Name: reporting_personalschedule; Type: TABLE; Schema: public; Owner: postgres
--

CREATE TABLE public.reporting_personalschedule (
    id bigint NOT NULL,
    title character varying(200) NOT NULL,
    content text,
    schedule_date date NOT NULL,
    schedule_time time without time zone NOT NULL,
    created_at timestamp with time zone NOT NULL,
    updated_at timestamp with time zone NOT NULL,
    company_id bigint,
    user_id integer NOT NULL
);


ALTER TABLE public.reporting_personalschedule OWNER TO postgres;

--
-- Name: reporting_personalschedule_id_seq; Type: SEQUENCE; Schema: public; Owner: postgres
--

ALTER TABLE public.reporting_personalschedule ALTER COLUMN id ADD GENERATED BY DEFAULT AS IDENTITY (
    SEQUENCE NAME public.reporting_personalschedule_id_seq
    START WITH 1
    INCREMENT BY 1
    NO MINVALUE
    NO MAXVALUE
    CACHE 1
);


--
-- Name: reporting_prepayment; Type: TABLE; Schema: public; Owner: postgres
--

CREATE TABLE public.reporting_prepayment (
    id bigint NOT NULL,
    amount numeric(12,0) NOT NULL,
    balance numeric(12,0) NOT NULL,
    payment_date date NOT NULL,
    payment_method character varying(20) NOT NULL,
    payer_name character varying(100) NOT NULL,
    memo text NOT NULL,
    status character varying(20) NOT NULL,
    created_at timestamp with time zone NOT NULL,
    cancelled_at timestamp with time zone,
    cancel_reason text NOT NULL,
    company_id bigint NOT NULL,
    created_by_id integer NOT NULL,
    customer_id bigint NOT NULL
);


ALTER TABLE public.reporting_prepayment OWNER TO postgres;

--
-- Name: reporting_prepayment_id_seq; Type: SEQUENCE; Schema: public; Owner: postgres
--

ALTER TABLE public.reporting_prepayment ALTER COLUMN id ADD GENERATED BY DEFAULT AS IDENTITY (
    SEQUENCE NAME public.reporting_prepayment_id_seq
    START WITH 1
    INCREMENT BY 1
    NO MINVALUE
    NO MAXVALUE
    CACHE 1
);


--
-- Name: reporting_prepaymentusage; Type: TABLE; Schema: public; Owner: postgres
--

CREATE TABLE public.reporting_prepaymentusage (
    id bigint NOT NULL,
    product_name character varying(200) NOT NULL,
    quantity integer NOT NULL,
    amount numeric(12,0) NOT NULL,
    remaining_balance numeric(12,0) NOT NULL,
    used_at timestamp with time zone NOT NULL,
    memo text NOT NULL,
    prepayment_id bigint NOT NULL,
    schedule_id bigint,
    schedule_item_id bigint
);


ALTER TABLE public.reporting_prepaymentusage OWNER TO postgres;

--
-- Name: reporting_prepaymentusage_id_seq; Type: SEQUENCE; Schema: public; Owner: postgres
--

ALTER TABLE public.reporting_prepaymentusage ALTER COLUMN id ADD GENERATED BY DEFAULT AS IDENTITY (
    SEQUENCE NAME public.reporting_prepaymentusage_id_seq
    START WITH 1
    INCREMENT BY 1
    NO MINVALUE
    NO MAXVALUE
    CACHE 1
);


--
-- Name: reporting_product; Type: TABLE; Schema: public; Owner: postgres
--

CREATE TABLE public.reporting_product (
    id bigint NOT NULL,
    product_code character varying(50) NOT NULL,
    standard_price numeric(15,0) NOT NULL,
    is_promo boolean NOT NULL,
    promo_price numeric(15,0),
    promo_start date,
    promo_end date,
    is_active boolean NOT NULL,
    description text,
    specifications jsonb NOT NULL,
    total_quoted integer NOT NULL,
    total_sold integer NOT NULL,
    created_at timestamp with time zone NOT NULL,
    updated_at timestamp with time zone NOT NULL
);


ALTER TABLE public.reporting_product OWNER TO postgres;

--
-- Name: reporting_product_id_seq; Type: SEQUENCE; Schema: public; Owner: postgres
--

ALTER TABLE public.reporting_product ALTER COLUMN id ADD GENERATED BY DEFAULT AS IDENTITY (
    SEQUENCE NAME public.reporting_product_id_seq
    START WITH 1
    INCREMENT BY 1
    NO MINVALUE
    NO MAXVALUE
    CACHE 1
);


--
-- Name: reporting_quote; Type: TABLE; Schema: public; Owner: postgres
--

CREATE TABLE public.reporting_quote (
    id bigint NOT NULL,
    quote_number character varying(50) NOT NULL,
    quote_date date NOT NULL,
    valid_until date NOT NULL,
    stage character varying(20) NOT NULL,
    subtotal numeric(15,0) NOT NULL,
    discount_rate numeric(5,2) NOT NULL,
    discount_amount numeric(15,0) NOT NULL,
    tax_amount numeric(15,0) NOT NULL,
    total_amount numeric(15,0) NOT NULL,
    probability integer NOT NULL,
    expected_close_date date,
    weighted_revenue numeric(15,0) NOT NULL,
    converted_to_delivery boolean NOT NULL,
    notes text,
    customer_feedback text,
    created_at timestamp with time zone NOT NULL,
    updated_at timestamp with time zone NOT NULL,
    converted_history_id bigint,
    followup_id bigint NOT NULL,
    schedule_id bigint NOT NULL,
    user_id integer NOT NULL
);


ALTER TABLE public.reporting_quote OWNER TO postgres;

--
-- Name: reporting_quote_id_seq; Type: SEQUENCE; Schema: public; Owner: postgres
--

ALTER TABLE public.reporting_quote ALTER COLUMN id ADD GENERATED BY DEFAULT AS IDENTITY (
    SEQUENCE NAME public.reporting_quote_id_seq
    START WITH 1
    INCREMENT BY 1
    NO MINVALUE
    NO MAXVALUE
    CACHE 1
);


--
-- Name: reporting_quoteitem; Type: TABLE; Schema: public; Owner: postgres
--

CREATE TABLE public.reporting_quoteitem (
    id bigint NOT NULL,
    quantity integer NOT NULL,
    unit_price numeric(15,0) NOT NULL,
    discount_rate numeric(5,2) NOT NULL,
    subtotal numeric(15,0) NOT NULL,
    description text,
    "order" integer NOT NULL,
    product_id bigint NOT NULL,
    quote_id bigint NOT NULL
);


ALTER TABLE public.reporting_quoteitem OWNER TO postgres;

--
-- Name: reporting_quoteitem_id_seq; Type: SEQUENCE; Schema: public; Owner: postgres
--

ALTER TABLE public.reporting_quoteitem ALTER COLUMN id ADD GENERATED BY DEFAULT AS IDENTITY (
    SEQUENCE NAME public.reporting_quoteitem_id_seq
    START WITH 1
    INCREMENT BY 1
    NO MINVALUE
    NO MAXVALUE
    CACHE 1
);


--
-- Name: reporting_schedule; Type: TABLE; Schema: public; Owner: postgres
--

CREATE TABLE public.reporting_schedule (
    id bigint NOT NULL,
    visit_date date NOT NULL,
    visit_time time without time zone NOT NULL,
    location character varying(200),
    status character varying(20) NOT NULL,
    notes text,
    created_at timestamp with time zone NOT NULL,
    updated_at timestamp with time zone NOT NULL,
    followup_id bigint NOT NULL,
    user_id integer NOT NULL,
    activity_type character varying(50) NOT NULL,
    company_id bigint,
    expected_close_date date,
    expected_revenue numeric(15,0),
    opportunity_id bigint,
    probability integer,
    purchase_confirmed boolean NOT NULL,
    prepayment_id bigint,
    prepayment_amount numeric(15,0),
    use_prepayment boolean NOT NULL
);


ALTER TABLE public.reporting_schedule OWNER TO postgres;

--
-- Name: reporting_schedule_id_seq; Type: SEQUENCE; Schema: public; Owner: postgres
--

ALTER TABLE public.reporting_schedule ALTER COLUMN id ADD GENERATED BY DEFAULT AS IDENTITY (
    SEQUENCE NAME public.reporting_schedule_id_seq
    START WITH 1
    INCREMENT BY 1
    NO MINVALUE
    NO MAXVALUE
    CACHE 1
);


--
-- Name: reporting_schedulefile; Type: TABLE; Schema: public; Owner: postgres
--

CREATE TABLE public.reporting_schedulefile (
    id bigint NOT NULL,
    file character varying(100) NOT NULL,
    original_filename character varying(255) NOT NULL,
    file_size integer NOT NULL,
    uploaded_at timestamp with time zone NOT NULL,
    schedule_id bigint NOT NULL,
    uploaded_by_id integer NOT NULL,
    CONSTRAINT reporting_schedulefile_file_size_check CHECK ((file_size >= 0))
);


ALTER TABLE public.reporting_schedulefile OWNER TO postgres;

--
-- Name: reporting_schedulefile_id_seq; Type: SEQUENCE; Schema: public; Owner: postgres
--

ALTER TABLE public.reporting_schedulefile ALTER COLUMN id ADD GENERATED BY DEFAULT AS IDENTITY (
    SEQUENCE NAME public.reporting_schedulefile_id_seq
    START WITH 1
    INCREMENT BY 1
    NO MINVALUE
    NO MAXVALUE
    CACHE 1
);


--
-- Name: reporting_usercompany; Type: TABLE; Schema: public; Owner: postgres
--

CREATE TABLE public.reporting_usercompany (
    id bigint NOT NULL,
    name character varying(100) NOT NULL,
    created_at timestamp with time zone NOT NULL,
    updated_at timestamp with time zone NOT NULL
);


ALTER TABLE public.reporting_usercompany OWNER TO postgres;

--
-- Name: reporting_usercompany_id_seq; Type: SEQUENCE; Schema: public; Owner: postgres
--

ALTER TABLE public.reporting_usercompany ALTER COLUMN id ADD GENERATED BY DEFAULT AS IDENTITY (
    SEQUENCE NAME public.reporting_usercompany_id_seq
    START WITH 1
    INCREMENT BY 1
    NO MINVALUE
    NO MAXVALUE
    CACHE 1
);


--
-- Name: reporting_userprofile; Type: TABLE; Schema: public; Owner: postgres
--

CREATE TABLE public.reporting_userprofile (
    id bigint NOT NULL,
    role character varying(20) NOT NULL,
    created_at timestamp with time zone NOT NULL,
    updated_at timestamp with time zone NOT NULL,
    created_by_id integer,
    user_id integer NOT NULL,
    can_download_excel boolean NOT NULL,
    company_id bigint
);


ALTER TABLE public.reporting_userprofile OWNER TO postgres;

--
-- Name: reporting_userprofile_id_seq; Type: SEQUENCE; Schema: public; Owner: postgres
--

ALTER TABLE public.reporting_userprofile ALTER COLUMN id ADD GENERATED BY DEFAULT AS IDENTITY (
    SEQUENCE NAME public.reporting_userprofile_id_seq
    START WITH 1
    INCREMENT BY 1
    NO MINVALUE
    NO MAXVALUE
    CACHE 1
);


--
-- Name: reporting_company id; Type: DEFAULT; Schema: public; Owner: postgres
--

ALTER TABLE ONLY public.reporting_company ALTER COLUMN id SET DEFAULT nextval('public.reporting_company_id_seq'::regclass);


--
-- Name: reporting_department id; Type: DEFAULT; Schema: public; Owner: postgres
--

ALTER TABLE ONLY public.reporting_department ALTER COLUMN id SET DEFAULT nextval('public.reporting_department_id_seq'::regclass);


--
-- Data for Name: auth_group; Type: TABLE DATA; Schema: public; Owner: postgres
--

COPY public.auth_group (id, name) FROM stdin;
\.


--
-- Data for Name: auth_group_permissions; Type: TABLE DATA; Schema: public; Owner: postgres
--

COPY public.auth_group_permissions (id, group_id, permission_id) FROM stdin;
\.


--
-- Data for Name: auth_permission; Type: TABLE DATA; Schema: public; Owner: postgres
--

COPY public.auth_permission (id, name, content_type_id, codename) FROM stdin;
1	Can add log entry	1	add_logentry
2	Can change log entry	1	change_logentry
3	Can delete log entry	1	delete_logentry
4	Can view log entry	1	view_logentry
5	Can add permission	2	add_permission
6	Can change permission	2	change_permission
7	Can delete permission	2	delete_permission
8	Can view permission	2	view_permission
9	Can add group	3	add_group
10	Can change group	3	change_group
11	Can delete group	3	delete_group
12	Can view group	3	view_group
13	Can add user	4	add_user
14	Can change user	4	change_user
15	Can delete user	4	delete_user
16	Can view user	4	view_user
17	Can add content type	5	add_contenttype
18	Can change content type	5	change_contenttype
19	Can delete content type	5	delete_contenttype
20	Can view content type	5	view_contenttype
21	Can add session	6	add_session
22	Can change session	6	change_session
23	Can delete session	6	delete_session
24	Can view session	6	view_session
25	Can add 팔로우업	7	add_followup
26	Can change 팔로우업	7	change_followup
27	Can delete 팔로우업	7	delete_followup
28	Can view 팔로우업	7	view_followup
29	Can add 일정	8	add_schedule
30	Can change 일정	8	change_schedule
31	Can delete 일정	8	delete_schedule
32	Can view 일정	8	view_schedule
33	Can add 활동 히스토리	9	add_history
34	Can change 활동 히스토리	9	change_history
35	Can delete 활동 히스토리	9	delete_history
36	Can view 활동 히스토리	9	view_history
37	Can add 사용자 프로필	10	add_userprofile
38	Can change 사용자 프로필	10	change_userprofile
39	Can delete 사용자 프로필	10	delete_userprofile
40	Can view 사용자 프로필	10	view_userprofile
41	Can add 업체/학교	11	add_company
42	Can change 업체/학교	11	change_company
43	Can delete 업체/학교	11	delete_company
44	Can view 업체/학교	11	view_company
45	Can add 부서/연구실	12	add_department
46	Can change 부서/연구실	12	change_department
47	Can delete 부서/연구실	12	delete_department
48	Can view 부서/연구실	12	view_department
49	Can add 일정 첨부파일	13	add_schedulefile
50	Can change 일정 첨부파일	13	change_schedulefile
51	Can delete 일정 첨부파일	13	delete_schedulefile
52	Can view 일정 첨부파일	13	view_schedulefile
53	Can add 히스토리 첨부파일	14	add_historyfile
54	Can change 히스토리 첨부파일	14	change_historyfile
55	Can delete 히스토리 첨부파일	14	delete_historyfile
56	Can view 히스토리 첨부파일	14	view_historyfile
57	Can add 납품 품목	15	add_deliveryitem
58	Can change 납품 품목	15	change_deliveryitem
59	Can delete 납품 품목	15	delete_deliveryitem
60	Can view 납품 품목	15	view_deliveryitem
61	Can add 사용자 소속 회사	16	add_usercompany
62	Can change 사용자 소속 회사	16	change_usercompany
63	Can delete 사용자 소속 회사	16	delete_usercompany
64	Can view 사용자 소속 회사	16	view_usercompany
65	Can add 펀넬 단계	17	add_funnelstage
66	Can change 펀넬 단계	17	change_funnelstage
67	Can delete 펀넬 단계	17	delete_funnelstage
68	Can view 펀넬 단계	17	view_funnelstage
69	Can add 제품	18	add_product
70	Can change 제품	18	change_product
71	Can delete 제품	18	delete_product
72	Can view 제품	18	view_product
73	Can add 영업 기회	19	add_opportunitytracking
74	Can change 영업 기회	19	change_opportunitytracking
75	Can delete 영업 기회	19	delete_opportunitytracking
76	Can view 영업 기회	19	view_opportunitytracking
77	Can add 견적	20	add_quote
78	Can change 견적	20	change_quote
79	Can delete 견적	20	delete_quote
80	Can view 견적	20	view_quote
81	Can add 견적 항목	21	add_quoteitem
82	Can change 견적 항목	21	change_quoteitem
83	Can delete 견적 항목	21	delete_quoteitem
84	Can view 견적 항목	21	view_quoteitem
85	Can add 선결제	22	add_prepayment
86	Can change 선결제	22	change_prepayment
87	Can delete 선결제	22	delete_prepayment
88	Can view 선결제	22	view_prepayment
89	Can add 선결제 사용 내역	23	add_prepaymentusage
90	Can change 선결제 사용 내역	23	change_prepaymentusage
91	Can delete 선결제 사용 내역	23	delete_prepaymentusage
92	Can view 선결제 사용 내역	23	view_prepaymentusage
93	Can add 개인 일정	24	add_personalschedule
94	Can change 개인 일정	24	change_personalschedule
95	Can delete 개인 일정	24	delete_personalschedule
96	Can view 개인 일정	24	view_personalschedule
\.


--
-- Data for Name: auth_user; Type: TABLE DATA; Schema: public; Owner: postgres
--

COPY public.auth_user (id, password, last_login, is_superuser, username, first_name, last_name, email, is_staff, is_active, date_joined) FROM stdin;
11	pbkdf2_sha256$1000000$ij0ibHcj3aK1K7Dai6jh0q$yXUSsWHQahcDQDwUO8M2qe+RN1Tu56gCGNemRiUWVbI=	\N	f	mk_sales	최	명길		f	t	2025-09-29 22:31:45.123608+00
10	pbkdf2_sha256$1000000$K8p4qJI5qCZdB4ErfdtcqM$DyrcMAu9beW57qc2q0qy0TdBrP2vDYqaqvcC1RY0njY=	2025-09-29 22:46:20.892583+00	f	yh	유	환		f	t	2025-09-29 22:31:12.642549+00
9	pbkdf2_sha256$1000000$7ygoJxCQURfQVEoUKR9TEE$GaRGbCHyRJsFSQtlulsOpjb9ZTgYIQyaom75gbKck6Y=	2025-09-29 22:50:48.908511+00	f	mk	최	명길		f	t	2025-09-29 22:30:12.702792+00
13	pbkdf2_sha256$1000000$w4fIrdedxhP74MM0Z5bFh8$rw3ZSb1P1s/tKMo2+FQKw/dZc81exHxGMGPUhIzqTx8=	2025-10-27 08:11:45.755457+00	f	ys96	이	윤선		f	t	2025-10-27 00:27:51.465289+00
2	pbkdf2_sha256$1000000$Xg4R2BvJJD2V6LFJDsioF1$BGHP++6HPuv8H5ZXNaK+MbCsFnM6k66ctvJgkhX0s24=	2025-11-09 10:04:50.281284+00	f	hana008	김	도엽	dykim1.hana@gmail.com	f	t	2025-06-19 07:19:23.02611+00
12	pbkdf2_sha256$1000000$5rBcYNS522GlVddMPPIGeH$ZSg0rPZibH6/6SKdWSVaKrTAtcb06RbgbUPAcLK5kTs=	2025-11-12 00:32:42.666922+00	f	sw96	전	성욱		f	t	2025-10-27 00:26:45.736339+00
1	pbkdf2_sha256$1000000$ohkiXVSfesF2Nkip6zKKiq$mA3WQtlQTx8/5mNzvT0wX+b7YPeqI9fsH8lKfNOC0AQ=	2025-11-16 00:56:03.1857+00	t	ddd418	안	재현	admin@company.com	t	t	2025-06-19 07:14:19.333254+00
4	pbkdf2_sha256$1000000$WBWruSjEPYBMQDBTqmWLD3$bXaIIxIZ3PUUIS2VPvw0bBwAsHQAbOZ3GSnUIIxikVM=	2025-11-18 01:37:11.466531+00	f	hana				f	t	2025-06-19 07:20:20.022886+00
3	pbkdf2_sha256$1000000$3cmERkDn5GjS8vDtzm6r6o$appKXLNK2F+gTvj3nRTOSFiPg419xLcoJWUh9B2vilI=	2025-11-18 02:51:03.769042+00	f	dkswogus95	안	재현	dkswogus95@gmail.com	f	t	2025-06-19 07:19:50.932953+00
\.


--
-- Data for Name: auth_user_groups; Type: TABLE DATA; Schema: public; Owner: postgres
--

COPY public.auth_user_groups (id, user_id, group_id) FROM stdin;
\.


--
-- Data for Name: auth_user_user_permissions; Type: TABLE DATA; Schema: public; Owner: postgres
--

COPY public.auth_user_user_permissions (id, user_id, permission_id) FROM stdin;
\.


--
-- Data for Name: django_admin_log; Type: TABLE DATA; Schema: public; Owner: postgres
--

COPY public.django_admin_log (id, action_time, object_id, object_repr, action_flag, change_message, content_type_id, user_id) FROM stdin;
\.


--
-- Data for Name: django_content_type; Type: TABLE DATA; Schema: public; Owner: postgres
--

COPY public.django_content_type (id, app_label, model) FROM stdin;
1	admin	logentry
2	auth	permission
3	auth	group
4	auth	user
5	contenttypes	contenttype
6	sessions	session
7	reporting	followup
8	reporting	schedule
9	reporting	history
10	reporting	userprofile
11	reporting	company
12	reporting	department
13	reporting	schedulefile
14	reporting	historyfile
15	reporting	deliveryitem
16	reporting	usercompany
17	reporting	funnelstage
18	reporting	product
19	reporting	opportunitytracking
20	reporting	quote
21	reporting	quoteitem
22	reporting	prepayment
23	reporting	prepaymentusage
24	reporting	personalschedule
\.


--
-- Data for Name: django_migrations; Type: TABLE DATA; Schema: public; Owner: postgres
--

COPY public.django_migrations (id, app, name, applied) FROM stdin;
1	contenttypes	0001_initial	2025-06-19 02:04:57.56612+00
2	auth	0001_initial	2025-06-19 02:04:57.888033+00
3	admin	0001_initial	2025-06-19 02:04:58.033238+00
4	admin	0002_logentry_remove_auto_add	2025-06-19 02:04:58.048509+00
5	admin	0003_logentry_add_action_flag_choices	2025-06-19 02:04:58.066491+00
6	contenttypes	0002_remove_content_type_name	2025-06-19 02:04:58.105749+00
7	auth	0002_alter_permission_name_max_length	2025-06-19 02:04:58.129439+00
8	auth	0003_alter_user_email_max_length	2025-06-19 02:04:58.150729+00
9	auth	0004_alter_user_username_opts	2025-06-19 02:04:58.166123+00
10	auth	0005_alter_user_last_login_null	2025-06-19 02:04:58.18935+00
11	auth	0006_require_contenttypes_0002	2025-06-19 02:04:58.202066+00
12	auth	0007_alter_validators_add_error_messages	2025-06-19 02:04:58.223299+00
13	auth	0008_alter_user_username_max_length	2025-06-19 02:04:58.259579+00
14	auth	0009_alter_user_last_name_max_length	2025-06-19 02:04:58.283532+00
15	auth	0010_alter_group_name_max_length	2025-06-19 02:04:58.305252+00
16	auth	0011_update_proxy_permissions	2025-06-19 02:04:58.321759+00
17	auth	0012_alter_user_first_name_max_length	2025-06-19 02:04:58.345426+00
18	reporting	0001_initial	2025-06-19 02:04:58.531213+00
19	reporting	0002_followup_address_followup_department_and_more	2025-06-19 02:04:58.584029+00
20	reporting	0003_followup_notes	2025-06-19 02:04:58.6186+00
21	reporting	0004_history_new_value_history_old_value_and_more	2025-06-19 02:04:58.67876+00
22	reporting	0005_alter_history_action_type_alter_history_followup	2025-06-19 02:04:58.741264+00
23	reporting	0006_alter_history_action_type	2025-06-19 02:04:58.759892+00
24	reporting	0007_history_delivery_amount_alter_history_action_type_and_more	2025-06-19 02:04:58.7991+00
25	reporting	0008_followup_phone_number	2025-06-19 02:04:58.821819+00
26	reporting	0009_userprofile	2025-06-19 02:04:58.886765+00
27	reporting	0010_followup_email_followup_manager	2025-06-19 02:04:58.917979+00
28	reporting	0011_history_tax_invoice_issued	2025-06-19 02:04:58.985499+00
29	reporting	0012_history_delivery_items	2025-06-19 02:04:59.016517+00
30	reporting	0013_history_delivery_date	2025-06-19 02:04:59.046352+00
31	reporting	0014_history_meeting_date	2025-06-19 02:04:59.074288+00
32	sessions	0001_initial	2025-06-19 02:04:59.167728+00
33	reporting	0015_alter_history_action_type	2025-06-20 07:37:09.652303+00
34	reporting	0016_history_service_status	2025-07-16 03:02:09.657901+00
55	reporting	0017_company_alter_followup_company_department_and_more	2025-07-27 00:44:39.430804+00
56	reporting	0018_alter_followup_company	2025-07-27 00:44:39.430804+00
57	reporting	0019_company_created_by_department_created_by_and_more	2025-07-27 00:44:39.430804+00
59	reporting	0021_history_created_by	2025-07-27 00:44:39.430804+00
60	reporting	0022_followup_address_followup_department_and_more	2025-07-27 00:44:39.430804+00
61	reporting	0023_followup_notes	2025-07-27 00:44:39.430804+00
62	reporting	0024_history_new_value_history_old_value_and_more	2025-07-27 00:44:39.430804+00
63	reporting	0025_alter_history_action_type_alter_history_followup	2025-07-27 00:44:39.430804+00
58	reporting	0020_auto_20250722_1553	2025-07-27 00:44:39.430804+00
64	reporting	0021_schedule_activity_type	2025-07-27 00:51:58.775928+00
65	reporting	0022_alter_schedule_activity_type	2025-07-27 00:51:58.797039+00
66	reporting	0023_alter_history_action_type	2025-07-27 00:51:58.815486+00
67	reporting	0024_alter_history_followup	2025-07-27 00:51:58.854727+00
68	reporting	0025_add_history_created_by	2025-07-27 00:51:58.89884+00
69	reporting	0026_historyfile	2025-07-31 23:31:11.229267+00
70	reporting	0027_schedulefile	2025-07-31 23:31:11.302361+00
71	reporting	0028_userprofile_can_download_excel	2025-08-01 21:45:37.726655+00
72	reporting	0029_deliveryitem	2025-09-16 00:06:57.167169+00
73	reporting	0030_deliveryitem_history_alter_deliveryitem_schedule	2025-09-16 00:06:57.22514+00
74	reporting	0031_alter_followup_priority	2025-09-16 00:06:57.240443+00
75	reporting	0032_auto_20250916_0701	2025-09-16 00:06:57.475828+00
76	reporting	0033_auto_20250916_0705	2025-09-16 00:06:57.535505+00
77	reporting	0034_history_parent_history	2025-09-16 00:06:57.57987+00
78	reporting	0035_alter_history_parent_history	2025-09-16 00:06:57.60033+00
79	reporting	0036_deliveryitem_tax_invoice_issued	2025-09-18 04:28:56.592049+00
80	reporting	0037_auto_20250917_0658	2025-09-18 04:28:56.610942+00
81	reporting	0038_usercompany_alter_followup_priority_and_more	2025-09-21 05:22:44.770136+00
82	reporting	0039_funnelstage_product_opportunitytracking_quote_and_more	2025-10-30 21:01:54.52076+00
83	reporting	0040_schedule_expected_close_date_and_more	2025-10-30 21:01:55.454098+00
84	reporting	0041_alter_schedule_activity_type	2025-10-30 21:01:55.582073+00
85	reporting	0042_schedule_purchase_confirmed	2025-10-30 21:01:56.234317+00
86	reporting	0043_opportunitytracking_backlog_amount_and_more	2025-10-30 21:01:57.117439+00
87	reporting	0044_remove_opportunitytracking_revenue_amount_and_more	2025-10-30 21:01:57.688621+00
88	reporting	0045_opportunitytracking_title_and_more	2025-10-30 21:01:59.000761+00
89	reporting	0046_opportunitytracking_created_at	2025-10-30 21:01:59.548403+00
90	reporting	0047_prepayment_prepaymentusage	2025-10-31 07:52:05.1747+00
91	reporting	0048_schedule_prepayment_schedule_prepayment_amount_and_more	2025-10-31 07:52:05.241222+00
92	reporting	0049_deliveryitem_product	2025-11-10 00:39:43.734827+00
93	reporting	0050_alter_product_category_alter_product_name_and_more	2025-11-10 00:39:43.75224+00
94	reporting	0051_alter_product_options_remove_product_category_and_more	2025-11-10 00:39:43.769666+00
95	reporting	0052_remove_product_name	2025-11-10 00:39:43.77908+00
96	reporting	0053_alter_quoteitem_product	2025-11-10 00:39:43.811562+00
97	reporting	0054_update_funnel_stages	2025-11-15 07:14:29.016605+00
98	reporting	0055_performance_indexes	2025-11-16 01:04:25.246841+00
99	reporting	0056_personalschedule_remove_company_company_name_idx_and_more	2025-11-17 07:38:10.845022+00
\.


--
-- Data for Name: django_session; Type: TABLE DATA; Schema: public; Owner: postgres
--

COPY public.django_session (session_key, session_data, expire_date) FROM stdin;
xh61ef88nzb08dj6zr1a4rnsxr9qqcc8	.eJxVjMsOwiAQRf-FtSEgDg-X7vsNZBgYqRqalHZl_HfbpAvd3nPOfYuI61Lj2sscxyyuwojT75aQnqXtID-w3SdJU1vmMcldkQftcphyed0O9--gYq9bTQCBmS0ZUJod6YQXBMPZpBJyAp_U2RFsgIIuHpicImOdJfZoOIjPFwP1OKQ:1ubamP:Zjocp_UtYlbDIyv23fpk-XW41oly_n9p79fiL2UTrE0	2025-07-29 08:12:49.548241+00
gkfqtmp58brhv4csdgcx9hwh5fawtok4	.eJxVjMsOwiAQRf-FtSEgDg-X7vsNZBgYqRqalHZl_HfbpAvd3nPOfYuI61Lj2sscxyyuwojT75aQnqXtID-w3SdJU1vmMcldkQftcphyed0O9--gYq9bTQCBmS0ZUJod6YQXBMPZpBJyAp_U2RFsgIIuHpicImOdJfZoOIjPFwP1OKQ:1us6y2:RQsr7BSYES_QvYqnGiuzL_Qh55fJEPU6fdLjsQMfzG8	2025-09-12 21:49:06.143612+00
fnorr8jcwf7b7xornuube48thh1auud5	.eJxVjDsOwjAQRO_iGlmO_6GkzxmstXeNA8iW4qRC3J1ESgHlzHszbxZgW0vYOi1hRnZlkl1-uwjpSfUA-IB6bzy1ui5z5IfCT9r51JBet9P9OyjQy74WIxBhtCopCUlkIAHOOYE2Cy-dlKMVbvAGfd6DBKW1NsqQtSabPCD7fAHjeTdA:1uSqXi:F_BFEd0F20Gdz1RhD1kMpZsk_YU6sD-34lRRGpXCZVw	2025-07-05 05:13:30.51342+00
i72llgxuinpnrsdar9b3u0phovg6u6n8	.eJxVjMsOwiAQRf-FtSEgDg-X7vsNZBgYqRqalHZl_HfbpAvd3nPOfYuI61Lj2sscxyyuwojT75aQnqXtID-w3SdJU1vmMcldkQftcphyed0O9--gYq9bTQCBmS0ZUJod6YQXBMPZpBJyAp_U2RFsgIIuHpicImOdJfZoOIjPFwP1OKQ:1ubcXt:aG-hNlCwXXbhwwXKeLnJ0fWzXdbFqQbPG96ICdIQ9sc	2025-07-29 10:05:57.178675+00
fetqivf5s55oow799t1t2kyfr6t5vuts	.eJxVjDsOwjAQRO_iGlmO_6GkzxmstXeNA8iW4qRC3J1ESgHlzHszbxZgW0vYOi1hRnZlkl1-uwjpSfUA-IB6bzy1ui5z5IfCT9r51JBet9P9OyjQy74WIxBhtCopCUlkIAHOOYE2Cy-dlKMVbvAGfd6DBKW1NsqQtSabPCD7fAHjeTdA:1uT2pP:KO3NquFOvDUcE51HosnY7RNflmibDK1WMNCqFNc6LEc	2025-07-05 18:20:35.782272+00
6hq979qfzo6fsl9tgz76q6yrnaxvauhs	.eJxVjDsOwyAQBe9CHaEVrPmkTJ8zIBaW4CTCkrErK3ePkFwk7ZuZd4gQ962GvfMa5iyuAsXld6OYXtwGyM_YHotMS9vWmeRQ5Em7vC-Z37fT_TuosddRI5NVBi1rTwYKUHLkyRr2PAFMyiEWq5kBLCoXvXbgMyLr5ItLJD5f2tE3jg:1uTL0L:uMSZn1wypm82bl9TzT-A1YPlrchKTvFKozd5TPJoSJE	2025-07-06 13:45:05.029875+00
l4va0qsieoi83chjivp19jrsgaz452xm	.eJxVjDsOwyAQBe9CHaEVrPmkTJ8zIBaW4CTCkrErK3ePkFwk7ZuZd4gQ962GvfMa5iyuAsXld6OYXtwGyM_YHotMS9vWmeRQ5Em7vC-Z37fT_TuosddRI5NVBi1rTwYKUHLkyRr2PAFMyiEWq5kBLCoXvXbgMyLr5ItLJD5f2tE3jg:1unoHt:7vwDwC_xiSSlKXWkdAFYJxgp-dfUVtYvdernmhPspv4	2025-09-01 01:03:49.11453+00
hj12bp3iu0l5ly6mqo102tilw7f32u9c	.eJxVjMsOwiAQRf-FtSEgDg-X7vsNZBgYqRqalHZl_HfbpAvd3nPOfYuI61Lj2sscxyyuwojT75aQnqXtID-w3SdJU1vmMcldkQftcphyed0O9--gYq9bTQCBmS0ZUJod6YQXBMPZpBJyAp_U2RFsgIIuHpicImOdJfZoOIjPFwP1OKQ:1ubeDi:sV2cCTLmuGGBvWsgI2vXZCIQplsKMQx92Cu-SdrKHaw	2025-07-29 11:53:14.928856+00
k9jjyfe9numynmlutmibwvz6s0eq461e	.eJxVjMsOwiAQRf-FtSEgDg-X7vsNZBgYqRqalHZl_HfbpAvd3nPOfYuI61Lj2sscxyyuwojT75aQnqXtID-w3SdJU1vmMcldkQftcphyed0O9--gYq9bTQCBmS0ZUJod6YQXBMPZpBJyAp_U2RFsgIIuHpicImOdJfZoOIjPFwP1OKQ:1uTVS6:Vxa7lyaPqaMtnS1urJNeN8kznjcM33-zQyUzv2JuX8c	2025-07-07 00:54:26.35284+00
nw3h8xmeu11tycn75bt4lni9d7bcn9o0	.eJxVjDsOwjAQRO_iGlmO_6GkzxmstXeNA8iW4qRC3J1ESgHlzHszbxZgW0vYOi1hRnZlkl1-uwjpSfUA-IB6bzy1ui5z5IfCT9r51JBet9P9OyjQy74WIxBhtCopCUlkIAHOOYE2Cy-dlKMVbvAGfd6DBKW1NsqQtSabPCD7fAHjeTdA:1uSAHo:Xi8Ux0CV6Kdifv7Bsq9E6ev6SP1I6UHIJAdJqzXxM2c	2025-07-03 08:06:16.084768+00
kp4e7qusgdf7kvy70zwd6bdk7pg5ezx4	.eJxVjMsOwiAQRf-FtSEgDg-X7vsNZBgYqRqalHZl_HfbpAvd3nPOfYuI61Lj2sscxyyuwojT75aQnqXtID-w3SdJU1vmMcldkQftcphyed0O9--gYq9bTQCBmS0ZUJod6YQXBMPZpBJyAp_U2RFsgIIuHpicImOdJfZoOIjPFwP1OKQ:1uTXcF:pB97G-MnVL7aqra6T6yRNS6QpPqRThbExCYLykEP2Go	2025-07-07 03:13:03.808368+00
lb0og16p46td1wubtz4aw5ut4uneng2r	.eJxVjMsOwiAQRf-FtSEgDg-X7vsNZBgYqRqalHZl_HfbpAvd3nPOfYuI61Lj2sscxyyuwojT75aQnqXtID-w3SdJU1vmMcldkQftcphyed0O9--gYq9bTQCBmS0ZUJod6YQXBMPZpBJyAp_U2RFsgIIuHpicImOdJfZoOIjPFwP1OKQ:1ubrZb:m5mpBB-ZuFUR2fZL6zWDeGwk_JgqYX6EEeYJ3QvT7xk	2025-07-30 02:08:43.919406+00
5mployxtx6o3irwazuys1i09p531pkk9	.eJxVjMsOwiAQRf-FtSEgDg-X7vsNZBgYqRqalHZl_HfbpAvd3nPOfYuI61Lj2sscxyyuwojT75aQnqXtID-w3SdJU1vmMcldkQftcphyed0O9--gYq9bTQCBmS0ZUJod6YQXBMPZpBJyAp_U2RFsgIIuHpicImOdJfZoOIjPFwP1OKQ:1uTrhh:N-SZyrT7IO5u6O-6Hm0hYqA9O-aB2VF437Chrz-MW70	2025-07-08 00:40:01.571855+00
mmg3uv5embv2p407hnvpigl6foj8k3p5	.eJxVjDsOwyAQBe9CHaEVrPmkTJ8zIBaW4CTCkrErK3ePkFwk7ZuZd4gQ962GvfMa5iyuAsXld6OYXtwGyM_YHotMS9vWmeRQ5Em7vC-Z37fT_TuosddRI5NVBi1rTwYKUHLkyRr2PAFMyiEWq5kBLCoXvXbgMyLr5ItLJD5f2tE3jg:1uSAmH:6BsijplSpJHpSgCnGAS9DfJ0jO-iF0GPBPi_daFuY7g	2025-07-03 08:37:45.782191+00
hokb7oakp8aglb37oi9hrmcobi6a3nww	.eJxVjDsOwyAQBe9CHaEVrPmkTJ8zIBaW4CTCkrErK3ePkFwk7ZuZd4gQ962GvfMa5iyuAsXld6OYXtwGyM_YHotMS9vWmeRQ5Em7vC-Z37fT_TuosddRI5NVBi1rTwYKUHLkyRr2PAFMyiEWq5kBLCoXvXbgMyLr5ItLJD5f2tE3jg:1uW33S:THhLYM3vbUjwxAoh_CNS2LD2lQHQ-ok-WKSZLT96icU	2025-07-14 01:11:30.497436+00
nxhb0di7113p6bi3bulfccjo3hvlanob	.eJxVjDsOwjAQRO_iGlmO_6GkzxmstXeNA8iW4qRC3J1ESgHlzHszbxZgW0vYOi1hRnZlkl1-uwjpSfUA-IB6bzy1ui5z5IfCT9r51JBet9P9OyjQy74WIxBhtCopCUlkIAHOOYE2Cy-dlKMVbvAGfd6DBKW1NsqQtSabPCD7fAHjeTdA:1uXwIO:gx6nCtfpLtkQx2dD3_rLZpeD3nUU_9qy5wWq3sn0Lto	2025-07-19 06:22:44.429545+00
7yw81l5vcck7ikdy5rapf5262adu37e7	.eJxVjMsOwiAQRf-FtSE8ijO4dN9vIMNApWogKe3K-O_apAvd3nPOfYlA21rC1vMS5iQuQovT7xaJH7nuIN2p3prkVtdljnJX5EG7HFvKz-vh_h0U6uVbK--dHRLDkJAzkzVolEcgVOjZIDKyA-fAZHCMns5gUU8xRpicUlq8P8QyNwY:1uaswN:yhmF3uWD-92vORRv6nvRzoeZV5AWIT-kZiXRj9akj0Y	2025-07-27 09:24:11.103106+00
c1nvlss6w722h109vpy3cxvii0ft710c	.eJxVjMsOwiAQRf-FtSEgDg-X7vsNZBgYqRqalHZl_HfbpAvd3nPOfYuI61Lj2sscxyyuwojT75aQnqXtID-w3SdJU1vmMcldkQftcphyed0O9--gYq9bTQCBmS0ZUJod6YQXBMPZpBJyAp_U2RFsgIIuHpicImOdJfZoOIjPFwP1OKQ:1uYMpe:L-DCgOVP_mZrsgwucd7DvLqFoOZWoJ3fOViRnt7UGK0	2025-07-20 10:42:50.101328+00
rr0xzb18k42z8qm4fqriud1dne4jgz5m	.eJxVjDsOwjAQBe_iGln-fyjpOYO19q5xADlSnFSIu0OkFNC-mXkvlmBbW9oGLWlCdmaWnX63DOVBfQd4h36beZn7ukyZ7wo_6ODXGel5Ody_gwajfWvhSKOUIWiyEEVFb21UShZfUBtHvnihAhmQxpWolckGo1UQaqzBScPeH8WdNvg:1uSOsw:QGrppvIkZelsrlQtE8Jt2T6pgYXrUgn3aLiWse3xtok	2025-07-03 23:41:34.319961+00
irjc5apvs7pd2al5z8tjqxamzldbof2o	.eJxVjDsOwyAQBe9CHaEVrPmkTJ8zIBaW4CTCkrErK3ePkFwk7ZuZd4gQ962GvfMa5iyuAsXld6OYXtwGyM_YHotMS9vWmeRQ5Em7vC-Z37fT_TuosddRI5NVBi1rTwYKUHLkyRr2PAFMyiEWq5kBLCoXvXbgMyLr5ItLJD5f2tE3jg:1uYaFt:KMa6ftbDbcF0LNarV4FKi0cI14jASPL2yfsvEcwi30E	2025-07-21 01:02:49.136223+00
f1kdfwi1newgu6ijnwmik8al8zzvtg6p	.eJxVjDsOwyAQBe9CHaEVrPmkTJ8zIBaW4CTCkrErK3ePkFwk7ZuZd4gQ962GvfMa5iyuAsXld6OYXtwGyM_YHotMS9vWmeRQ5Em7vC-Z37fT_TuosddRI5NVBi1rTwYKUHLkyRr2PAFMyiEWq5kBLCoXvXbgMyLr5ItLJD5f2tE3jg:1ub7XJ:l8Q1n1KG5y8jj1d1NP08-rtOFyfHPiplGZf3aQ7S3xk	2025-07-28 00:59:17.640319+00
pj8owp4aks7zs0uf3apiwqjtcokd8wuu	.eJxVjDsOwyAQBe9CHaEVrPmkTJ8zIBaW4CTCkrErK3ePkFwk7ZuZd4gQ962GvfMa5iyuAsXld6OYXtwGyM_YHotMS9vWmeRQ5Em7vC-Z37fT_TuosddRI5NVBi1rTwYKUHLkyRr2PAFMyiEWq5kBLCoXvXbgMyLr5ItLJD5f2tE3jg:1uYaaL:2moypnQTgS3CyI5jfXUP2vxtQWGLAYPHlMKW_gKnRRI	2025-07-21 01:23:57.638618+00
735l59a0hz0triq8tyksc38k565u8497	.eJxVjMsOwiAQRf-FtSEgDg-X7vsNZBgYqRqalHZl_HfbpAvd3nPOfYuI61Lj2sscxyyuwojT75aQnqXtID-w3SdJU1vmMcldkQftcphyed0O9--gYq9bTQCBmS0ZUJod6YQXBMPZpBJyAp_U2RFsgIIuHpicImOdJfZoOIjPFwP1OKQ:1uYweX:hwPgcMgVAwbliaM6NqpOvbRbuQ4-GHdQtU1tBnsWYVo	2025-07-22 00:57:45.634933+00
ca1agw1ttbag17pvh0krqixumqo2sqdy	.eJxVjDsOwjAQRO_iGlmO_6GkzxmstXeNA8iW4qRC3J1ESgHlzHszbxZgW0vYOi1hRnZlkl1-uwjpSfUA-IB6bzy1ui5z5IfCT9r51JBet9P9OyjQy74WIxBhtCopCUlkIAHOOYE2Cy-dlKMVbvAGfd6DBKW1NsqQtSabPCD7fAHjeTdA:1uZMu1:6w-CQPuB1YtlPEMwiKu6n6uOzgyqeSC60g_tS7MddTU	2025-07-23 04:59:29.251139+00
5yycai6qdgs5pgyw9y1tu2izqpa6l34j	.eJxVjDsOwjAQRO_iGlmO_6GkzxmstXeNA8iW4qRC3J1ESgHlzHszbxZgW0vYOi1hRnZlkl1-uwjpSfUA-IB6bzy1ui5z5IfCT9r51JBet9P9OyjQy74WIxBhtCopCUlkIAHOOYE2Cy-dlKMVbvAGfd6DBKW1NsqQtSabPCD7fAHjeTdA:1uaa7E:rB2P5GpfEtUj2BAxfrWwkPL0qs1xG0rXnCfpLdCHMow	2025-07-26 13:18:08.189697+00
j52pk8x9xxe6j8ngkww2vbyknop8gbm5	.eJxVjMsOwiAQRf-FtSEgDg-X7vsNZBgYqRqalHZl_HfbpAvd3nPOfYuI61Lj2sscxyyuwojT75aQnqXtID-w3SdJU1vmMcldkQftcphyed0O9--gYq9bTQCBmS0ZUJod6YQXBMPZpBJyAp_U2RFsgIIuHpicImOdJfZoOIjPFwP1OKQ:1ucBK1:4a9pwiKPz22fXubN_2J_Bou0eVkZ42S2jjjgNYNLOzI	2025-07-30 23:13:57.912704+00
yg4eo3baij6wvait9mddsoyoe7xr941a	.eJxVjMsOwiAQRf-FtSEgDg-X7vsNZBgYqRqalHZl_HfbpAvd3nPOfYuI61Lj2sscxyyuwojT75aQnqXtID-w3SdJU1vmMcldkQftcphyed0O9--gYq9bTQCBmS0ZUJod6YQXBMPZpBJyAp_U2RFsgIIuHpicImOdJfZoOIjPFwP1OKQ:1uzMq3:hU7oyLWy9FAJ3zroESKhqJ35bc5WbN39hH7bgiRTzWo	2025-10-02 22:10:51.307859+00
zbdkd5tmbzi814bc0ujg90zyymcfn8d2	.eJxVjMsOwiAQRf-FtSEgDg-X7vsNZBgYqRqalHZl_HfbpAvd3nPOfYuI61Lj2sscxyyuwojT75aQnqXtID-w3SdJU1vmMcldkQftcphyed0O9--gYq9bTQCBmS0ZUJod6YQXBMPZpBJyAp_U2RFsgIIuHpicImOdJfZoOIjPFwP1OKQ:1v2PRv:PRlRxO_c0PcyxBZW1acAA8rjo3lFVoY5j5vD7owYosg	2025-10-11 07:34:31.499235+00
nxnyv8oj0tytlq8joe6n5kvqwjre615m	.eJxVjMsOwiAQRf-FtSEgDg-X7vsNZBgYqRqalHZl_HfbpAvd3nPOfYuI61Lj2sscxyyuwojT75aQnqXtID-w3SdJU1vmMcldkQftcphyed0O9--gYq9bTQCBmS0ZUJod6YQXBMPZpBJyAp_U2RFsgIIuHpicImOdJfZoOIjPFwP1OKQ:1uw8Dt:YS1gWUTYAJiBpN4L0jXFGePns5y6_8rU7z0jWTbkFjk	2025-09-23 23:58:05.296965+00
7oimuifaxfo2urer8qxfol2hpo35wtr8	.eJxVjMsOwiAQRf-FtSEgDg-X7vsNZBgYqRqalHZl_HfbpAvd3nPOfYuI61Lj2sscxyyuwojT75aQnqXtID-w3SdJU1vmMcldkQftcphyed0O9--gYq9bTQCBmS0ZUJod6YQXBMPZpBJyAp_U2RFsgIIuHpicImOdJfZoOIjPFwP1OKQ:1v5AG2:_d7OVFa21Tb6mDO103-2vvvxQiQ_ZBxOtnIE94VL7BI	2025-10-18 21:57:38.796197+00
rcpbrjwq9pv6nnpv6uiq63vo848ucnsj	.eJxVjMsOwiAQRf-FtSEgDg-X7vsNZBgYqRqalHZl_HfbpAvd3nPOfYuI61Lj2sscxyyuwojT75aQnqXtID-w3SdJU1vmMcldkQftcphyed0O9--gYq9bTQCBmS0ZUJod6YQXBMPZpBJyAp_U2RFsgIIuHpicImOdJfZoOIjPFwP1OKQ:1ucDIG:2c-qcwTb3XN0OhK-uwm_zDRnJlWjToOTfx3zRVpzLvE	2025-07-31 01:20:16.330781+00
alr22917a7k6gl3tkjfpdo37qbla7olr	.eJxVjMsOwiAQRf-FtSEgDg-X7vsNZBgYqRqalHZl_HfbpAvd3nPOfYuI61Lj2sscxyyuwojT75aQnqXtID-w3SdJU1vmMcldkQftcphyed0O9--gYq9bTQCBmS0ZUJod6YQXBMPZpBJyAp_U2RFsgIIuHpicImOdJfZoOIjPFwP1OKQ:1v6wqF:VZ9dvFQ7WTg7DuVIFgVhysfR7G2pj92dXRHOGXYgJCo	2025-10-23 20:02:23.155562+00
ol8y7xo1zxicjk0l30letfq40sqb6df4	.eJxVjMsOwiAQRf-FtSEgDg-X7vsNZBgYqRqalHZl_HfbpAvd3nPOfYuI61Lj2sscxyyuwojT75aQnqXtID-w3SdJU1vmMcldkQftcphyed0O9--gYq9bTQCBmS0ZUJod6YQXBMPZpBJyAp_U2RFsgIIuHpicImOdJfZoOIjPFwP1OKQ:1uhy1P:MHYthfhdJd04xFEq5S7TEa7n_eEs7pzYDKwRKIzGVtw	2025-08-15 22:14:39.724339+00
8f5isjaxt0w8px7ub5ctw9rf9x7qrpxa	.eJxVjMsOwiAQRf-FtSEgDg-X7vsNZBgYqRqalHZl_HfbpAvd3nPOfYuI61Lj2sscxyyuwojT75aQnqXtID-w3SdJU1vmMcldkQftcphyed0O9--gYq9bTQCBmS0ZUJod6YQXBMPZpBJyAp_U2RFsgIIuHpicImOdJfZoOIjPFwP1OKQ:1uwSUF:anvIVnQkUcS212iRS0baZmVrqhiY2H6YsME05tYkGmU	2025-09-24 21:36:19.252113+00
kyain3yjnogmenzke1dzb0djeoslz8rc	.eJxVjMsOwiAQRf-FtSEgDg-X7vsNZBgYqRqalHZl_HfbpAvd3nPOfYuI61Lj2sscxyyuwojT75aQnqXtID-w3SdJU1vmMcldkQftcphyed0O9--gYq9bTQCBmS0ZUJod6YQXBMPZpBJyAp_U2RFsgIIuHpicImOdJfZoOIjPFwP1OKQ:1ucOoE:Fwh7jaWBmBaSIt8GyAwhmiH02TTfk0u7Udyury4PA-E	2025-07-31 13:38:02.980875+00
si06kpszel8j20mj809ofch362boj3ua	.eJxVjMsOwiAQRf-FtSEgDg-X7vsNZBgYqRqalHZl_HfbpAvd3nPOfYuI61Lj2sscxyyuwojT75aQnqXtID-w3SdJU1vmMcldkQftcphyed0O9--gYq9bTQCBmS0ZUJod6YQXBMPZpBJyAp_U2RFsgIIuHpicImOdJfZoOIjPFwP1OKQ:1ufvYb:n1mnLluFwGTv_TPeGUSWLArFeUE8osC22BDzkhfnBLI	2025-08-10 07:12:29.308809+00
41jnzw6inrdussvdviu1l71s8emo4rje	.eJxVjMsOwiAQRf-FtSEgDg-X7vsNZBgYqRqalHZl_HfbpAvd3nPOfYuI61Lj2sscxyyuwojT75aQnqXtID-w3SdJU1vmMcldkQftcphyed0O9--gYq9bTQCBmS0ZUJod6YQXBMPZpBJyAp_U2RFsgIIuHpicImOdJfZoOIjPFwP1OKQ:1ujQVp:H_PlAND-uhjGUqbCvC0va7pXUdxWF5uju3F_GgjyFXA	2025-08-19 22:52:05.385641+00
z80u2pqwtuqkrc22sqc1bvgpjq4zboyz	.eJxVjMsOwiAQRf-FtSE8ijO4dN9vIMNApWogKe3K-O_apAvd3nPOfYlA21rC1vMS5iQuQovT7xaJH7nuIN2p3prkVtdljnJX5EG7HFvKz-vh_h0U6uVbK--dHRLDkJAzkzVolEcgVOjZIDKyA-fAZHCMns5gUU8xRpicUlq8P8QyNwY:1uhyPJ:r8UhV0_ZXumB5SHql29LqWrhVrhUBx7tSiuF80FO8Gk	2025-08-15 22:39:21.144265+00
5sy7zxhl4tjbisedgei1y8hcykmrt1t3	.eJxVjDsOwjAQRO_iGlmO_6GkzxmstXeNA8iW4qRC3J1ESgHlzHszbxZgW0vYOi1hRnZlkl1-uwjpSfUA-IB6bzy1ui5z5IfCT9r51JBet9P9OyjQy74WIxBhtCopCUlkIAHOOYE2Cy-dlKMVbvAGfd6DBKW1NsqQtSabPCD7fAHjeTdA:1v7Yja:tUwnX_wwJi9m9oP_d_sqnt5D74ZMwMyEFGsaOex0iH4	2025-10-25 12:30:02.53662+00
ubfakpn61bf0lgxgsok9w3gyyaixmtou	.eJxVjMsOwiAQRf-FtSEgDg-X7vsNZBgYqRqalHZl_HfbpAvd3nPOfYuI61Lj2sscxyyuwojT75aQnqXtID-w3SdJU1vmMcldkQftcphyed0O9--gYq9bTQCBmS0ZUJod6YQXBMPZpBJyAp_U2RFsgIIuHpicImOdJfZoOIjPFwP1OKQ:1uoHnA:SBg2gpn2Wrd0gDIWgDh2J4xFCL3tJ6q6xqt0HB7FOoI	2025-09-02 08:34:04.555699+00
vs8x4pe13nwufjzkjp8ue8fsfg3mrp4f	.eJxVjMsOwiAQRf-FtSEgDg-X7vsNZBgYqRqalHZl_HfbpAvd3nPOfYuI61Lj2sscxyyuwojT75aQnqXtID-w3SdJU1vmMcldkQftcphyed0O9--gYq9bTQCBmS0ZUJod6YQXBMPZpBJyAp_U2RFsgIIuHpicImOdJfZoOIjPFwP1OKQ:1uwzcV:Kd-LRo589qynrS66emKm9SceLKXuhL4fT6N6LNx1Usw	2025-09-26 08:59:03.968553+00
xdckjkk9a309ct8evqbsglmbcf6s5bwo	.eJxVjMsOwiAQRf-FtSEgDg-X7vsNZBgYqRqalHZl_HfbpAvd3nPOfYuI61Lj2sscxyyuwojT75aQnqXtID-w3SdJU1vmMcldkQftcphyed0O9--gYq9bTQCBmS0ZUJod6YQXBMPZpBJyAp_U2RFsgIIuHpicImOdJfZoOIjPFwP1OKQ:1ucYGv:WETFdSh8VF-tdvhLkU2vCC6CtsSV6EEmQqPsB4JWbO8	2025-07-31 23:44:17.712843+00
iavl5dkx0ne8uh0ait15f721nm85kvwe	.eJxVjMsOwiAQRf-FtSEgDg-X7vsNZBgYqRqalHZl_HfbpAvd3nPOfYuI61Lj2sscxyyuwojT75aQnqXtID-w3SdJU1vmMcldkQftcphyed0O9--gYq9bTQCBmS0ZUJod6YQXBMPZpBJyAp_U2RFsgIIuHpicImOdJfZoOIjPFwP1OKQ:1ufw59:4hKOjV7e18dq2915iAd2A0eFtPhELONj6ZKtCY82IOM	2025-08-10 07:46:07.950431+00
irlhspqntg23qxxj93setj4zk8y04amu	.eJxVjMsOwiAQRf-FtSEgDg-X7vsNZBgYqRqalHZl_HfbpAvd3nPOfYuI61Lj2sscxyyuwojT75aQnqXtID-w3SdJU1vmMcldkQftcphyed0O9--gYq9bTQCBmS0ZUJod6YQXBMPZpBJyAp_U2RFsgIIuHpicImOdJfZoOIjPFwP1OKQ:1ujlgY:DXDRLg9U9rASdDGdrmI41l3aGZiMIixMwekSdR6mAr8	2025-08-20 21:28:34.477138+00
e00ttuuyx5tmbj88ne1hva6zr1b76dtm	.eJxVjMsOwiAQRf-FtSEgDg-X7vsNZBgYqRqalHZl_HfbpAvd3nPOfYuI61Lj2sscxyyuwojT75aQnqXtID-w3SdJU1vmMcldkQftcphyed0O9--gYq9bTQCBmS0ZUJod6YQXBMPZpBJyAp_U2RFsgIIuHpicImOdJfZoOIjPFwP1OKQ:1uszx8:ghXkOPbNYD3B4maVfmwnwWo9z38IDByZcoWgEaSTXAA	2025-09-15 08:31:50.376665+00
0mnwvdjtc6h1jvak35t6l4c5fnbaa64l	.eJxVjMsOwiAQRf-FtSEgDg-X7vsNZBgYqRqalHZl_HfbpAvd3nPOfYuI61Lj2sscxyyuwojT75aQnqXtID-w3SdJU1vmMcldkQftcphyed0O9--gYq9bTQCBmS0ZUJod6YQXBMPZpBJyAp_U2RFsgIIuHpicImOdJfZoOIjPFwP1OKQ:1upeXV:AbCBmI9wAJjyKokHszsTM_i8MaJ3ly46Mnt3sQl5A2c	2025-09-06 03:03:33.863298+00
ibdgcyqcr39zvk6i1q8aqxu95ggpyccj	.eJxVjDsOwjAQRO_iGlmO_6GkzxmstXeNA8iW4qRC3J1ESgHlzHszbxZgW0vYOi1hRnZlkl1-uwjpSfUA-IB6bzy1ui5z5IfCT9r51JBet9P9OyjQy74WIxBhtCopCUlkIAHOOYE2Cy-dlKMVbvAGfd6DBKW1NsqQtSabPCD7fAHjeTdA:1v86dP:8V9rhwPoM6_DkzSjfVwZR5AJfmHvntcc0cThgOP_AKA	2025-10-27 00:41:55.332657+00
ox9g0jqp7639ppdgjvcx0ohjfw18llzk	.eJxVjDsOwjAQRO_iGlmO_6GkzxmstXeNA8iW4qRC3J1ESgHlzHszbxZgW0vYOi1hRnZlkl1-uwjpSfUA-IB6bzy1ui5z5IfCT9r51JBet9P9OyjQy74WIxBhtCopCUlkIAHOOYE2Cy-dlKMVbvAGfd6DBKW1NsqQtSabPCD7fAHjeTdA:1uxKvn:qN1OgQLMIgYHtHu9aDHVSpnl9mkzSja36hDczrKVyQU	2025-09-27 07:44:23.503528+00
ivrqjw6a4gtkzu3fq2ia6n0zovxrqj7f	.eJxVjMsOwiAQRf-FtSEgDg-X7vsNZBgYqRqalHZl_HfbpAvd3nPOfYuI61Lj2sscxyyuwojT75aQnqXtID-w3SdJU1vmMcldkQftcphyed0O9--gYq9bTQCBmS0ZUJod6YQXBMPZpBJyAp_U2RFsgIIuHpicImOdJfZoOIjPFwP1OKQ:1ud3FN:-rP1jLJ67t0gAMiKQI4_X2OJ5R_33eGpwNJ5VoKFX1Q	2025-08-02 08:48:45.851698+00
viheouhi4erpl8twemlvzup8a95lin7n	.eJxVjMsOwiAQRf-FtSEgDg-X7vsNZBgYqRqalHZl_HfbpAvd3nPOfYuI61Lj2sscxyyuwojT75aQnqXtID-w3SdJU1vmMcldkQftcphyed0O9--gYq9bTQCBmS0ZUJod6YQXBMPZpBJyAp_U2RFsgIIuHpicImOdJfZoOIjPFwP1OKQ:1uk9Kn:0LA1wTDiYkdRVz7XSy_V5ayEatfOhRyH7lnXeLH-Vzw	2025-08-21 22:43:41.529297+00
y0bqw2iw58v8faaq8md218ufrgwmyzaf	.eJxVjMsOwiAQRf-FtSEgDg-X7vsNZBgYqRqalHZl_HfbpAvd3nPOfYuI61Lj2sscxyyuwojT75aQnqXtID-w3SdJU1vmMcldkQftcphyed0O9--gYq9bTQCBmS0ZUJod6YQXBMPZpBJyAp_U2RFsgIIuHpicImOdJfZoOIjPFwP1OKQ:1utJ8R:6ISrQf1pG1UCZwk457p7z3qpbzmPSfIfvm3rrq6swPk	2025-09-16 05:00:47.128164+00
4js92ck170v027c1o62krn53xi4hjbap	.eJxVjMsOwiAQRf-FtSEgDg-X7vsNZBgYqRqalHZl_HfbpAvd3nPOfYuI61Lj2sscxyyuwojT75aQnqXtID-w3SdJU1vmMcldkQftcphyed0O9--gYq9bTQCBmS0ZUJod6YQXBMPZpBJyAp_U2RFsgIIuHpicImOdJfZoOIjPFwP1OKQ:1upiHF:zAFf3Sp3MxY8Md2DyaWlBgAFjQIuMG4ZTX5ryl-EnzA	2025-09-06 07:03:01.048563+00
bik372ux6bhmh9fa3nfuotnak4qo2xhi	.eJxVjDsOwjAQRO_iGlmO_6GkzxmstXeNA8iW4qRC3J1ESgHlzHszbxZgW0vYOi1hRnZlkl1-uwjpSfUA-IB6bzy1ui5z5IfCT9r51JBet9P9OyjQy74WIxBhtCopCUlkIAHOOYE2Cy-dlKMVbvAGfd6DBKW1NsqQtSabPCD7fAHjeTdA:1v8BgE:ywf__oC7EOcGLCUkGTP-6qGoihqA7-xdwLuek5YorIA	2025-10-27 06:05:10.264499+00
t6dh7lbs187eazsdsm485f5m1gt1709n	.eJxVjMsOwiAQRf-FtSEgDg-X7vsNZBgYqRqalHZl_HfbpAvd3nPOfYuI61Lj2sscxyyuwojT75aQnqXtID-w3SdJU1vmMcldkQftcphyed0O9--gYq9bTQCBmS0ZUJod6YQXBMPZpBJyAp_U2RFsgIIuHpicImOdJfZoOIjPFwP1OKQ:1uxcMr:-oSlr7QuGFXvlsYALzNXfq7jbbPV8vWeRf2gOny70j0	2025-09-28 02:21:29.347432+00
bqkhmqwfjvaro6t4wkbh4nmzlarljc66	.eJxVjMsOwiAQRf-FtSE8ijO4dN9vIMNApWogKe3K-O_apAvd3nPOfYlA21rC1vMS5iQuQovT7xaJH7nuIN2p3prkVtdljnJX5EG7HFvKz-vh_h0U6uVbK--dHRLDkJAzkzVolEcgVOjZIDKyA-fAZHCMns5gUU8xRpicUlq8P8QyNwY:1v2fRO:mKvDEypeovWpUtiurX3rS68FswfQNHQ7gW1LGemaRAA	2025-10-12 00:39:02.663908+00
qy4r843fvc69laxcf2w6nj34uldlx047	.eJxVjMsOwiAQRf-FtSEgDg-X7vsNZBgYqRqalHZl_HfbpAvd3nPOfYuI61Lj2sscxyyuwojT75aQnqXtID-w3SdJU1vmMcldkQftcphyed0O9--gYq9bTQCBmS0ZUJod6YQXBMPZpBJyAp_U2RFsgIIuHpicImOdJfZoOIjPFwP1OKQ:1vDIWA:Uyvg-Cn_ZQTX-b7meaM1xO0R-pyEPIKB6BwhlUmG6CM	2025-11-10 08:23:54.969448+00
dvj8z37uu8kiktlx0aot3bcc6iwapzxx	.eJxVjDsOwjAQRO_iGlmO_6GkzxmstXeNA8iW4qRC3J1ESgHlzHszbxZgW0vYOi1hRnZlkl1-uwjpSfUA-IB6bzy1ui5z5IfCT9r51JBet9P9OyjQy74WIxBhtCopCUlkIAHOOYE2Cy-dlKMVbvAGfd6DBKW1NsqQtSabPCD7fAHjeTdA:1ukBRI:Go8Q9BRXHTz3huZLqkea6LNR_2CYoq3CuKPkaAkNw-c	2025-08-22 00:58:32.993162+00
5imv14oxvf19iavquqqpc34g0e1odokb	.eJxVjMsOwiAQRf-FtSEgDg-X7vsNZBgYqRqalHZl_HfbpAvd3nPOfYuI61Lj2sscxyyuwojT75aQnqXtID-w3SdJU1vmMcldkQftcphyed0O9--gYq9bTQCBmS0ZUJod6YQXBMPZpBJyAp_U2RFsgIIuHpicImOdJfZoOIjPFwP1OKQ:1utxMF:XUL2gb0qqCEUeqwT9ikIIKAyc_iSurhneJVto_zmCqc	2025-09-17 23:57:43.141875+00
pl2k2lmjru9yo9c2wv9veypag4m98duy	.eJxVjDsOwyAQBe9CHaEVrPmkTJ8zIBaW4CTCkrErK3ePkFwk7ZuZd4gQ962GvfMa5iyuAsXld6OYXtwGyM_YHotMS9vWmeRQ5Em7vC-Z37fT_TuosddRI5NVBi1rTwYKUHLkyRr2PAFMyiEWq5kBLCoXvXbgMyLr5ItLJD5f2tE3jg:1upicM:BEu8jF6mnXVMFHs495g-7hx-l3rF7RypEPDEM9OydlU	2025-09-06 07:24:50.836126+00
zzbkngv5vs3djx0nqjr0cp2ioobz2b54	.eJxVjMsOwiAQRf-FtSEgDg-X7vsNZBgYqRqalHZl_HfbpAvd3nPOfYuI61Lj2sscxyyuwojT75aQnqXtID-w3SdJU1vmMcldkQftcphyed0O9--gYq9bTQCBmS0ZUJod6YQXBMPZpBJyAp_U2RFsgIIuHpicImOdJfZoOIjPFwP1OKQ:1uxfyW:JqB7hrGHEkQlXkpLpGDEUDPjDh2m4AUPnKGnbUD6lQ0	2025-09-28 06:12:36.186442+00
xnr2jckf0zzx8k74lfni4ugky0lbom8b	.eJxVjMsOwiAQRf-FtSEgDg-X7vsNZBgYqRqalHZl_HfbpAvd3nPOfYuI61Lj2sscxyyuwojT75aQnqXtID-w3SdJU1vmMcldkQftcphyed0O9--gYq9bTQCBmS0ZUJod6YQXBMPZpBJyAp_U2RFsgIIuHpicImOdJfZoOIjPFwP1OKQ:1v31VR:dEmC2N66Cz7lWQFzPzp1wPQjoxekIpeTfBlrou349jI	2025-10-13 00:12:41.540641+00
m1y66tm7dm6tyo8re885rlxf86xkfhos	.eJxVjMsOwiAQRf-FtSEgDg-X7vsNZBgYqRqalHZl_HfbpAvd3nPOfYuI61Lj2sscxyyuwojT75aQnqXtID-w3SdJU1vmMcldkQftcphyed0O9--gYq9bTQCBmS0ZUJod6YQXBMPZpBJyAp_U2RFsgIIuHpicImOdJfZoOIjPFwP1OKQ:1ufxls:XUeSuXRsR9uCyJQwwhJD_Uy9O7EMpKLtSFqKpciUMxE	2025-08-10 09:34:20.594916+00
hc4by2cu63xtzrnzo7umf1j9op4l29kt	.eJxVjMsOwiAQRf-FtSEgDg-X7vsNZBgYqRqalHZl_HfbpAvd3nPOfYuI61Lj2sscxyyuwojT75aQnqXtID-w3SdJU1vmMcldkQftcphyed0O9--gYq9bTQCBmS0ZUJod6YQXBMPZpBJyAp_U2RFsgIIuHpicImOdJfZoOIjPFwP1OKQ:1ukaXE:8CYMgMbPHVQi0OJ3tDUH2HTE0o2fSwiSkh4enTCwCCQ	2025-08-23 03:46:20.291401+00
vtddoai7yuwp961u9nsqccli4wuqkirp	.eJxVjEEOwiAQRe_C2hCmgKUu3fcMZGYYbNVAUtqV8e7apAvd_vfef6mI2zrFrckS56Quqlen342QH1J2kO5YblVzLesyk94VfdCmx5rkeT3cv4MJ2_StM9gAIZGIAfHINIjt8IzZ5YDMiKbzHTGQTeR64MEE62wCCRLAeVbvDxE5OKs:1uiXHk:EIwNPYMCgikZws7OgosFjv6SpNQMBR87ROaX9qsqMaE	2025-08-17 11:53:52.88797+00
xqu8tdspfe4np0sgpgdvr7ii0zgvh3t4	.eJxVjDsOwjAQRO_iGlmO_6GkzxmstXeNA8iW4qRC3J1ESgHlzHszbxZgW0vYOi1hRnZlkl1-uwjpSfUA-IB6bzy1ui5z5IfCT9r51JBet9P9OyjQy74WIxBhtCopCUlkIAHOOYE2Cy-dlKMVbvAGfd6DBKW1NsqQtSabPCD7fAHjeTdA:1vAdKw:TjX5Fskrk2CdjxT9U5KjEX6KMMsyvu7PnA-HE18RiaI	2025-11-03 00:01:18.353461+00
gthsei901ukriskxj8efx04ei8nwyqnr	.eJxVjMsOwiAQRf-FtSEgDg-X7vsNZBgYqRqalHZl_HfbpAvd3nPOfYuI61Lj2sscxyyuwojT75aQnqXtID-w3SdJU1vmMcldkQftcphyed0O9--gYq9bTQCBmS0ZUJod6YQXBMPZpBJyAp_U2RFsgIIuHpicImOdJfZoOIjPFwP1OKQ:1upuLg:uscfGRsrbFJJGLlWWjin-5jycAXvTyn2HaxtutCrb-g	2025-09-06 19:56:24.638997+00
dqkyvy4fgumfu9q96rvot3i3ovwb2trp	.eJxVjDsOwjAQRO_iGlmO_6GkzxmstXeNA8iW4qRC3J1ESgHlzHszbxZgW0vYOi1hRnZlkl1-uwjpSfUA-IB6bzy1ui5z5IfCT9r51JBet9P9OyjQy74WIxBhtCopCUlkIAHOOYE2Cy-dlKMVbvAGfd6DBKW1NsqQtSabPCD7fAHjeTdA:1ukz6t:avyvdXzvpmtL8IViVwAU7fIZAIq8PhBipBCEiCwD648	2025-08-24 06:00:47.090147+00
t6b349j200d9ktkjpxotx7zxk4svhh2j	.eJxVjMsOwiAQRf-FtSE8ijO4dN9vIMNApWogKe3K-O_apAvd3nPOfYlA21rC1vMS5iQuQovT7xaJH7nuIN2p3prkVtdljnJX5EG7HFvKz-vh_h0U6uVbK--dHRLDkJAzkzVolEcgVOjZIDKyA-fAZHCMns5gUU8xRpicUlq8P8QyNwY:1uiXIp:S8yzDRs1VJPziJy0NUSEYaAkrVUvdAKqPa2K_KEUswA	2025-08-17 11:54:59.159491+00
jfv8qnkg7t7z122ugckyly9at9dfnuyi	.eJxVjMsOwiAQRf-FtSEgDg-X7vsNZBgYqRqalHZl_HfbpAvd3nPOfYuI61Lj2sscxyyuwojT75aQnqXtID-w3SdJU1vmMcldkQftcphyed0O9--gYq9bTQCBmS0ZUJod6YQXBMPZpBJyAp_U2RFsgIIuHpicImOdJfZoOIjPFwP1OKQ:1uq4QC:9v13uiGeHp5S6JpbrBF8NW48hx9pyGfzUTEDe8AJNh4	2025-09-07 06:41:44.554077+00
gk0p1fc0lno05ic1yo2bruzzl3niv2bj	.eJxVjMsOwiAQRf-FtSEgDg-X7vsNZBgYqRqalHZl_HfbpAvd3nPOfYuI61Lj2sscxyyuwojT75aQnqXtID-w3SdJU1vmMcldkQftcphyed0O9--gYq9bTQCBmS0ZUJod6YQXBMPZpBJyAp_U2RFsgIIuHpicImOdJfZoOIjPFwP1OKQ:1ulFRP:8BPRhzb0QrWjMbVd0olXmoXuogomWSH4Bc-xHhnmHik	2025-08-24 23:27:03.688748+00
y2gvrjzb0pxrvv6nh8yhlz8mazdux8c6	.eJxVjDsOwjAQRO_iGlmO_6GkzxmstXeNA8iW4qRC3J1ESgHlzHszbxZgW0vYOi1hRnZlkl1-uwjpSfUA-IB6bzy1ui5z5IfCT9r51JBet9P9OyjQy74WIxBhtCopCUlkIAHOOYE2Cy-dlKMVbvAGfd6DBKW1NsqQtSabPCD7fAHjeTdA:1uq4bB:6q8upYumhiSgY_9y4nOUUUA4_3gkrIqojtpW9ybpZMk	2025-09-07 06:53:05.876249+00
3kedy8kbh3znxilrr43u3u2lpm9oo3ai	.eJxVjMsOwiAQRf-FtSEgDg-X7vsNZBgYqRqalHZl_HfbpAvd3nPOfYuI61Lj2sscxyyuwojT75aQnqXtID-w3SdJU1vmMcldkQftcphyed0O9--gYq9bTQCBmS0ZUJod6YQXBMPZpBJyAp_U2RFsgIIuHpicImOdJfZoOIjPFwP1OKQ:1uy4j9:ip83KcKIOZOVccgqAFE3aXm-3x7hgP3d43HCX4-HAt0	2025-09-29 08:38:23.113869+00
e5dmpuyrfofxwzxuc2yt6pglb3mwwzfp	.eJxVjMsOwiAQRf-FtSEgDg-X7vsNZBgYqRqalHZl_HfbpAvd3nPOfYuI61Lj2sscxyyuwojT75aQnqXtID-w3SdJU1vmMcldkQftcphyed0O9--gYq9bTQCBmS0ZUJod6YQXBMPZpBJyAp_U2RFsgIIuHpicImOdJfZoOIjPFwP1OKQ:1udPs2:Ychmd_G6r_hf1j1ZTTBIADnfBylJZKA5s4B4O3aWUFs	2025-08-03 08:58:10.419438+00
s8aihm3e9ajrs9lhtof2ctot46gj88as	.eJxVjMsOwiAQRf-FtSEgDg-X7vsNZBgYqRqalHZl_HfbpAvd3nPOfYuI61Lj2sscxyyuwojT75aQnqXtID-w3SdJU1vmMcldkQftcphyed0O9--gYq9bTQCBmS0ZUJod6YQXBMPZpBJyAp_U2RFsgIIuHpicImOdJfZoOIjPFwP1OKQ:1ulfb4:jOsj9P3jbQbaOAyEa-bj8z0vixH6y7XD5ai1rXL5ITE	2025-08-26 03:22:46.532936+00
hyv97uu5zojnq2o6rwggi4b9xpm05aak	.eJxVjMsOwiAQRf-FtSEgDg-X7vsNZBgYqRqalHZl_HfbpAvd3nPOfYuI61Lj2sscxyyuwojT75aQnqXtID-w3SdJU1vmMcldkQftcphyed0O9--gYq9bTQCBmS0ZUJod6YQXBMPZpBJyAp_U2RFsgIIuHpicImOdJfZoOIjPFwP1OKQ:1udd5z:vJdBilPvTOg63m94mImFZdzM3NV5CCW4ygNEekVCF0Y	2025-08-03 23:05:27.085306+00
trxff213nsxu4nv6q2x3ndx8vpeszbe4	.eJxVjDsOwyAQBe9CHaEVrPmkTJ8zIBaW4CTCkrErK3ePkFwk7ZuZd4gQ962GvfMa5iyuAsXld6OYXtwGyM_YHotMS9vWmeRQ5Em7vC-Z37fT_TuosddRI5NVBi1rTwYKUHLkyRr2PAFMyiEWq5kBLCoXvXbgMyLr5ItLJD5f2tE3jg:1ugC3c:CtMZm3CI-o5Kn2tb4OYijToeB2qfjrirPAd2WZrLU7Q	2025-08-11 00:49:36.07177+00
3p3pay0k72ijxv8gx3nbxyet9ds072q7	.eJxVjMsOwiAQRf-FtSEgDg-X7vsNZBgYqRqalHZl_HfbpAvd3nPOfYuI61Lj2sscxyyuwojT75aQnqXtID-w3SdJU1vmMcldkQftcphyed0O9--gYq9bTQCBmS0ZUJod6YQXBMPZpBJyAp_U2RFsgIIuHpicImOdJfZoOIjPFwP1OKQ:1um1Vb:aSaEjgoVZLkHF1fIeyEC9NftSLewNA0-vi6gjKJAMc0	2025-08-27 02:46:35.855631+00
f4l9d3yd1bomqarby53alcloy6ak86bg	.eJxVjMsOwiAQRf-FtSEgDg-X7vsNZBgYqRqalHZl_HfbpAvd3nPOfYuI61Lj2sscxyyuwojT75aQnqXtID-w3SdJU1vmMcldkQftcphyed0O9--gYq9bTQCBmS0ZUJod6YQXBMPZpBJyAp_U2RFsgIIuHpicImOdJfZoOIjPFwP1OKQ:1v0Ddp:SHVW1TXdJ_mUE1vYmimTmezo1wYUhJcOd_VeeYKBdxE	2025-10-05 06:33:45.382115+00
vll53p77jh4f6l4szssmnp0v75cz92m3	.eJxVjDsOwyAQBe9CHaEVrPmkTJ8zIBaW4CTCkrErK3ePkFwk7ZuZd4gQ962GvfMa5iyuAsXld6OYXtwGyM_YHotMS9vWmeRQ5Em7vC-Z37fT_TuosddRI5NVBi1rTwYKUHLkyRr2PAFMyiEWq5kBLCoXvXbgMyLr5ItLJD5f2tE3jg:1vAe6v:0uN0eaBDe-lTrdOrDqe72Gk3r973m8l4GVQQGarvWt0	2025-11-03 00:50:53.981436+00
l51ni221lun7g7784y4ruofbtp7plagi	.eJxVjMsOwiAQRf-FtSEgDg-X7vsNZBgYqRqalHZl_HfbpAvd3nPOfYuI61Lj2sscxyyuwojT75aQnqXtID-w3SdJU1vmMcldkQftcphyed0O9--gYq9bTQCBmS0ZUJod6YQXBMPZpBJyAp_U2RFsgIIuHpicImOdJfZoOIjPFwP1OKQ:1udzf8:C_bJvE0YLzkd9f0VawYwcL2p9OxcR_CUx5NNux6o3SE	2025-08-04 23:11:14.309046+00
zo2o39orgbnne5y6dv5bxk4v06hgm2sb	.eJxVjMsOwiAQRf-FtSEgDg-X7vsNZBgYqRqalHZl_HfbpAvd3nPOfYuI61Lj2sscxyyuwojT75aQnqXtID-w3SdJU1vmMcldkQftcphyed0O9--gYq9bTQCBmS0ZUJod6YQXBMPZpBJyAp_U2RFsgIIuHpicImOdJfZoOIjPFwP1OKQ:1umOoj:_W-MwBiMOnrVKHOqGwGFeFTQGF6sFLu3g2PffKLmLZc	2025-08-28 03:39:53.503851+00
zbrrfkebinjpese3gxax9x8bj0hnmj5n	.eJxVjDsOwyAQBe9CHaEVrPmkTJ8zIBaW4CTCkrErK3ePkFwk7ZuZd4gQ962GvfMa5iyuAsXld6OYXtwGyM_YHotMS9vWmeRQ5Em7vC-Z37fT_TuosddRI5NVBi1rTwYKUHLkyRr2PAFMyiEWq5kBLCoXvXbgMyLr5ItLJD5f2tE3jg:1uqLE7:hSDs4grPZVkePyjssB4RYKmG862egJht19zTUrP5lYY	2025-09-08 00:38:23.76588+00
8bvf759pfsu2sdmk2vuliw78rykermt4	.eJxVjMsOwiAQRf-FtSEgDg-X7vsNZBgYqRqalHZl_HfbpAvd3nPOfYuI61Lj2sscxyyuwojT75aQnqXtID-w3SdJU1vmMcldkQftcphyed0O9--gYq9bTQCBmS0ZUJod6YQXBMPZpBJyAp_U2RFsgIIuHpicImOdJfZoOIjPFwP1OKQ:1uyIxT:PW3034Jh4Nfh11_tyNMpoV0sENXLgJXe4HpVHa_F82U	2025-09-29 23:50:07.052071+00
2cazae4jt1zn2lqx5nq07ya88x604jid	.eJxVjMsOwiAQRf-FtSEgDg-X7vsNZBgYqRqalHZl_HfbpAvd3nPOfYuI61Lj2sscxyyuwojT75aQnqXtID-w3SdJU1vmMcldkQftcphyed0O9--gYq9bTQCBmS0ZUJod6YQXBMPZpBJyAp_U2RFsgIIuHpicImOdJfZoOIjPFwP1OKQ:1ueMdB:3MBpv25qTsWGXlAWdg4O--GNpRQimteqnQLcMWd0TvY	2025-08-05 23:42:45.437974+00
ituw8cbyba0tpr116afn6cx6sllkh9rm	.eJxVjMsOwiAQRf-FtSEgDg-X7vsNZBgYqRqalHZl_HfbpAvd3nPOfYuI61Lj2sscxyyuwojT75aQnqXtID-w3SdJU1vmMcldkQftcphyed0O9--gYq9bTQCBmS0ZUJod6YQXBMPZpBJyAp_U2RFsgIIuHpicImOdJfZoOIjPFwP1OKQ:1uuIJr:1M0xufuDIa7Kyxkxyb6NNak4j0p7Qpm5anUwnPN-umk	2025-09-18 22:20:39.485697+00
6h70p68hhxb6dihw0k80d1206vld7jpf	.eJxVjMsOwiAQRf-FtSEgDg-X7vsNZBgYqRqalHZl_HfbpAvd3nPOfYuI61Lj2sscxyyuwojT75aQnqXtID-w3SdJU1vmMcldkQftcphyed0O9--gYq9bTQCBmS0ZUJod6YQXBMPZpBJyAp_U2RFsgIIuHpicImOdJfZoOIjPFwP1OKQ:1umhcA:fVEYbmKASP0wBXcp_in1gZDYyhIhNzJuEJ6m5Sh2Kng	2025-08-28 23:44:10.144093+00
4xj5vetnssyqmdco0zp8kymgtsdsrowr	.eJxVjDsOwyAQBe9CHaEVrPmkTJ8zIBaW4CTCkrErK3ePkFwk7ZuZd4gQ962GvfMa5iyuAsXld6OYXtwGyM_YHotMS9vWmeRQ5Em7vC-Z37fT_TuosddRI5NVBi1rTwYKUHLkyRr2PAFMyiEWq5kBLCoXvXbgMyLr5ItLJD5f2tE3jg:1uqLFR:5LLFDjXHjIJSiziWMGJX2PZesZZ9Xi5-fsnS9oLdF38	2025-09-08 00:39:45.654051+00
xa0yo6qyudszvyruikwkcfpgtl0o9336	.eJxVjMsOwiAQRf-FtSEgDg-X7vsNZBgYqRqalHZl_HfbpAvd3nPOfYuI61Lj2sscxyyuwojT75aQnqXtID-w3SdJU1vmMcldkQftcphyed0O9--gYq9bTQCBmS0ZUJod6YQXBMPZpBJyAp_U2RFsgIIuHpicImOdJfZoOIjPFwP1OKQ:1uyNLJ:b1mrra1il2QbPJ8YVIYg9UyKcEnVAoKgEW4hFsIWWc8	2025-09-30 04:31:01.326846+00
9xays5qtj1k55p3f5mlflfl9pzvh83no	.eJxVjDsOwjAQRO_iGlmO_6GkzxmstXeNA8iW4qRC3J1ESgHlzHszbxZgW0vYOi1hRnZlkl1-uwjpSfUA-IB6bzy1ui5z5IfCT9r51JBet9P9OyjQy74WIxBhtCopCUlkIAHOOYE2Cy-dlKMVbvAGfd6DBKW1NsqQtSabPCD7fAHjeTdA:1ueTuG:1yg9dtZ7mMD5-jFb-ZFrvnPQsffcRq5iFlA565vivSs	2025-08-06 07:28:52.570953+00
aa8hy2fvrl503m4pbgkiip0lowjs8grp	.eJxVjMsOwiAQRf-FtSEgDg-X7vsNZBgYqRqalHZl_HfbpAvd3nPOfYuI61Lj2sscxyyuwojT75aQnqXtID-w3SdJU1vmMcldkQftcphyed0O9--gYq9bTQCBmS0ZUJod6YQXBMPZpBJyAp_U2RFsgIIuHpicImOdJfZoOIjPFwP1OKQ:1ugIuc:zRAn_2ukEtZrk2s9gb6FizpCQQCnA5QnTHd4iy4axf0	2025-08-11 08:08:46.847449+00
nrenlnhwv0wtaep9frjkchy39py02clj	.eJxVjMsOwiAQRf-FtSEgDg-X7vsNZBgYqRqalHZl_HfbpAvd3nPOfYuI61Lj2sscxyyuwojT75aQnqXtID-w3SdJU1vmMcldkQftcphyed0O9--gYq9bTQCBmS0ZUJod6YQXBMPZpBJyAp_U2RFsgIIuHpicImOdJfZoOIjPFwP1OKQ:1un3EC:4oChkw6CNeWPdHbagqw1nv2xCWlCs3wGphtbX8OWZvY	2025-08-29 22:48:52.058044+00
hj8riuklf8kkas3czq6b65mkbb6v1n78	.eJxVjDsOwjAQRO_iGlmO_6GkzxmstXeNA8iW4qRC3J1ESgHlzHszbxZgW0vYOi1hRnZlkl1-uwjpSfUA-IB6bzy1ui5z5IfCT9r51JBet9P9OyjQy74WIxBhtCopCUlkIAHOOYE2Cy-dlKMVbvAGfd6DBKW1NsqQtSabPCD7fAHjeTdA:1uuP6g:HJmJmcjhr5cnAI9kmCdVUoF4yopLixpdAuiMW2bEi9k	2025-09-19 05:35:30.710502+00
7r16938sg9qs3a6m5dierz15o9xmxovh	.eJxVjDsOwyAQBe9CHaEVrPmkTJ8zIBaW4CTCkrErK3ePkFwk7ZuZd4gQ962GvfMa5iyuAsXld6OYXtwGyM_YHotMS9vWmeRQ5Em7vC-Z37fT_TuosddRI5NVBi1rTwYKUHLkyRr2PAFMyiEWq5kBLCoXvXbgMyLr5ItLJD5f2tE3jg:1v0Uwo:646HgFoqPgdqnyM1l50MpjlTbBjp6D5QM8sWubyvuR4	2025-10-06 01:02:30.519522+00
rzb62j9rbqe67o04l0oevij2q4o39k0c	.eJxVjMsOwiAQRf-FtSEgDg-X7vsNZBgYqRqalHZl_HfbpAvd3nPOfYuI61Lj2sscxyyuwojT75aQnqXtID-w3SdJU1vmMcldkQftcphyed0O9--gYq9bTQCBmS0ZUJod6YQXBMPZpBJyAp_U2RFsgIIuHpicImOdJfZoOIjPFwP1OKQ:1uyd6p:p4FUrLaCDkmb0ym2BmqVVpBxP9Skhjpi-xuLbMs4qU8	2025-09-30 21:21:07.072979+00
26n15c1ke2h1v7rdiq8weofnhc3v8pv8	.eJxVjMsOwiAQRf-FtSEgDg-X7vsNZBgYqRqalHZl_HfbpAvd3nPOfYuI61Lj2sscxyyuwojT75aQnqXtID-w3SdJU1vmMcldkQftcphyed0O9--gYq9bTQCBmS0ZUJod6YQXBMPZpBJyAp_U2RFsgIIuHpicImOdJfZoOIjPFwP1OKQ:1v3N2l:vD0ssugAuD2VhPrIZVv1tjdD--533bYWcNnMCyJ4HTI	2025-10-13 23:12:31.069794+00
s94rbweu4p37fy6eu1xb65m9pidmi3xe	.eJxVjMsOwiAQRf-FtSEgDg-X7vsNZBgYqRqalHZl_HfbpAvd3nPOfYuI61Lj2sscxyyuwojT75aQnqXtID-w3SdJU1vmMcldkQftcphyed0O9--gYq9bTQCBmS0ZUJod6YQXBMPZpBJyAp_U2RFsgIIuHpicImOdJfZoOIjPFwP1OKQ:1ueiBv:VwDl-WeoKIMrYtBZlzuOGbocZj3rTYJCQz8wbSJxuRU	2025-08-06 22:44:03.461544+00
uj3andp2f5mx5dswsma9hhjfzxay5c1p	.eJxVjDsOwyAQBe9CHaEVrPmkTJ8zIBaW4CTCkrErK3ePkFwk7ZuZd4gQ962GvfMa5iyuAsXld6OYXtwGyM_YHotMS9vWmeRQ5Em7vC-Z37fT_TuosddRI5NVBi1rTwYKUHLkyRr2PAFMyiEWq5kBLCoXvXbgMyLr5ItLJD5f2tE3jg:1vAesM:CgYvNk80xJ0t1_iA1uvDVp7hNBV7znWlYpJJ8hkSK8w	2025-11-03 01:39:54.995067+00
0g9ssgs5vjv9mcewjfeped3rqb42gyta	.eJxVjMsOwiAQRf-FtSEgDg-X7vsNZBgYqRqalHZl_HfbpAvd3nPOfYuI61Lj2sscxyyuwojT75aQnqXtID-w3SdJU1vmMcldkQftcphyed0O9--gYq9bTQCBmS0ZUJod6YQXBMPZpBJyAp_U2RFsgIIuHpicImOdJfZoOIjPFwP1OKQ:1uqgLA:XWr3uI1KY8eBc49AXtlB56eFvGZo9HBllWhBV3jK4g8	2025-09-08 23:11:04.013997+00
y7isqvi5mm7np04on94lkur89ooo1hc3	.eJxVjMsOwiAQRf-FtSEgDg-X7vsNZBgYqRqalHZl_HfbpAvd3nPOfYuI61Lj2sscxyyuwojT75aQnqXtID-w3SdJU1vmMcldkQftcphyed0O9--gYq9bTQCBmS0ZUJod6YQXBMPZpBJyAp_U2RFsgIIuHpicImOdJfZoOIjPFwP1OKQ:1v477W:N1cXAidQq_Bt21076_UQzf57BlqIND_RHxAP5Z3_4fY	2025-10-16 00:24:30.341674+00
730x4vlvp1h5n2vmjdjupaxfsdq1bc9y	.eJxVjMsOwiAQRf-FtSEgDg-X7vsNZBgYqRqalHZl_HfbpAvd3nPOfYuI61Lj2sscxyyuwojT75aQnqXtID-w3SdJU1vmMcldkQftcphyed0O9--gYq9bTQCBmS0ZUJod6YQXBMPZpBJyAp_U2RFsgIIuHpicImOdJfZoOIjPFwP1OKQ:1uf5Lh:HSQOd1GIx7xTK1iG5-a8G3cfbKVd1TLrlQ4l88WA7Sk	2025-08-07 23:27:41.877154+00
v54b9fqyjoi6pww5kpqf5c3p1ab3srz4	.eJxVjDsOwyAQBe9CHaEVrPmkTJ8zIBaW4CTCkrErK3ePkFwk7ZuZd4gQ962GvfMa5iyuAsXld6OYXtwGyM_YHotMS9vWmeRQ5Em7vC-Z37fT_TuosddRI5NVBi1rTwYKUHLkyRr2PAFMyiEWq5kBLCoXvXbgMyLr5ItLJD5f2tE3jg:1un4FI:yjifWnMPp0XGAJ3k4nJUC6giQEbn7XPXG9sPAs2ZFsY	2025-08-29 23:54:04.318891+00
51ht2iye663b8h6dwsmww8jhcbt336sk	.eJxVjMsOwiAQRf-FtSEgDg-X7vsNZBgYqRqalHZl_HfbpAvd3nPOfYuI61Lj2sscxyyuwojT75aQnqXtID-w3SdJU1vmMcldkQftcphyed0O9--gYq9bTQCBmS0ZUJod6YQXBMPZpBJyAp_U2RFsgIIuHpicImOdJfZoOIjPFwP1OKQ:1uul75:iee8f9eu5pdSFrGZ8Oe-0oAJiuvK6ySZXSUmjBSDlD0	2025-09-20 05:05:23.531449+00
ddmyy2davru7c5v4ftitssdweqb6ov35	.eJxVjMsOwiAQRf-FtSEgDg-X7vsNZBgYqRqalHZl_HfbpAvd3nPOfYuI61Lj2sscxyyuwojT75aQnqXtID-w3SdJU1vmMcldkQftcphyed0O9--gYq9bTQCBmS0ZUJod6YQXBMPZpBJyAp_U2RFsgIIuHpicImOdJfZoOIjPFwP1OKQ:1v4T4D:9Txw5R827cGB9oEwqSbgWDfDpj4LRHgZidRrvtPsL1g	2025-10-16 23:50:33.104939+00
bv84sb3h3d3wv9k1l8rmt0owm11erun6	.eJxVjMsOwiAQRf-FtSEgDg-X7vsNZBgYqRqalHZl_HfbpAvd3nPOfYuI61Lj2sscxyyuwojT75aQnqXtID-w3SdJU1vmMcldkQftcphyed0O9--gYq9bTQCBmS0ZUJod6YQXBMPZpBJyAp_U2RFsgIIuHpicImOdJfZoOIjPFwP1OKQ:1ufU43:Iw-_L93emLOxXdQghFOuTxDOV5GPyivHK9xqTZFzYAE	2025-08-09 01:51:07.883199+00
muvvq3w4d63gaqj5l473tm0ur82fo0kz	.eJxVjEEOwiAQRe_C2hCmgKUu3fcMZGYYbNVAUtqV8e7apAvd_vfef6mI2zrFrckS56Quqlen342QH1J2kO5YblVzLesyk94VfdCmx5rkeT3cv4MJ2_StM9gAIZGIAfHINIjt8IzZ5YDMiKbzHTGQTeR64MEE62wCCRLAeVbvDxE5OKs:1ugstF:yGKz2wDYx6_GFRRtDxATthrgrc2REMpvuBYxpgwS5V0	2025-08-12 22:33:45.09159+00
h4p2u1yallsj30q28ip54ic8lvsl8kjs	.eJxVjMsOwiAQRf-FtSEgDg-X7vsNZBgYqRqalHZl_HfbpAvd3nPOfYuI61Lj2sscxyyuwojT75aQnqXtID-w3SdJU1vmMcldkQftcphyed0O9--gYq9bTQCBmS0ZUJod6YQXBMPZpBJyAp_U2RFsgIIuHpicImOdJfZoOIjPFwP1OKQ:1uuls6:7sUuPGX6rhg46Qj_WH4Jk6iMcRAa8IWXeQt68JWymgo	2025-09-20 05:53:58.290943+00
9f13ow1nks01vfwml62bo50ehrxwrdxk	.eJxVjDsOwyAQBe9CHaEVrPmkTJ8zIBaW4CTCkrErK3ePkFwk7ZuZd4gQ962GvfMa5iyuAsXld6OYXtwGyM_YHotMS9vWmeRQ5Em7vC-Z37fT_TuosddRI5NVBi1rTwYKUHLkyRr2PAFMyiEWq5kBLCoXvXbgMyLr5ItLJD5f2tE3jg:1v0Wf5:fIwwE9KS0BA0XKdE_vz4_8zk2ClKS_ghxOWbVSkBCCI	2025-10-06 02:52:19.635668+00
ta1y1mc05djnw3a6akdtm426hrdmhme7	.eJxVjMsOwiAQRf-FtSEgDg-X7vsNZBgYqRqalHZl_HfbpAvd3nPOfYuI61Lj2sscxyyuwojT75aQnqXtID-w3SdJU1vmMcldkQftcphyed0O9--gYq9bTQCBmS0ZUJod6YQXBMPZpBJyAp_U2RFsgIIuHpicImOdJfZoOIjPFwP1OKQ:1ur1NG:JT_QMNvQwafSGlhDNYZN0TDBNiLDO8HM980uk8TV54g	2025-09-09 21:38:38.410191+00
i6674bvz72kgm50ba2sva6njhl9alswi	.eJxVjMsOwiAQRf-FtSEgDg-X7vsNZBgYqRqalHZl_HfbpAvd3nPOfYuI61Lj2sscxyyuwojT75aQnqXtID-w3SdJU1vmMcldkQftcphyed0O9--gYq9bTQCBmS0ZUJod6YQXBMPZpBJyAp_U2RFsgIIuHpicImOdJfZoOIjPFwP1OKQ:1uz6ts:U9bVW64U99Tw4HjMhyM4wQTQAdi2k4UwR9dEKouIIN0	2025-10-02 05:09:44.504988+00
j02aan4m85sw4mjvub52zmy38fud4arb	.eJxVjMsOwiAQRf-FtSEgDg-X7vsNZBgYqRqalHZl_HfbpAvd3nPOfYuI61Lj2sscxyyuwojT75aQnqXtID-w3SdJU1vmMcldkQftcphyed0O9--gYq9bTQCBmS0ZUJod6YQXBMPZpBJyAp_U2RFsgIIuHpicImOdJfZoOIjPFwP1OKQ:1vBUgg:ZhWTzHVQ2wim6dNZShzgtGITgLz3M_zhhTal6YbGhKw	2025-11-05 08:59:18.285732+00
yajlxtnkeiorb91x8v10l4cpemck88rx	.eJxVjMsOwiAQRf-FtSEgDg-X7vsNZBgYqRqalHZl_HfbpAvd3nPOfYuI61Lj2sscxyyuwojT75aQnqXtID-w3SdJU1vmMcldkQftcphyed0O9--gYq9bTQCBmS0ZUJod6YQXBMPZpBJyAp_U2RFsgIIuHpicImOdJfZoOIjPFwP1OKQ:1v4YHA:ykQpz1x4W0NAJbF1gZY0DfEVvwRWntTddzlIrcjqE14	2025-10-17 05:24:16.805846+00
q6k0zqcl8a7vh4c18vnkmxx0inemlbwb	.eJxVjMsOwiAQRf-FtSEgDg-X7vsNZBgYqRqalHZl_HfbpAvd3nPOfYuI61Lj2sscxyyuwojT75aQnqXtID-w3SdJU1vmMcldkQftcphyed0O9--gYq9bTQCBmS0ZUJod6YQXBMPZpBJyAp_U2RFsgIIuHpicImOdJfZoOIjPFwP1OKQ:1unPOL:Tr6AEaC__Ulh9xuxD1W8M75ydMTBjjRdSn85z8nYTfw	2025-08-30 22:28:49.851394+00
ce6kob572443e7au43q0fyjtpd2gtag5	.eJxVjDsOwjAQRO_iGlmO_6GkzxmstXeNA8iW4qRC3J1ESgHlzHszbxZgW0vYOi1hRnZlkl1-uwjpSfUA-IB6bzy1ui5z5IfCT9r51JBet9P9OyjQy74WIxBhtCopCUlkIAHOOYE2Cy-dlKMVbvAGfd6DBKW1NsqQtSabPCD7fAHjeTdA:1vCe58:0m1kfvMAMWXextPMQ6ucwyEfgr1cfC5t9lqDyJj_GH0	2025-11-08 13:13:18.487855+00
3qf3qxqj8orfqc23xliohecmphi4x4zh	.eJxVjMsOwiAQRf-FtSEgDg-X7vsNZBgYqRqalHZl_HfbpAvd3nPOfYuI61Lj2sscxyyuwojT75aQnqXtID-w3SdJU1vmMcldkQftcphyed0O9--gYq9bTQCBmS0ZUJod6YQXBMPZpBJyAp_U2RFsgIIuHpicImOdJfZoOIjPFwP1OKQ:1urO2q:9ITo7leYUZr99WLKcdDvDWZJD0sd7U9eBY4toe-3qHI	2025-09-10 21:51:04.181128+00
xrbecsfp06okwxq1ci8htrcd1ydwymag	.eJxVjMsOwiAQRf-FtSEgDg-X7vsNZBgYqRqalHZl_HfbpAvd3nPOfYuI61Lj2sscxyyuwojT75aQnqXtID-w3SdJU1vmMcldkQftcphyed0O9--gYq9bTQCBmS0ZUJod6YQXBMPZpBJyAp_U2RFsgIIuHpicImOdJfZoOIjPFwP1OKQ:1uz8c5:GBBC1i3yrD4UOBRfe54OsVQpC_2LhtKtNGHX5j1-Q-Q	2025-10-02 06:59:29.266927+00
1mwox7sld87ysr2d7dxkgl5p0kylrj4q	.eJxVjMsOwiAQRf-FtSEgDg-X7vsNZBgYqRqalHZl_HfbpAvd3nPOfYuI61Lj2sscxyyuwojT75aQnqXtID-w3SdJU1vmMcldkQftcphyed0O9--gYq9bTQCBmS0ZUJod6YQXBMPZpBJyAp_U2RFsgIIuHpicImOdJfZoOIjPFwP1OKQ:1uzAHt:HxpmTjbrOVTUZJ9UNfLj_ni5SxmD4AtnMCnNrDna8Xw	2025-10-02 08:46:45.947648+00
kbggpfq8dtga437auc2tumonukkb8o81	.eJxVjMsOwiAQRf-FtSEgDg-X7vsNZBgYqRqalHZl_HfbpAvd3nPOfYuI61Lj2sscxyyuwojT75aQnqXtID-w3SdJU1vmMcldkQftcphyed0O9--gYq9bTQCBmS0ZUJod6YQXBMPZpBJyAp_U2RFsgIIuHpicImOdJfZoOIjPFwP1OKQ:1ugtDY:mPHBWYpLU8Ps2FS58hTowBuu9avKNBCZbW13UjRefpI	2025-08-12 22:54:44.15403+00
4uqmmqr0jdlkmusb5z0s1uf84cow8mqg	.eJxVjDsOwyAQBe9CHaEVrPmkTJ8zIBaW4CTCkrErK3ePkFwk7ZuZd4gQ962GvfMa5iyuAsXld6OYXtwGyM_YHotMS9vWmeRQ5Em7vC-Z37fT_TuosddRI5NVBi1rTwYKUHLkyRr2PAFMyiEWq5kBLCoXvXbgMyLr5ItLJD5f2tE3jg:1unPsK:DKoDYnYfS28GZtKt3xBSZdYXROW5SYodbHcz6qGiiGg	2025-08-30 22:59:48.564122+00
dwstvk7zwi0tdegoy1kzo7xc5fw4t5a7	.eJxVjDsOwjAQRO_iGlmO_6GkzxmstXeNA8iW4qRC3J1ESgHlzHszbxZgW0vYOi1hRnZlkl1-uwjpSfUA-IB6bzy1ui5z5IfCT9r51JBet9P9OyjQy74WIxBhtCopCUlkIAHOOYE2Cy-dlKMVbvAGfd6DBKW1NsqQtSabPCD7fAHjeTdA:1v0ZEw:D-_lTdISo1F4C08YMCAVC-tHnq0yj_vmFN9xlkbgFSE	2025-10-06 05:37:30.969826+00
z23g4azw190rbfdoawlmr9tojp3swogk	.eJxVjMsOwiAQRf-FtSEgDg-X7vsNZBgYqRqalHZl_HfbpAvd3nPOfYuI61Lj2sscxyyuwojT75aQnqXtID-w3SdJU1vmMcldkQftcphyed0O9--gYq9bTQCBmS0ZUJod6YQXBMPZpBJyAp_U2RFsgIIuHpicImOdJfZoOIjPFwP1OKQ:1vDAFJ:WbDeuMFtgVM-G6J1g5b-xplwvVdKIP9INWxA1b_XiJU	2025-11-09 23:33:57.26794+00
jhp12wh9pa3lg1g1kwtucdwg1x8dponx	.eJxVjMsOwiAQRf-FtSEgDg-X7vsNZBgYqRqalHZl_HfbpAvd3nPOfYuI61Lj2sscxyyuwojT75aQnqXtID-w3SdJU1vmMcldkQftcphyed0O9--gYq9bTQCBmS0ZUJod6YQXBMPZpBJyAp_U2RFsgIIuHpicImOdJfZoOIjPFwP1OKQ:1unX5D:A0amkvlJdDJTGG3e4Kh1-Dy_112r_lB5pqx1wXU6jJc	2025-08-31 06:41:35.493176+00
xl9va2icoee47m8o7nv8unrpzixdt6v4	.eJxVjEEOwiAQRe_C2hCmgKUu3fcMZGYYbNVAUtqV8e7apAvd_vfef6mI2zrFrckS56Quqlen342QH1J2kO5YblVzLesyk94VfdCmx5rkeT3cv4MJ2_StM9gAIZGIAfHINIjt8IzZ5YDMiKbzHTGQTeR64MEE62wCCRLAeVbvDxE5OKs:1uhFnG:xWkEskD_n61qCY3q42HkuOi1ZdK3lN1BrThjcJXhXqY	2025-08-13 23:01:06.212474+00
3mpzeojtft99wdl1oyt7e0ltv71xwpc3	.eJxVjMsOwiAQRf-FtSEgDg-X7vsNZBgYqRqalHZl_HfbpAvd3nPOfYuI61Lj2sscxyyuwojT75aQnqXtID-w3SdJU1vmMcldkQftcphyed0O9--gYq9bTQCBmS0ZUJod6YQXBMPZpBJyAp_U2RFsgIIuHpicImOdJfZoOIjPFwP1OKQ:1ufrIp:4p-JfnR8FEV5mzDhcX-5VaSRh1lzEFnJnTL8FT_Q3Vw	2025-08-10 02:39:55.502632+00
rwgv8gtacfvtldjgnb1ey07elcgr1nls	.eJxVjDsOwyAQBe9CHaEVrPmkTJ8zIBaW4CTCkrErK3ePkFwk7ZuZd4gQ962GvfMa5iyuAsXld6OYXtwGyM_YHotMS9vWmeRQ5Em7vC-Z37fT_TuosddRI5NVBi1rTwYKUHLkyRr2PAFMyiEWq5kBLCoXvXbgMyLr5ItLJD5f2tE3jg:1uvQGc:8fWzURLWG3O-lLpRhBNLsvrcVPGwuZdnb_y2bQIfJik	2025-09-22 01:01:58.044267+00
z1673uysr93ovrw99def51moqkvixvva	.eJxVjMsOwiAQRf-FtSEgDg-X7vsNZBgYqRqalHZl_HfbpAvd3nPOfYuI61Lj2sscxyyuwojT75aQnqXtID-w3SdJU1vmMcldkQftcphyed0O9--gYq9bTQCBmS0ZUJod6YQXBMPZpBJyAp_U2RFsgIIuHpicImOdJfZoOIjPFwP1OKQ:1v0pBw:lMYEfz3E7mtNjzt9CADbTFEeO2_11gpYc8Ftd1ePvqg	2025-10-06 22:39:28.676368+00
w8tbtkkdji4l8wxbv59e5v482scoh0si	.eJxVjDsOwjAQRO_iGlmO_6GkzxmstXeNA8iW4qRC3J1ESgHlzHszbxZgW0vYOi1hRnZlkl1-uwjpSfUA-IB6bzy1ui5z5IfCT9r51JBet9P9OyjQy74WIxBhtCopCUlkIAHOOYE2Cy-dlKMVbvAGfd6DBKW1NsqQtSabPCD7fAHjeTdA:1ufs1d:R9ts6uO0Ra9gUXlEwpDLZkQwmWTl0NRGbQ4Wy7E79F4	2025-08-10 03:26:13.849937+00
4g0854immszoakl281cxo5ryg2dhrfnz	.eJxVjDsOwyAQBe9CHaEVrPmkTJ8zIBaW4CTCkrErK3ePkFwk7ZuZd4gQ962GvfMa5iyuAsXld6OYXtwGyM_YHotMS9vWmeRQ5Em7vC-Z37fT_TuosddRI5NVBi1rTwYKUHLkyRr2PAFMyiEWq5kBLCoXvXbgMyLr5ItLJD5f2tE3jg:1uvQv4:Tw1Sn0fHImW9noYjtJWcXWmhc-S5LESbI2yBBCkZA8Y	2025-09-22 01:43:46.218414+00
k29n2ojq6wrrorpkic9tjr1scnqkm264	.eJxVjMsOwiAQRf-FtSEgDg-X7vsNZBgYqRqalHZl_HfbpAvd3nPOfYuI61Lj2sscxyyuwojT75aQnqXtID-w3SdJU1vmMcldkQftcphyed0O9--gYq9bTQCBmS0ZUJod6YQXBMPZpBJyAp_U2RFsgIIuHpicImOdJfZoOIjPFwP1OKQ:1v1DB9:HjGHj_V6w3B5m86IcOpej5vAoiugz2e9RAs3u3gSpco	2025-10-08 00:16:15.207177+00
89w4kxd6zqwlv76q192wl08pas2qc6x0	.eJxVjMsOwiAQRf-FtSEgDg-X7vsNZBgYqRqalHZl_HfbpAvd3nPOfYuI61Lj2sscxyyuwojT75aQnqXtID-w3SdJU1vmMcldkQftcphyed0O9--gYq9bTQCBmS0ZUJod6YQXBMPZpBJyAp_U2RFsgIIuHpicImOdJfZoOIjPFwP1OKQ:1v1Zfm:O6JxDb0YWyBDemfs4fr05SWD8fxoaolqTfYv523Kh7Y	2025-10-09 00:17:22.323118+00
k8zhi65lc8q2e3pz7t3f1fljchzprlbr	.eJxVjMsOwiAQRf-FtSEgDg-X7vsNZBgYqRqalHZl_HfbpAvd3nPOfYuI61Lj2sscxyyuwojT75aQnqXtID-w3SdJU1vmMcldkQftcphyed0O9--gYq9bTQCBmS0ZUJod6YQXBMPZpBJyAp_U2RFsgIIuHpicImOdJfZoOIjPFwP1OKQ:1uhGcd:03fybHdhBGqjd5zpjG07S0FAXgx2NE14oQWcyJnEmdY	2025-08-13 23:54:11.104894+00
zz40adq34b0b868m8htznbozcm61opj0	.eJxVjDsOwjAQRO_iGlmO_6GkzxmstXeNA8iW4qRC3J1ESgHlzHszbxZgW0vYOi1hRnZlkl1-uwjpSfUA-IB6bzy1ui5z5IfCT9r51JBet9P9OyjQy74WIxBhtCopCUlkIAHOOYE2Cy-dlKMVbvAGfd6DBKW1NsqQtSabPCD7fAHjeTdA:1v1eWQ:XES_0TMK76nWRUtZMO4Qc6PgIBso9b_W-6VvLkdGUWk	2025-10-09 05:28:02.824103+00
meyoh8f9pghvv3gg3jfsjwl5jc8m5xji	.eJxVjDsOwyAQBe9CHaEVrPmkTJ8zIBaW4CTCkrErK3ePkFwk7ZuZd4gQ962GvfMa5iyuAsXld6OYXtwGyM_YHotMS9vWmeRQ5Em7vC-Z37fT_TuosddRI5NVBi1rTwYKUHLkyRr2PAFMyiEWq5kBLCoXvXbgMyLr5ItLJD5f2tE3jg:1unoFk:cc-OIRQbsRvE_TpvQIA2Y_e25n_v-rXUgIkBeVuqEXY	2025-09-01 01:01:36.754552+00
ir9zxaexuwrsu6fggl32ridghtcm79lh	.eJxVjMsOwiAQRf-FtSEgDg-X7vsNZBgYqRqalHZl_HfbpAvd3nPOfYuI61Lj2sscxyyuwojT75aQnqXtID-w3SdJU1vmMcldkQftcphyed0O9--gYq9bTQCBmS0ZUJod6YQXBMPZpBJyAp_U2RFsgIIuHpicImOdJfZoOIjPFwP1OKQ:1uhcsl:4hwDUgkgO5Bo1Ct3oSvnRXNccNhpNaG_PiR2p171UXI	2025-08-14 23:40:19.115841+00
f5x5kddbqi97hsz76sf0ugpgbxhh36d7	.eJxVjMsOwiAQRf-FtSEgDg-X7vsNZBgYqRqalHZl_HfbpAvd3nPOfYuI61Lj2sscxyyuwojT75aQnqXtID-w3SdJU1vmMcldkQftcphyed0O9--gYq9bTQCBmS0ZUJod6YQXBMPZpBJyAp_U2RFsgIIuHpicImOdJfZoOIjPFwP1OKQ:1uvmyd:9fk67IwOhSo1JDvmNIWsdl3oEXDYV7qF6ScEi4heBlY	2025-09-23 01:16:55.839115+00
ldeb0y7ba9ul32e4rmd0ey9epya4xzf5	.eJxVjMsOwiAQRf-FtSEgDg-X7vsNZBgYqRqalHZl_HfbpAvd3nPOfYuI61Lj2sscxyyuwojT75aQnqXtID-w3SdJU1vmMcldkQftcphyed0O9--gYq9bTQCBmS0ZUJod6YQXBMPZpBJyAp_U2RFsgIIuHpicImOdJfZoOIjPFwP1OKQ:1v1uQY:sj-SZ5htvhbLVUdH8qdF4DovScyBgnwjtokRGWRZ1-0	2025-10-09 22:27:02.515858+00
clafca0w3javzccm0ztb94ypars2zkn4	.eJxVjDsOwyAQBe9CHaEVrPmkTJ8zIBaW4CTCkrErK3ePkFwk7ZuZd4gQ962GvfMa5iyuAsXld6OYXtwGyM_YHotMS9vWmeRQ5Em7vC-Z37fT_TuosddRI5NVBi1rTwYKUHLkyRr2PAFMyiEWq5kBLCoXvXbgMyLr5ItLJD5f2tE3jg:1vEZxa:4582VpOb9nU6ePfuINQtWxwh15f7vydPOdRTtssZGhE	2025-11-13 21:13:30.531362+00
2e6wub1ug2yibz54aao4n8lc5lle0b7u	.eJxVjDsOwjAQRO_iGlmO_6GkzxmstXeNA8iW4qRC3J1ESgHlzHszbxZgW0vYOi1hRnZlkl1-uwjpSfUA-IB6bzy1ui5z5IfCT9r51JBet9P9OyjQy74WIxBhtCopCUlkIAHOOYE2Cy-dlKMVbvAGfd6DBKW1NsqQtSabPCD7fAHjeTdA:1vFi7L:q7Yw2-kAL-bTLQddKj_B9TD-kEanjlf4S7kFMWIcFU8	2025-11-17 00:08:15.504003+00
fv6ltpsnts830t8l646uy0m499ora003	.eJxVjDsOwjAQRO_iGlmO_6GkzxmstXeNA8iW4qRC3J1ESgHlzHszbxZgW0vYOi1hRnZlkl1-uwjpSfUA-IB6bzy1ui5z5IfCT9r51JBet9P9OyjQy74WIxBhtCopCUlkIAHOOYE2Cy-dlKMVbvAGfd6DBKW1NsqQtSabPCD7fAHjeTdA:1vI2Hy:K7WYi-FaItqRdW0XV-bxSrhA-B-GTj727ICwRkJQ3tY	2025-11-23 10:04:50.284125+00
2gh3le0nwu9uy08ocm5cwqayhk2qvb7p	.eJxVjsFqwzAQRP9F52DsqrItH3vPHwTEarUbqbGlYFmUEvLvlU0o7WVhZ2bf7EMYKJs3JdNqghOTkOL0V7OAN4q74T4hXlODKW5rsM0eaV5ubs7J0fzxyv4DeMi-XqNSmpl7lKrteMDOwjsoyU5a0s6q0bZvA6pqoO5oVIxDi7IfeuQRJOsKPXD3NXGYyUgxPQSm5Q7x-3i8O_2uERaqlZfilBovxba6TkDGQ9lRIRtwS4hiYpgzHYKHCNcv8HAT07YWej5_APzFYCg:1vKRW3:qf9OuMqAH8kNzxRNCfoMT38qqVPidUmTtkZr_-ymeTQ	2025-11-30 01:25:19.712999+00
2dd1ftclktrik8bmtdr8qpywx0r2heje	.eJxVjsuqwyAQht_FdQnGRE2y7L5vUJCJjtU20RIjpZS-e00o5ZzNwH-Zb-ZFFOTVqZxwUd6QgTBy-OuNoG8YtsBcIVxipWNYFz9WW6X6pqk6RYPT8dv9B3CQXNmmPSCaUTS6YaCpBaQgpaRGWNoxyVgvqKw7bjpbBIOmbVvecBSCW27rDbrj7ku0fkLFyPAiOs53CM_98frwkwFmLCfP2XDenfNI-zJBW707fUH5pMDMPpDBwpRwNxwEuDzAwY0M65Lx_f4APWxeww:1vKovV:b2CzPWXdijQCMYIi8_9KCwgDqeLNpLJgBULwmvRSXFs	2025-12-01 02:25:09.125011+00
ssuxs6u277z7uh70ent0uvyqqhp1xmqt	.eJxVjsFqwzAQRP9F52DsqrItH3vPHwTEarUbqbGlYFmUEvLvlU0o7WVhZ2bf7EMYKJs3JdNqghOTkOL0V7OAN4q74T4hXlODKW5rsM0eaV5ubs7J0fzxyv4DeMi-XqNSmpl7lKrteMDOwjsoyU5a0s6q0bZvA6pqoO5oVIxDi7IfeuQRJOsKPXD3NXGYyUgxPQSm5Q7x-3i8O_2uERaqlZfilBovxba6TkDGQ9lRIRtwS4hiYpgzHYKHCNcv8HAT07YWej5_APzFYCg:1vL9ZN:9L-u4V36CVhr3WeDe-gqsi1coADnO_mC09rrI4lDZmY	2025-12-02 00:27:41.304767+00
m2zxvmloz1uvdcjx9btxub4zbo97wwxd	.eJxVjsFqwzAQRP9F52DsqrItH3vPHwTEarUbqbGlYFmUEvLvlU0o7WVhZ2bf7EMYKJs3JdNqghOTkOL0V7OAN4q74T4hXlODKW5rsM0eaV5ubs7J0fzxyv4DeMi-XqNSmpl7lKrteMDOwjsoyU5a0s6q0bZvA6pqoO5oVIxDi7IfeuQRJOsKPXD3NXGYyUgxPQSm5Q7x-3i8O_2uERaqlZfilBovxba6TkDGQ9lRIRtwS4hiYpgzHYKHCNcv8HAT07YWej5_APzFYCg:1vLBo8:B5c4RVqZkWGMeE5UuqJiS0zjd4U5jqXH6ikgAaQ4sJk	2025-12-02 02:51:04.315088+00
\.


--
-- Data for Name: reporting_company; Type: TABLE DATA; Schema: public; Owner: postgres
--

COPY public.reporting_company (id, name, created_at, updated_at, created_by_id) FROM stdin;
23	전라남도 동물위생시험소	2025-07-27 05:28:33.601524+00	2025-07-27 05:28:33.601543+00	2
24	경희대학교	2025-07-27 05:34:28.772703+00	2025-07-27 05:34:28.772743+00	2
25	성균관대학교	2025-07-27 05:39:10.060845+00	2025-07-27 05:39:10.060861+00	2
26	아주대학교	2025-07-27 05:40:57.375467+00	2025-07-27 05:40:57.375485+00	2
27	비전파마랩주식회사	2025-07-27 05:55:55.170085+00	2025-07-27 05:55:55.170307+00	2
28	분당서울대학교병원	2025-07-27 05:56:45.859972+00	2025-07-27 05:56:45.859989+00	2
29	경기도 보건환경연구원	2025-07-27 05:59:49.094682+00	2025-07-27 05:59:49.094701+00	2
30	서영대학교	2025-07-27 06:04:41.854172+00	2025-07-27 06:04:41.854191+00	2
31	국민대학교	2025-07-27 06:41:11.50373+00	2025-07-27 06:41:11.503748+00	2
32	미르텍	2025-07-27 09:43:27.088997+00	2025-07-27 09:43:27.089015+00	3
33	바이오켐	2025-07-27 09:44:37.163185+00	2025-07-27 09:44:37.163204+00	3
34	엑소코바이오	2025-07-27 09:45:25.830842+00	2025-07-27 09:45:25.830862+00	3
35	테오	2025-07-27 09:46:44.946904+00	2025-07-27 09:46:44.946924+00	3
36	상지대학교	2025-07-27 10:05:09.798236+00	2025-07-27 10:05:09.798257+00	3
37	바이옴에이츠	2025-07-27 10:07:00.515796+00	2025-07-27 10:07:00.515827+00	3
40	테스트업체	2025-07-30 23:54:30.738134+00	2025-07-30 23:54:30.738152+00	3
42	(주)이모코그	2025-08-02 14:42:22.709791+00	2025-08-02 14:42:22.709808+00	2
43	농립축산검역본부	2025-08-02 14:44:48.037421+00	2025-08-02 14:44:48.037442+00	2
44	인천시 보건환경연구원	2025-08-02 15:05:09.700173+00	2025-08-02 15:05:09.700192+00	2
45	국립수산물과학연구원	2025-08-02 15:06:04.228557+00	2025-08-02 15:06:04.228575+00	2
46	바이오메딕	2025-08-02 15:08:06.009154+00	2025-08-02 15:08:06.009172+00	2
47	바이오솔루션	2025-08-02 15:11:04.10223+00	2025-08-02 15:11:04.102252+00	2
49	덕성여자대학교	2025-08-07 00:38:32.555199+00	2025-08-07 00:38:32.555219+00	3
50	유빅스테라퓨틱스	2025-08-10 06:28:06.173219+00	2025-08-10 06:28:06.17324+00	2
51	보령	2025-08-16 00:07:17.541329+00	2025-08-16 00:07:17.541352+00	3
52	세포바이오	2025-08-16 00:08:30.768881+00	2025-08-16 00:08:30.768899+00	3
53	랩가이드	2025-08-16 00:09:40.268543+00	2025-08-16 00:09:40.268565+00	3
54	록원바이오융합연구재단	2025-08-16 00:10:27.688989+00	2025-08-16 00:10:45.845003+00	3
55	국제티에스과학	2025-08-16 00:13:38.59407+00	2025-08-16 00:13:38.59409+00	3
56	대구화학상사	2025-08-16 00:14:40.366526+00	2025-08-16 00:14:40.366543+00	3
57	국립산림과학원	2025-08-16 14:11:29.424899+00	2025-08-16 14:11:29.424919+00	2
58	제이씨바이오	2025-08-23 03:06:35.034382+00	2025-08-23 03:06:35.034402+00	3
60	에스티팜 반월공장	2025-08-23 14:01:40.386417+00	2025-08-23 14:01:40.386431+00	2
61	지니바이오	2025-08-23 14:16:20.789327+00	2025-08-23 14:16:20.789346+00	2
62	지노바이오	2025-08-23 14:20:43.707989+00	2025-08-23 14:20:43.708005+00	2
63	동남케미칼상사	2025-08-29 21:53:15.101978+00	2025-08-29 21:53:15.101999+00	3
64	원강바이오	2025-08-29 22:01:06.703311+00	2025-08-29 22:01:06.703344+00	3
65	서울여자대학교	2025-09-07 06:30:59.381571+00	2025-09-07 06:30:59.381587+00	2
66	포항공대	2025-09-07 22:26:55.722907+00	2025-09-07 22:26:55.722922+00	3
67	용인서울산업보건연구원	2025-09-07 23:02:00.959091+00	2025-09-07 23:02:00.959113+00	3
68	한국원자력의학원	2025-09-07 23:04:32.42879+00	2025-09-07 23:04:32.42881+00	3
69	넥스트앤바이오	2025-09-13 12:54:00.980636+00	2025-09-13 12:54:00.980659+00	2
70	서울과학기술대학교	2025-09-13 13:05:24.014661+00	2025-09-13 13:05:24.014678+00	2
72	건국대학교	2025-09-22 08:28:09.895593+00	2025-09-22 08:28:09.895621+00	2
73	바이오뱅크힐링	2025-09-22 08:52:45.420461+00	2025-09-22 08:52:45.420487+00	2
14	한텍	2025-07-27 01:45:36.465961+00	2025-09-29 22:09:31.487074+00	3
20	인사이드	2025-07-27 01:45:36.465961+00	2025-09-29 22:09:37.475095+00	3
2	카이스트	2025-07-27 01:45:36.465961+00	2025-09-29 22:09:42.605646+00	3
8	하나과학	2025-07-27 01:45:36.465961+00	2025-09-29 22:09:51.962593+00	3
6	한국신약	2025-07-27 01:45:36.465961+00	2025-09-29 22:09:56.378975+00	3
17	고려대학교	2025-07-27 01:45:36.465961+00	2025-09-29 22:10:06.694594+00	3
11	나노바이오	2025-07-27 01:45:36.465961+00	2025-09-29 22:10:11.961732+00	3
18	동아하이텍	2025-07-27 01:45:36.465961+00	2025-09-29 22:10:16.794832+00	3
3	서울대학교	2025-07-27 01:45:36.465961+00	2025-09-29 22:10:22.780354+00	3
7	소야그린텍	2025-07-27 01:45:36.465961+00	2025-09-29 22:10:28.151064+00	3
16	지오리서치	2025-07-27 01:45:36.465961+00	2025-09-29 22:10:33.321492+00	3
19	대일바이오텍	2025-07-27 01:45:36.465961+00	2025-09-29 22:10:40.338091+00	3
5	메디카코리아	2025-07-27 01:45:36.465961+00	2025-09-29 22:10:46.142106+00	3
15	제네틴바이오	2025-07-27 01:45:36.465961+00	2025-09-29 22:10:51.206471+00	3
9	엔코아그린웍스	2025-07-27 01:45:36.465961+00	2025-09-29 22:10:57.150618+00	3
10	인바이러스테크	2025-07-27 01:45:36.465961+00	2025-09-29 22:11:00.353539+00	3
12	대한보건환경연구소	2025-07-27 01:45:36.465961+00	2025-09-29 22:11:06.321282+00	3
21	서울의과학연구소 양평센터	2025-07-27 01:45:36.465961+00	2025-09-29 22:11:10.800334+00	3
1	기본 회사	2025-07-26 22:28:40.413174+00	2025-09-29 22:11:15.963966+00	3
13	GBS	2025-07-27 01:45:36.465961+00	2025-09-29 22:11:22.332926+00	3
4	LG화학 오송공장	2025-07-27 01:45:36.465961+00	2025-09-29 22:11:25.599726+00	3
74	아이비피랩	2025-10-19 05:17:42.991553+00	2025-10-19 05:17:42.991581+00	2
75	파미셀	2025-10-19 05:20:04.975499+00	2025-10-19 05:20:04.975515+00	2
76	KBI 한국의생명연구원	2025-10-19 05:26:57.839353+00	2025-10-19 05:26:57.839369+00	2
77	뉴라클제네틱스	2025-10-19 05:45:54.319223+00	2025-10-19 05:45:54.319239+00	2
78	제이원택	2025-10-20 01:15:37.363042+00	2025-10-20 01:15:37.363062+00	3
79	셀리드	2025-10-25 13:31:15.244061+00	2025-10-25 13:31:15.244081+00	2
81	서울대학교 의과대학	2025-11-09 12:21:54.64005+00	2025-11-09 12:21:54.640066+00	2
82	대한약리학회 학술대회 77회	2025-11-09 12:34:04.901966+00	2025-11-09 12:34:04.901984+00	2
83	조선대학교	2025-11-09 12:36:07.531755+00	2025-11-09 12:36:07.531777+00	2
84	연세대학교 의과대학	2025-11-09 12:44:45.565342+00	2025-11-09 12:44:45.565358+00	2
85	충남대학교	2025-11-09 12:52:17.085831+00	2025-11-09 12:52:17.085851+00	2
86	가천대학교	2025-11-09 12:54:08.254727+00	2025-11-09 12:54:08.254747+00	2
87	충남대학교 의과대학	2025-11-09 12:56:32.261957+00	2025-11-09 12:56:32.261977+00	2
88	홍익대학교	2025-11-09 12:58:03.066905+00	2025-11-09 12:58:03.066924+00	2
89	부산대학교	2025-11-09 12:59:17.661997+00	2025-11-09 12:59:17.662013+00	2
90	연세대학교 약학대학	2025-11-09 13:06:55.808904+00	2025-11-09 13:06:55.808922+00	2
91	나우랩비즈	2025-11-14 00:58:11.174793+00	2025-11-14 00:58:11.174807+00	3
\.


--
-- Data for Name: reporting_deliveryitem; Type: TABLE DATA; Schema: public; Owner: postgres
--

COPY public.reporting_deliveryitem (id, item_name, quantity, unit, unit_price, total_price, notes, created_at, updated_at, schedule_id, history_id, tax_invoice_issued, product_id) FROM stdin;
93	1260-00	4	개	14400	63360	\N	2025-10-27 00:35:59.918825+00	2025-11-10 03:07:50.659211+00	147	\N	t	1
58	3070.0200PRS (5/7)	1	개	90950	100045	\N	2025-09-22 09:03:37.668133+00	2025-11-10 03:07:50.666384+00	302	\N	t	2
69	3070.0200T	5	개	494600	2720300	\N	2025-10-12 05:17:34.737196+00	2025-11-10 03:07:50.672487+00	\N	281	t	3
71	3070.0200T	5	개	494600	2720300	\N	2025-10-12 05:17:34.756679+00	2025-11-10 03:07:50.674093+00	293	\N	t	3
88	3070.0200T	10	개	44424	488664	\N	2025-10-20 01:59:48.685506+00	2025-11-10 03:07:50.6756+00	237	\N	t	3
4	3070.0210ER	1	개	0	\N	\N	2025-09-16 04:32:45.365087+00	2025-11-10 03:07:50.680895+00	\N	144	f	4
89	3070.1000T	10	개	38304	421344	\N	2025-10-20 01:59:48.699125+00	2025-11-10 03:07:50.686223+00	237	\N	t	5
3	3090.0010T	10	개	50765	558415	\N	2025-09-16 04:32:45.361226+00	2025-11-10 03:07:50.69141+00	\N	144	f	6
70	3090.0010T	5	개	730000	4015000	\N	2025-10-12 05:17:34.742571+00	2025-11-10 03:07:50.692919+00	\N	281	t	6
81	3123000225	2	개	36970	81334	\N	2025-10-19 23:32:16.449478+00	2025-11-10 03:07:50.699719+00	337	\N	t	7
82	3123000233	3	개	36970	122001	\N	2025-10-19 23:32:16.452597+00	2025-11-10 03:07:50.705727+00	337	\N	t	8
78	3123000241	3	개	36970	122001	\N	2025-10-19 23:32:16.427696+00	2025-11-10 03:07:50.710913+00	337	\N	t	9
79	3123000250	3	개	36970	122001	\N	2025-10-19 23:32:16.440144+00	2025-11-10 03:07:50.716071+00	337	\N	t	10
80	3123000268	3	개	36970	122001	\N	2025-10-19 23:32:16.446185+00	2025-11-10 03:07:50.720967+00	337	\N	t	11
36	4135N00	10	개	38850	427350	\N	2025-09-22 08:51:42.59965+00	2025-11-10 03:07:50.725648+00	300	\N	t	12
87	4135N00	10	개	43840	482240	\N	2025-10-20 01:59:48.678779+00	2025-11-10 03:07:50.728796+00	237	\N	t	12
49	4135N00 (1/21)	1	개	46580	51238	\N	2025-09-22 09:03:37.617571+00	2025-11-10 03:07:50.733751+00	302	\N	t	13
55	4135N00 (4/30)	2	개	46580	102476	\N	2025-09-22 09:03:37.649532+00	2025-11-10 03:07:50.752656+00	302	\N	t	15
59	4135N00 (5/7)	2	개	46580	102476	\N	2025-09-22 09:03:37.685548+00	2025-11-10 03:07:50.758205+00	302	\N	t	16
84	4235N00	10	개	36080	396880	\N	2025-10-20 01:50:32.392119+00	2025-11-10 03:07:50.770625+00	208	\N	t	18
56	4235N00  (4/30)	2	개	38335	84337	\N	2025-09-22 09:03:37.655038+00	2025-11-10 03:07:50.775572+00	302	\N	t	19
50	4235N00 (1/21)	1	개	38335	42169	\N	2025-09-22 09:03:37.622637+00	2025-11-10 03:07:50.780991+00	302	\N	t	20
54	4235N00 (3/13	2	개	38335	84337	\N	2025-09-22 09:03:37.644684+00	2025-11-10 03:07:50.7862+00	302	\N	t	21
30	4236NS0	10	개	60945	670395	\N	2025-09-22 08:40:34.030442+00	2025-11-10 03:07:50.796792+00	297	\N	t	23
90	4236NS0	5	개	60640	333520	\N	2025-10-25 13:28:56.2066+00	2025-11-10 03:07:50.798309+00	357	\N	t	23
92	4345N00	10	개	46720	513920	\N	2025-10-25 13:28:56.234618+00	2025-11-10 03:07:50.803323+00	357	\N	t	24
57	4345N00 (4/30)	2	개	49640	109208	\N	2025-09-22 09:03:37.660596+00	2025-11-10 03:07:50.813807+00	302	\N	t	26
29	4346NS0	10	개	59500	654500	\N	2025-09-22 08:40:34.025619+00	2025-11-10 03:07:50.820259+00	297	\N	t	27
91	4346NS0	1	개	59200	65120	\N	2025-10-25 13:28:56.227884+00	2025-11-10 03:07:50.821754+00	357	\N	t	27
33	447.100	1	개	480000	528000	\N	2025-09-22 08:46:56.474619+00	2025-11-10 03:07:50.827229+00	299	\N	t	28
37	447.100E	1	개	408000	448800	\N	2025-09-22 08:51:42.619026+00	2025-11-10 03:07:50.832435+00	300	\N	t	29
39	447.100E	1	개	408000	448800	\N	2025-09-22 08:51:42.637687+00	2025-11-10 03:07:50.833886+00	300	\N	t	29
38	447.100E (2/17)	10	개	38850	427350	\N	2025-09-22 08:51:42.627877+00	2025-11-10 03:07:50.840603+00	300	\N	t	30
65	511.707	3	개	18200	60060	\N	2025-09-29 21:58:22.14588+00	2025-11-10 03:07:50.846008+00	266	\N	f	31
2	5182-0575	26	개	18000	514800	\N	2025-09-16 00:16:53.482491+00	2025-11-10 03:07:50.85281+00	\N	170	t	32
31	520.002	1	개	468800	515680	\N	2025-09-22 08:44:00.270989+00	2025-11-10 03:07:50.858528+00	298	\N	t	33
63	5570-02	5	개	60000	330000	\N	2025-09-29 21:58:22.139544+00	2025-11-10 03:07:50.86873+00	266	\N	f	35
64	5580-01	5	개	60000	330000	\N	2025-09-29 21:58:22.142753+00	2025-11-10 03:07:50.874069+00	266	\N	f	36
62	5610-43	10	개	143000	1573000	\N	2025-09-29 21:58:22.116567+00	2025-11-10 03:07:50.878996+00	266	\N	f	37
66	5630-T4	4	개	78400	344960	\N	2025-10-02 02:35:33.540377+00	2025-11-10 03:07:50.8842+00	309	\N	t	38
1	5630-T6	5	개	98000	539000	\N	2025-09-16 00:16:53.478593+00	2025-11-10 03:07:50.892902+00	\N	170	t	39
23	825.0010	1	개	340000	374000	\N	2025-09-22 08:38:13.752815+00	2025-11-10 03:07:50.903774+00	296	\N	t	41
47	825.0100 (1/21)	1	개	294000	323400	\N	2025-09-22 09:03:37.607771+00	2025-11-10 03:07:50.918955+00	302	\N	t	43
24	825.0200	1	개	320000	352000	\N	2025-09-22 08:38:13.760047+00	2025-11-10 03:07:50.924444+00	296	\N	t	44
25	825.1000	1	개	320000	352000	\N	2025-09-22 08:38:13.764707+00	2025-11-10 03:07:50.933575+00	296	\N	t	45
19	826.0200	2	개	350000	770000	\N	2025-09-22 08:33:50.308578+00	2025-11-10 03:07:50.962416+00	295	\N	t	49
20	826.1000	2	개	350000	770000	\N	2025-09-22 08:33:50.315678+00	2025-11-10 03:07:50.968694+00	295	\N	t	50
21	835.05	1	개	350000	385000	\N	2025-09-22 08:33:50.321082+00	2025-11-10 03:07:50.974974+00	295	\N	t	51
22	835.10	1	개	330000	363000	\N	2025-09-22 08:33:50.327988+00	2025-11-10 03:07:50.981039+00	295	\N	t	52
83	855.08.100	1	개	990000	1089000	\N	2025-10-20 01:48:41.698372+00	2025-11-10 03:07:50.987404+00	214	\N	t	53
67	855.08.200	1	개	890000	979000	\N	2025-10-12 05:07:41.585179+00	2025-11-10 03:07:50.99258+00	314	\N	t	54
68	855.08.350	1	개	890000	979000	\N	2025-10-12 05:07:41.589629+00	2025-11-10 03:07:50.997971+00	314	\N	t	55
77	GYGAS-c15(c50)	8	개	39300	345840	\N	2025-10-19 23:32:16.424456+00	2025-11-10 03:07:51.010921+00	337	\N	t	57
10	GYGFR-M-c50-8	1	개	2457300	2703030	\N	2025-09-16 04:48:44.264199+00	2025-11-10 03:07:51.018533+00	245	\N	t	58
9	GYLZ-1848R	1	개	5382100	5920310	\N	2025-09-16 04:48:44.260356+00	2025-11-10 03:07:51.033652+00	245	\N	t	60
40	NiMH Rechargeable batteries, AAA, 1.2V	2	개	15000	33000	\N	2025-09-22 08:51:42.651836+00	2025-11-10 03:07:51.040444+00	300	\N	t	61
73	P4345N00	5	개	46720	256960	\N	2025-10-19 23:27:27.372663+00	2025-11-10 03:07:51.046465+00	336	\N	t	62
26	PIPETMAN P10	1	개	360000	396000	\N	2025-09-22 08:38:13.77139+00	2025-11-10 03:07:51.053747+00	296	\N	t	63
28	PIPETMAN P1000	1	개	360000	396000	\N	2025-09-22 08:38:13.781843+00	2025-11-10 03:07:51.060356+00	296	\N	t	64
27	PIPETMAN P200	1	개	360000	396000	\N	2025-09-22 08:38:13.775544+00	2025-11-10 03:07:51.067234+00	296	\N	t	65
51	Spare battery, NiMH, 1.2V, rechargeable	1	개	30897	33987	\N	2025-09-22 09:03:37.627645+00	2025-11-10 03:07:51.073259+00	302	\N	t	66
109	4345N00	5	개	46720	256960	\N	2025-11-10 03:16:24.643598+00	2025-11-10 03:16:24.643615+00	406	\N	f	24
110	검교정 싱글	44	개	15000	726000	\N	2025-11-11 23:11:11.132792+00	2025-11-11 23:11:11.132808+00	301	\N	f	69
111	검교정 8CH	3	개	30000	99000	\N	2025-11-11 23:11:11.137616+00	2025-11-11 23:11:11.137632+00	301	\N	f	68
112	검교정 12CH	1	개	45000	49500	\N	2025-11-11 23:11:11.140625+00	2025-11-11 23:11:11.140667+00	301	\N	f	67
114	SO826.1000	1	개	294255	323681	\N	2025-11-14 01:48:07.071499+00	2025-11-14 01:48:07.07152+00	411	\N	f	72
115	SO826.1000	1	개	294255	323681	\N	2025-11-14 01:54:34.382686+00	2025-11-14 01:54:34.382705+00	412	\N	f	\N
116	447.100E	2	개	336000	739200	\N	2025-11-16 07:22:58.860425+00	2025-11-16 07:22:58.860441+00	413	\N	f	29
117	447.100E	2	개	336000	739200	\N	2025-11-16 07:24:28.409185+00	2025-11-16 07:24:28.409204+00	414	\N	f	\N
118	825.1000	1	개	454000	499400	\N	2025-11-16 07:32:31.406195+00	2025-11-16 07:32:31.406213+00	415	\N	f	45
119	825.0200	1	개	454000	499400	\N	2025-11-16 07:32:31.410089+00	2025-11-16 07:32:31.410101+00	415	\N	f	44
120	SO825.0020	1	개	454000	499400	\N	2025-11-16 07:32:31.415691+00	2025-11-16 07:32:31.415706+00	415	\N	f	73
121	825.0010	1	개	351500	386650	\N	2025-11-16 07:32:31.41975+00	2025-11-16 07:32:31.419766+00	415	\N	f	41
122	SO855.08.010	1	개	1100000	1210000	\N	2025-11-16 07:32:31.4238+00	2025-11-16 07:32:31.423816+00	415	\N	f	74
123	P4136N00	2	개	63700	140140	\N	2025-11-16 07:32:31.427697+00	2025-11-16 07:32:31.427712+00	415	\N	f	75
124	P4236N00	1	개	66500	73150	\N	2025-11-16 07:32:31.431991+00	2025-11-16 07:32:31.432008+00	415	\N	f	76
85	1260-00	4	개	14400	63360	\N	2025-10-20 01:52:30.60981+00	2025-11-10 03:07:50.653816+00	18	\N	t	1
86	1260-00	4	개	14400	63360	\N	2025-10-20 01:53:51.814597+00	2025-11-10 03:07:50.657507+00	240	\N	t	1
108	1260-00	4	개	14400	63360	\N	2025-11-09 10:33:15.386979+00	2025-11-10 03:07:50.660797+00	397	\N	f	1
72	3090.0010T	5	개	730000	4015000	\N	2025-10-12 05:17:34.760004+00	2025-11-10 03:07:50.694286+00	293	\N	t	6
53	4135N00 (3/13)	2	개	46580	102476	\N	2025-09-22 09:03:37.63807+00	2025-11-10 03:07:50.739103+00	302	\N	t	14
94	4136NS0	5	개	58160	319880	\N	2025-11-02 00:31:24.149364+00	2025-11-10 03:07:50.763571+00	381	\N	f	17
105	4136NS0	5	개	58160	319880	\N	2025-11-09 10:25:38.757319+00	2025-11-10 03:07:50.764921+00	396	\N	f	17
61	4235N00 (7/2)	2	개	38335	84337	\N	2025-09-22 09:03:37.700476+00	2025-11-10 03:07:50.791641+00	302	\N	t	22
52	4345N00 (2/27)	1	개	49640	54604	\N	2025-09-22 09:03:37.634009+00	2025-11-10 03:07:50.808636+00	302	\N	t	25
60	4345N00 (4/30)	2	개	49640	109208	\N	2025-09-22 09:03:37.690753+00	2025-11-10 03:07:50.815267+00	302	\N	t	26
32	525.002.5FC	1	개	559600	615560	\N	2025-09-22 08:44:00.296389+00	2025-11-10 03:07:50.863768+00	298	\N	t	34
96	5630-T4	2	개	78400	172480	\N	2025-11-02 00:31:24.155335+00	2025-11-10 03:07:50.885776+00	381	\N	f	38
107	5630-T4	2	개	78400	172480	\N	2025-11-09 10:25:38.761043+00	2025-11-10 03:07:50.887148+00	396	\N	f	38
95	5640-T4	2	개	88000	193600	\N	2025-11-02 00:31:24.153693+00	2025-11-10 03:07:50.897661+00	381	\N	f	40
106	5640-T4	2	개	88000	193600	\N	2025-11-09 10:25:38.759541+00	2025-11-10 03:07:50.899082+00	396	\N	f	40
98	825.0010	1	개	363000	399300	\N	2025-11-02 00:43:57.753884+00	2025-11-10 03:07:50.905603+00	385	\N	f	41
99	825.0050	1	개	340500	374550	\N	2025-11-02 00:43:57.756057+00	2025-11-10 03:07:50.913018+00	385	\N	f	42
100	825.0200	1	개	340500	374550	\N	2025-11-02 00:43:57.757433+00	2025-11-10 03:07:50.92665+00	385	\N	f	44
101	825.1000	1	개	340500	374550	\N	2025-11-02 00:43:57.758967+00	2025-11-10 03:07:50.93569+00	385	\N	f	45
48	825.1000 (1/21)	1	개	294000	323400	\N	2025-09-22 09:03:37.61257+00	2025-11-10 03:07:50.94233+00	302	\N	t	46
103	826.0002	1	개	375900	413490	\N	2025-11-02 01:02:46.674498+00	2025-11-10 03:07:50.949038+00	390	\N	f	47
102	826.0010	1	개	375900	413490	\N	2025-11-02 01:02:46.672947+00	2025-11-10 03:07:50.954982+00	390	\N	f	48
104	826.0010	2	개	375900	826980	\N	2025-11-09 10:15:43.206325+00	2025-11-10 03:07:50.956885+00	393	\N	f	48
97	Countess 3	1	개	5542000	6096200	\N	2025-11-02 00:35:53.256984+00	2025-11-10 03:07:51.004318+00	383	\N	f	56
76	GYGREB-M-m2.0-24	1	개	930200	1023220	\N	2025-10-19 23:32:16.419986+00	2025-11-10 03:07:51.02654+00	337	\N	t	59
132	5630-T6	1	개	78400	86240	\N	2025-11-16 07:50:12.886507+00	2025-11-16 07:50:12.886523+00	417	\N	f	39
133	5640-T6	1	개	88000	96800	\N	2025-11-16 07:50:12.897429+00	2025-11-16 07:50:12.897442+00	417	\N	f	77
\.


--
-- Data for Name: reporting_department; Type: TABLE DATA; Schema: public; Owner: postgres
--

COPY public.reporting_department (id, name, company_id, created_at, updated_at, created_by_id) FROM stdin;
1	기본 부서	1	2025-07-26 22:29:01.182945+00	2025-07-26 22:29:01.182945+00	\N
2	연구실	2	2025-07-27 01:48:23.437923+00	2025-07-27 01:48:23.437923+00	\N
3	에너지시스템공학부	3	2025-07-27 01:48:23.437923+00	2025-07-27 01:48:23.437923+00	\N
4	신경면역학연구실	3	2025-07-27 01:48:23.437923+00	2025-07-27 01:48:23.437923+00	\N
5	연구실	3	2025-07-27 01:48:23.437923+00	2025-07-27 01:48:23.437923+00	\N
6	분자세포유전학연구실	3	2025-07-27 01:48:23.437923+00	2025-07-27 01:48:23.437923+00	\N
7	선천면역및세포사멸연구실	3	2025-07-27 01:48:23.437923+00	2025-07-27 01:48:23.437923+00	\N
8	분자세포단백체학연구실	3	2025-07-27 01:48:23.437923+00	2025-07-27 01:48:23.437923+00	\N
9	발생신호전달연구실	3	2025-07-27 01:48:23.437923+00	2025-07-27 01:48:23.437923+00	\N
10	면역제어시스템연구실	3	2025-07-27 01:48:23.437923+00	2025-07-27 01:48:23.437923+00	\N
11	막생물학연구실	3	2025-07-27 01:48:23.437923+00	2025-07-27 01:48:23.437923+00	\N
12	구조생물학연구실	3	2025-07-27 01:48:23.437923+00	2025-07-27 01:48:23.437923+00	\N
13	미생물생리학연구실	3	2025-07-27 01:48:23.437923+00	2025-07-27 01:48:23.437923+00	\N
14	미생물공생및면역연구실	3	2025-07-27 01:48:23.437923+00	2025-07-27 01:48:23.437923+00	\N
15	세포소기관연구실	3	2025-07-27 01:48:23.437923+00	2025-07-27 01:48:23.437923+00	\N
16	백신원제팀	4	2025-07-27 01:48:23.437923+00	2025-07-27 01:48:23.437923+00	\N
17	제제연구실	5	2025-07-27 01:48:23.437923+00	2025-07-27 01:48:23.437923+00	\N
18	품질관리팀	6	2025-07-27 01:48:23.437923+00	2025-07-27 01:48:23.437923+00	\N
19	품질관리부	7	2025-07-27 01:48:23.437923+00	2025-07-27 01:48:23.437923+00	\N
20	영업팀	8	2025-07-27 01:48:23.437923+00	2025-07-27 01:48:23.437923+00	\N
21	측정분석센터	9	2025-07-27 01:48:23.437923+00	2025-07-27 01:48:23.437923+00	\N
22	연구소	10	2025-07-27 01:48:23.437923+00	2025-07-27 01:48:23.437923+00	\N
23	영업지원팀	11	2025-07-27 01:48:23.437923+00	2025-07-27 01:48:23.437923+00	\N
24	작업환경측정팀	12	2025-07-27 01:48:23.437923+00	2025-07-27 01:48:23.437923+00	\N
25	영업팀	13	2025-07-27 01:48:23.437923+00	2025-07-27 01:48:23.437923+00	\N
26	총괄부서	14	2025-07-27 01:48:23.437923+00	2025-07-27 01:48:23.437923+00	\N
27	영업팀	15	2025-07-27 01:48:23.437923+00	2025-07-27 01:48:23.437923+00	\N
28	영업팀	16	2025-07-27 01:48:23.437923+00	2025-07-27 01:48:23.437923+00	\N
29	발효식품학 실험실	17	2025-07-27 01:48:23.437923+00	2025-07-27 01:48:23.437923+00	\N
30	총괄부서	18	2025-07-27 01:48:23.437923+00	2025-07-27 01:48:23.437923+00	\N
31	영업팀	19	2025-07-27 01:48:23.437923+00	2025-07-27 01:48:23.437923+00	\N
32	영업팀	20	2025-07-27 01:48:23.437923+00	2025-07-27 01:48:23.437923+00	\N
33	총괄부서	21	2025-07-27 01:48:23.437923+00	2025-07-27 01:48:23.437923+00	\N
35	분석실	7	2025-07-27 05:25:34.570042+00	2025-07-27 05:25:34.570061+00	2
36	궁중방역과	23	2025-07-27 05:28:54.91866+00	2025-07-27 05:28:54.918674+00	2
37	물리화학 연구실	3	2025-07-27 05:29:47.378436+00	2025-07-27 05:29:47.378451+00	2
38	식물면역연구센터	3	2025-07-27 05:30:32.225882+00	2025-07-27 05:30:32.225898+00	2
39	식품오믹스 실험실	24	2025-07-27 05:35:03.978971+00	2025-07-27 05:35:03.978989+00	2
40	식품생물공학 연구실	17	2025-07-27 05:35:51.841033+00	2025-07-27 05:35:51.841052+00	2
41	감염 및 염증질환 연구실	25	2025-07-27 05:39:13.11663+00	2025-07-27 05:39:13.116649+00	2
42	조직공학 연구실	25	2025-07-27 05:40:06.364338+00	2025-07-27 05:40:06.364356+00	2
43	나노 에너지/촉매 재료 연구실	26	2025-07-27 05:41:02.283572+00	2025-07-27 05:41:02.283596+00	2
44	생명유전체정보학 연구실	26	2025-07-27 05:45:10.217237+00	2025-07-27 05:45:10.217253+00	2
45	식물발달유전학 연구실	3	2025-07-27 05:49:57.99011+00	2025-07-27 05:49:57.990128+00	2
46	바이오센서 및 농업전자	3	2025-07-27 05:52:26.19583+00	2025-07-27 05:52:26.195851+00	2
47	전라남도 동물위생시험소	23	2025-07-27 05:54:02.710216+00	2025-07-27 05:54:02.710231+00	2
48	뇌세포상호작용 연구실	25	2025-07-27 05:54:32.341477+00	2025-07-27 05:54:32.341495+00	2
49	농업생명과학대학	1	2025-07-27 05:55:26.86363+00	2025-07-27 05:55:26.863655+00	2
50	기본 부서	27	2025-07-27 05:55:58.466447+00	2025-07-27 05:55:58.466464+00	2
51	신장내과	28	2025-07-27 05:56:50.905442+00	2025-07-27 05:56:50.905459+00	2
52	합성단백질공학 연구실	26	2025-07-27 05:57:22.652276+00	2025-07-27 05:57:22.652297+00	2
53	경기도 보건환경연구원	29	2025-07-27 05:59:55.270631+00	2025-07-27 05:59:55.270651+00	2
54	원예작물유전육종학 연구실	3	2025-07-27 06:00:37.51696+00	2025-07-27 06:00:37.516978+00	2
55	의과대학	26	2025-07-27 06:01:51.448486+00	2025-07-27 06:01:51.448506+00	2
56	임상병리학과	30	2025-07-27 06:04:49.932945+00	2025-07-27 06:04:49.932965+00	2
57	화이트바이오 연구실	31	2025-07-27 06:41:18.641766+00	2025-07-27 06:41:18.641785+00	2
58	에너지자원신기술연구소	3	2025-07-27 07:49:49.241888+00	2025-07-27 07:49:49.241902+00	2
59	바이오발효융합학과	31	2025-07-27 07:57:00.614344+00	2025-07-27 07:57:00.614359+00	2
60	발생생식분자생물학연구실	25	2025-07-27 07:57:48.556363+00	2025-07-27 07:57:48.556384+00	3
62	신경발생줄기세포연구실	25	2025-07-27 08:00:07.4548+00	2025-07-27 08:00:07.454819+00	3
63	T세포융합연구실	25	2025-07-27 08:03:42.620738+00	2025-07-27 08:03:42.620753+00	3
64	전기화학에너지공학 연구실	3	2025-07-27 08:04:57.061809+00	2025-07-27 08:04:57.061822+00	2
65	유전자교정연구실	25	2025-07-27 08:05:07.806501+00	2025-07-27 08:05:07.806515+00	3
66	큐로젠	25	2025-07-27 08:06:09.615763+00	2025-07-27 08:06:09.615781+00	3
67	분자면역학연구실	25	2025-07-27 08:06:53.206749+00	2025-07-27 08:06:53.206765+00	3
68	다음세대의학연구실	25	2025-07-27 08:07:58.471281+00	2025-07-27 08:07:58.471299+00	3
69	종양미세환경연구실	25	2025-07-27 08:09:16.403743+00	2025-07-27 08:09:16.403761+00	3
70	대사질환연구실	25	2025-07-27 08:10:02.714601+00	2025-07-27 08:10:02.71462+00	3
71	신경발생⸱줄기세포연구실	25	2025-07-27 08:15:58.23563+00	2025-07-27 08:15:58.235648+00	2
72	의과대학 6층	26	2025-07-27 08:30:58.126879+00	2025-07-27 08:30:58.1269+00	2
73	세포치료 및 생물정보학 연구실	26	2025-07-27 08:36:57.351125+00	2025-07-27 08:36:57.351142+00	2
74	환경공학과	24	2025-07-27 08:54:49.941872+00	2025-07-27 08:54:49.941888+00	2
75	공학대학	24	2025-07-27 08:57:40.413867+00	2025-07-27 08:57:40.413882+00	2
76	총괄부서	32	2025-07-27 09:43:39.471651+00	2025-07-27 09:43:39.471676+00	3
77	총괄부서	33	2025-07-27 09:44:45.305539+00	2025-07-27 09:44:45.305564+00	3
78	생산팀	34	2025-07-27 09:45:33.392292+00	2025-07-27 09:45:33.392313+00	3
79	총괄부서	35	2025-07-27 09:47:01.477585+00	2025-07-27 09:47:01.477604+00	3
80	스마트팜생명과학과	36	2025-07-27 10:05:18.321408+00	2025-07-27 10:05:18.321433+00	3
81	공정개선팀	37	2025-07-27 10:07:59.993581+00	2025-07-27 10:07:59.993603+00	3
82	세포생화학연구실	3	2025-07-29 23:02:24.739687+00	2025-07-29 23:02:24.739705+00	3
85	세포치료공학 연구실	17	2025-08-02 13:57:58.266339+00	2025-08-02 13:57:58.266357+00	2
86	기능유전체학 연구실	17	2025-08-02 14:14:31.574483+00	2025-08-02 14:14:31.574501+00	2
87	BBM Team	42	2025-08-02 14:42:25.030897+00	2025-08-02 14:42:25.030914+00	2
88	기본 부서	43	2025-08-02 14:44:54.417973+00	2025-08-02 14:44:54.41799+00	2
89	동물유전공학실	3	2025-08-02 14:46:23.174426+00	2025-08-02 14:46:23.174441+00	2
90	예방약학 연구실	26	2025-08-02 14:48:10.444502+00	2025-08-02 14:48:10.444518+00	2
91	막 단백질 단분자 연구단	3	2025-08-02 14:50:04.71404+00	2025-08-02 14:50:04.71406+00	2
92	생물정보학	3	2025-08-02 14:51:24.375806+00	2025-08-02 14:51:24.375824+00	2
93	생물정보학 연구실	3	2025-08-02 14:51:30.841889+00	2025-08-02 14:51:30.841909+00	2
94	뇌활동 연구실	3	2025-08-02 14:52:31.472881+00	2025-08-02 14:52:31.472901+00	2
95	식물생화학연구실	25	2025-08-02 14:53:27.811381+00	2025-08-02 14:53:27.811398+00	2
96	기본부서	24	2025-08-02 14:56:42.816906+00	2025-08-02 14:56:42.816923+00	2
97	미생물학 연구실	25	2025-08-02 14:58:02.80062+00	2025-08-02 14:58:02.800648+00	2
98	선천 면역 및 세포 사멸 연구실	3	2025-08-02 14:58:48.976026+00	2025-08-02 14:58:48.976048+00	2
99	기본 부서	26	2025-08-02 14:59:54.755281+00	2025-08-02 14:59:54.755297+00	2
100	기본부서	3	2025-08-02 15:00:55.703812+00	2025-08-02 15:00:55.703829+00	2
101	식물생화학 연구실	3	2025-08-02 15:01:32.436693+00	2025-08-02 15:01:32.436708+00	2
102	오가노이드 기반 생체대사 연구실	25	2025-08-02 15:01:56.467275+00	2025-08-02 15:01:56.467291+00	2
103	신경면역학 연구실	3	2025-08-02 15:03:00.611482+00	2025-08-02 15:03:00.611503+00	2
104	발생신호전달 연구실	3	2025-08-02 15:03:41.962699+00	2025-08-02 15:03:41.962715+00	2
105	작물정보학 연구실	3	2025-08-02 15:04:04.899118+00	2025-08-02 15:04:04.899135+00	2
106	인천시 보건환경연구원	44	2025-08-02 15:05:21.86272+00	2025-08-02 15:05:21.862739+00	2
107	국립수산물과학연구원	45	2025-08-02 15:06:18.521206+00	2025-08-02 15:06:18.521223+00	2
108	분석실	46	2025-08-02 15:08:11.045196+00	2025-08-02 15:08:11.04522+00	2
109	의과대학 미생물학과 7층	26	2025-08-02 15:09:49.564848+00	2025-08-02 15:09:49.564865+00	2
110	공정개발팀	47	2025-08-02 15:11:27.581165+00	2025-08-02 15:11:27.581186+00	2
112	약학과	49	2025-08-07 00:38:44.941598+00	2025-08-07 00:38:44.941615+00	3
113	분석팀	50	2025-08-10 06:28:17.371013+00	2025-08-10 06:28:17.371029+00	2
114	GRL 연구실	17	2025-08-10 13:12:04.373322+00	2025-08-10 13:12:04.373341+00	2
115	생치세균상호작용연구실	3	2025-08-15 23:03:10.368056+00	2025-08-15 23:03:10.368077+00	3
116	집단유전체학연구실	3	2025-08-15 23:12:00.352057+00	2025-08-15 23:12:00.352074+00	3
117	바이오연구실	50	2025-08-16 00:05:39.455599+00	2025-08-16 00:05:39.455616+00	3
118	연구실	51	2025-08-16 00:07:24.461035+00	2025-08-16 00:07:24.461053+00	3
119	QA팀	52	2025-08-16 00:08:39.195778+00	2025-08-16 00:08:39.195796+00	3
120	교정팀	53	2025-08-16 00:09:45.532965+00	2025-08-16 00:09:45.532983+00	3
121	임상연구지원팀	54	2025-08-16 00:11:02.886177+00	2025-08-16 00:11:02.8862+00	3
122	영업팀	55	2025-08-16 00:13:43.839701+00	2025-08-16 00:13:43.839719+00	3
123	영업팀	56	2025-08-16 00:14:54.147086+00	2025-08-16 00:14:54.147103+00	3
124	BioProduct Team	37	2025-08-16 13:25:13.822279+00	2025-08-16 13:25:13.822302+00	2
125	산림병해충과	57	2025-08-16 14:13:29.007276+00	2025-08-16 14:13:29.0073+00	2
126	영업	58	2025-08-23 03:06:42.289584+00	2025-08-23 03:06:42.289603+00	3
127	qc팀	60	2025-08-23 14:01:49.366106+00	2025-08-23 14:01:49.366123+00	2
128	AD CMC	60	2025-08-23 14:07:57.288499+00	2025-08-23 14:07:57.288518+00	2
129	CMC AD팀	60	2025-08-23 14:08:13.65493+00	2025-08-23 14:08:13.654944+00	2
130	실험실	62	2025-08-23 14:41:52.185989+00	2025-08-23 14:41:52.186014+00	2
131	오남용약물연구실	49	2025-08-23 14:44:02.267045+00	2025-08-23 14:44:02.267061+00	2
133	영업팀	63	2025-08-29 21:53:28.313931+00	2025-08-29 21:53:28.313953+00	3
134	영업팀	64	2025-08-29 22:01:17.374062+00	2025-08-29 22:01:17.374091+00	3
135	서울대학교 바이오 심포지엄	3	2025-09-01 00:26:00.487359+00	2025-09-01 00:26:00.487376+00	2
136	바이오엔지니어링 기반 오가노이드 혁신 연구실	25	2025-09-05 08:24:41.966464+00	2025-09-05 08:24:41.966478+00	2
137	화학생명환경과학부	65	2025-09-07 06:34:56.703617+00	2025-09-07 06:34:56.703636+00	2
138	안과	28	2025-09-07 06:36:25.745305+00	2025-09-07 06:36:25.745323+00	2
139	생명공학과	66	2025-09-07 22:27:04.756219+00	2025-09-07 22:27:04.756235+00	3
140	식물배발생유전학연구실	3	2025-09-07 22:33:49.719685+00	2025-09-07 22:33:49.719701+00	3
141	지방세포및에너지대사연구실	3	2025-09-07 22:48:42.73094+00	2025-09-07 22:48:42.730959+00	3
142	천연물합성생물학연구실	3	2025-09-07 22:49:46.885334+00	2025-09-07 22:49:46.885352+00	3
143	식물시스템유전학연구실	3	2025-09-07 22:50:53.758248+00	2025-09-07 22:50:53.758265+00	3
144	분자이미징연구실	3	2025-09-07 22:54:12.223283+00	2025-09-07 22:54:12.223298+00	3
145	분자병리학실험실	3	2025-09-07 22:57:29.558283+00	2025-09-07 22:57:29.558302+00	3
146	RNA유전체학연구실	3	2025-09-07 22:59:02.422997+00	2025-09-07 22:59:02.423015+00	3
147	실험실	67	2025-09-07 23:02:07.682512+00	2025-09-07 23:02:07.682533+00	3
148	실험실	68	2025-09-07 23:05:32.314144+00	2025-09-07 23:05:32.314159+00	3
149	분자세포독성학	3	2025-09-09 06:16:04.102982+00	2025-09-09 06:16:04.103002+00	2
150	식물대사공학	24	2025-09-09 06:18:34.775037+00	2025-09-09 06:18:34.775053+00	2
151	발생유전학	24	2025-09-09 06:20:04.942007+00	2025-09-09 06:20:04.942024+00	2
152	유전생명공학과	24	2025-09-09 06:22:27.381604+00	2025-09-09 06:22:27.381622+00	2
153	고분자소재가공 실험실	17	2025-09-13 12:52:36.612763+00	2025-09-13 12:52:36.612781+00	2
154	연구소	69	2025-09-13 13:02:23.098338+00	2025-09-13 13:02:23.09836+00	2
155	식물약학 연구실	17	2025-09-13 13:03:53.680214+00	2025-09-13 13:03:53.680234+00	2
156	환경분석화학 연구실	70	2025-09-13 13:06:07.619849+00	2025-09-13 13:06:07.619868+00	2
157	박명진 박사 연구실	68	2025-09-13 13:11:29.12364+00	2025-09-13 13:11:29.123661+00	2
158	신현진 박사 연구실	68	2025-09-13 13:12:15.525627+00	2025-09-13 13:12:15.525647+00	2
159	김태진 박사 연구실	68	2025-09-13 13:14:25.224024+00	2025-09-13 13:14:25.224039+00	2
160	생물리화학 연구실	3	2025-09-13 13:29:05.010444+00	2025-09-13 13:29:05.010464+00	2
161	동물세포공학 연구	3	2025-09-13 13:32:17.48381+00	2025-09-13 13:32:17.48383+00	2
162	진화 및 계통유전체학 연구실	3	2025-09-13 13:33:39.755696+00	2025-09-13 13:33:39.755711+00	2
163	산부인과	28	2025-09-13 14:09:21.006668+00	2025-09-13 14:09:21.006686+00	2
164	성형외과	28	2025-09-13 14:12:25.142914+00	2025-09-13 14:12:25.14293+00	2
165	지방세포 및 에너지대사 연구실	3	2025-09-18 14:31:37.110206+00	2025-09-18 14:31:37.110227+00	2
166	분자면역생물학 연구실	3	2025-09-18 14:36:53.237541+00	2025-09-18 14:36:53.237557+00	2
167	분자 이미징 연구실	3	2025-09-18 14:46:02.341404+00	2025-09-18 14:46:02.341419+00	2
168	식품독성학 연구실	3	2025-09-18 14:50:50.675385+00	2025-09-18 14:50:50.675401+00	2
169	수의병리학 연구실	3	2025-09-18 14:56:02.609469+00	2025-09-18 14:56:02.609484+00	2
170	섬유소재 연구실	3	2025-09-18 14:58:17.8763+00	2025-09-18 14:58:17.876317+00	2
171	원예작물유전체학 연구실	3	2025-09-18 15:08:09.460943+00	2025-09-18 15:08:09.460969+00	2
172	피부과	28	2025-09-18 15:15:15.547119+00	2025-09-18 15:15:15.54714+00	2
173	내분비내과	28	2025-09-18 15:19:48.896196+00	2025-09-18 15:19:48.896216+00	2
174	호흡기내과	28	2025-09-18 15:20:19.597071+00	2025-09-18 15:20:19.597088+00	2
175	알레르기내과	28	2025-09-18 15:21:52.205175+00	2025-09-18 15:21:52.205189+00	2
176	소화기내과	28	2025-09-18 15:29:50.242805+00	2025-09-18 15:29:50.24282+00	2
177	방사선의학연구소	68	2025-09-18 15:47:23.864248+00	2025-09-18 15:47:23.864272+00	2
178	응용치료연구팀	68	2025-09-18 15:47:59.779428+00	2025-09-18 15:47:59.779448+00	2
179	불균일촉매 설계 연구실	3	2025-09-18 16:00:16.410922+00	2025-09-18 16:00:16.410941+00	2
181	염증및암세포생물학연구실	17	2025-09-21 06:54:40.246948+00	2025-09-21 06:54:40.246971+00	3
182	바이오센서 생명나노공학 연구실	26	2025-09-22 07:58:27.486679+00	2025-09-22 07:58:27.486697+00	2
183	환경 미생물 및 생태 연구실	72	2025-09-22 08:28:12.792985+00	2025-09-22 08:28:12.793015+00	2
184	RNA기반 암 정밀 의학 연구실	25	2025-09-22 08:45:24.318729+00	2025-09-22 08:45:24.318747+00	2
185	정해윤 박사 연구실	68	2025-09-22 08:47:59.878236+00	2025-09-22 08:47:59.878263+00	2
186	방사선반응조절연구팀	68	2025-09-22 08:48:15.00866+00	2025-09-22 08:48:15.008681+00	2
187	NGS팀	73	2025-09-22 08:53:36.468109+00	2025-09-22 08:53:36.468128+00	2
188	식품미생물제어공학 연구실	17	2025-09-25 08:54:04.169388+00	2025-09-25 08:54:04.169407+00	2
189	식품가공공정 연구실	17	2025-09-25 08:55:21.074492+00	2025-09-25 08:55:21.074511+00	2
190	농생명과학공동기기원	3	2025-10-02 02:25:20.505595+00	2025-10-02 02:25:20.505617+00	2
191	전기분석화학실험실	65	2025-10-12 04:55:50.808314+00	2025-10-12 04:55:50.808328+00	2
192	식품생명공학 연구실	65	2025-10-12 05:19:59.510714+00	2025-10-12 05:19:59.510729+00	2
193	정신건강의학과	28	2025-10-12 05:31:52.409364+00	2025-10-12 05:31:52.409382+00	2
194	이비인후과	28	2025-10-12 05:36:46.850491+00	2025-10-12 05:36:46.850505+00	2
195	이윤희 교수님 연구실	3	2025-10-18 07:12:41.165637+00	2025-10-18 07:12:41.165652+00	2
196	의학품 시험검사	74	2025-10-19 05:17:49.602454+00	2025-10-19 05:17:49.602476+00	2
197	제테마 생체재료연구실	74	2025-10-19 05:18:16.565393+00	2025-10-19 05:18:16.565414+00	2
198	GMP센터 QC팀	75	2025-10-19 05:20:16.715849+00	2025-10-19 05:20:16.715866+00	2
199	비임상연구부	76	2025-10-19 05:27:08.883872+00	2025-10-19 05:27:08.883889+00	2
200	뉴라클제네틱스	77	2025-10-19 05:45:56.385017+00	2025-10-19 05:45:56.385033+00	2
201	넥스트앤 바이오	69	2025-10-19 05:49:22.351382+00	2025-10-19 05:49:22.351398+00	2
202	조류질병과	43	2025-10-19 05:51:28.03999+00	2025-10-19 05:51:28.040006+00	2
203	첨단 대체시험 사업부	69	2025-10-20 00:17:50.698408+00	2025-10-20 00:17:50.698427+00	2
204	영업팀	78	2025-10-20 01:15:45.713753+00	2025-10-20 01:15:45.71377+00	3
205	BIO	42	2025-10-25 13:29:24.418286+00	2025-10-25 13:29:24.418307+00	2
206	연구실	79	2025-10-25 13:31:21.591806+00	2025-10-25 13:31:21.591828+00	2
207	치과	28	2025-10-25 13:35:57.982849+00	2025-10-25 13:35:57.982863+00	2
208	퇴행성 면역 중개의학연구실	25	2025-10-25 13:50:21.846382+00	2025-10-25 13:50:21.846407+00	2
209	미생물이용연구과	57	2025-10-30 08:46:40.372725+00	2025-10-30 08:46:40.372745+00	2
210	구조약학실 / 한병우 교수	3	2025-10-30 09:35:03.127012+00	2025-10-30 09:35:03.12703+00	2
211	병태생리학 / 이윤희 교수	3	2025-10-30 09:36:36.499576+00	2025-10-30 09:36:36.499595+00	2
212	의약분자생물학 실험	24	2025-11-01 23:31:00.626705+00	2025-11-01 23:31:00.626723+00	2
213	의약분자생물학 실험실	24	2025-11-01 23:31:05.2347+00	2025-11-01 23:31:05.234714+00	2
214	물리약학실 / 오유경 교수	3	2025-11-01 23:44:28.014137+00	2025-11-01 23:44:28.014156+00	2
215	미체유체 및 코팅 공정연구실	3	2025-11-01 23:49:57.056085+00	2025-11-01 23:49:57.056114+00	2
216	에너지 및 환경 촉매 연구실	3	2025-11-02 00:21:11.755371+00	2025-11-02 00:21:11.755385+00	2
217	천연물 과학연구소	3	2025-11-02 00:25:48.021172+00	2025-11-02 00:25:48.021185+00	2
218	약품제조화학연구실	3	2025-11-02 00:26:23.977877+00	2025-11-02 00:26:23.977895+00	2
219	분자바이러스학 연구실	25	2025-11-02 00:45:16.562991+00	2025-11-02 00:45:16.563007+00	2
220	응용DNA나노공학 연구실	25	2025-11-02 00:48:31.002748+00	2025-11-02 00:48:31.002766+00	2
221	이철환 교수님 실험실	81	2025-11-09 12:22:06.870944+00	2025-11-09 12:22:06.870963+00	2
222	대한약리학회 학술대회 77회	82	2025-11-09 12:34:06.817195+00	2025-11-09 12:34:06.817213+00	2
223	암악성화연구센터	83	2025-11-09 12:36:15.115954+00	2025-11-09 12:36:15.115977+00	2
224	내분비내과	84	2025-11-09 12:45:27.345026+00	2025-11-09 12:45:27.345044+00	2
225	류호진 교수 실험실	83	2025-11-09 12:49:21.729086+00	2025-11-09 12:50:56.002129+00	2
226	약리학 연구실	85	2025-11-09 12:52:27.804984+00	2025-11-09 12:52:27.805+00	2
227	의과대학 / 뉴로랩	86	2025-11-09 12:54:32.371195+00	2025-11-09 12:54:32.371212+00	2
228	생화학교실 / 박종일 교수	87	2025-11-09 12:56:45.986632+00	2025-11-09 12:56:45.986654+00	2
229	Jlab / 정희진 교수	88	2025-11-09 12:58:20.21234+00	2025-11-09 12:58:20.212361+00	2
231	약물학연구실 / 황성환 교수	89	2025-11-09 12:59:40.187214+00	2025-11-09 12:59:40.18723+00	2
232	약리학교실 / 김주영 교수	84	2025-11-09 13:03:42.054299+00	2025-11-09 13:03:42.054315+00	2
233	분자세포생리학 / 남궁완 교수	90	2025-11-09 13:07:19.690233+00	2025-11-09 13:07:19.69025+00	2
234	영업팀	91	2025-11-14 00:58:15.997263+00	2025-11-14 00:58:15.99728+00	3
\.


--
-- Data for Name: reporting_followup; Type: TABLE DATA; Schema: public; Owner: postgres
--

COPY public.reporting_followup (id, customer_name, status, priority, created_at, updated_at, user_id, address, notes, phone_number, email, manager, company_id, department_id, user_company_id) FROM stdin;
184	송유리	active	long_term	2025-09-07 22:32:36.747329+00	2025-09-16 00:06:57.303674+00	3	경북 포항시 남구 지곡로 55 포항공과대학교 생명공학연구센터 277호	심포지엄 방문 고객	010-2409-8604	thddbfl121@postech.ac.kr	김성철	66	139	\N
182	김명겸 교수	active	long_term	2025-09-07 06:34:58.981787+00	2025-09-16 00:06:57.305613+00	2			\N	\N	\N	65	137	\N
178	김유담	active	long_term	2025-08-29 21:59:00.810267+00	2025-09-16 00:06:57.309718+00	3			010-2611-7013	fogree@korea.ac.kr	김경헌	17	40	\N
211	김지호	active	long_term	2025-09-13 13:32:41.693771+00	2025-09-16 00:06:57.269973+00	2	200동 상록관 4204호		\N	\N	유경록 교수	3	161	\N
177	유동근	active	long_term	2025-08-29 21:54:00.735735+00	2025-09-16 00:06:57.311128+00	3	서울 종로구 창경궁로20길 32-7, 1층		070-4699-1080	dnc7885@hanmail.net	\N	63	133	\N
226	이세현	active	three_months	2025-09-18 15:13:43.169778+00	2025-10-25 12:00:24.387673+00	2	502동 6층		\N	alshforschool@gmail.com	이일하 교수	3	45	\N
171	이재철	active	long_term	2025-08-23 03:07:12.336233+00	2025-09-16 00:06:57.317282+00	3	강원도 춘천시 효자로14번길 19-1 (퇴계동) (좌측) 1층 101호		010-2721-6891	jcbio99@daum.net	이재철	58	126	\N
170	임연정	active	long_term	2025-08-16 14:13:33.025623+00	2025-09-16 00:06:57.318248+00	2			010-5154-7694	\N	산림병해충	57	125	\N
205	정찬우 연구원	active	long_term	2025-09-13 13:11:53.927876+00	2025-09-16 00:06:57.278632+00	2	1동 5층, 막내 연구원		\N	\N	박명진 박사	68	157	\N
194	홍다영	active	long_term	2025-09-07 22:58:40.569874+00	2025-09-16 00:06:57.292927+00	3	20동 4층	심포지엄 방문고객	010-5305-3181	\N	신영기	3	145	\N
176	유화니	active	long_term	2025-08-23 14:52:13.899882+00	2025-10-25 14:31:23.64268+00	2	3층 연구실		\N	hwanyaa85@kirams.re.kr	안지연 박사	68	177	\N
188	이성원	active	long_term	2025-09-07 22:51:38.651687+00	2025-09-16 00:06:57.299897+00	3	502동 630호	심포지엄 방문고객	010-2915-1451	leesw523@naver.com	이지영	3	143	\N
166	배재훈	active	long_term	2025-08-16 00:14:11.674747+00	2025-09-16 00:06:57.322567+00	3	대구광역시 북구 유통단지로24길 27 (산격동) 국제티에스과학		010-7578-7773	itskim@daum.net	\N	55	122	\N
165	신진철	active	long_term	2025-08-16 00:13:00.146591+00	2025-09-16 00:06:57.324329+00	3	서울특별시 구로구 디지털로 242, 한화비즈메트로 1011호		010-5091-9256	jcshin@logonebio.org	\N	54	121	\N
164	강경무	active	long_term	2025-08-16 00:10:00.184676+00	2025-09-16 00:06:57.325547+00	3			010-3544-3644	cal@labguide.kr	\N	53	120	\N
199	김혜원	active	one_month	2025-09-09 08:51:12.184522+00	2025-09-21 06:24:26.720576+00	3	504동 407호	구매담당자	\N	endrmf1@snu.ac.kr	안광석	3	10	\N
190	손수표	active	three_months	2025-09-07 22:53:48.930347+00	2025-09-21 07:22:10.300415+00	3	서울대학교 생명과학부 502동 303호 집단유전체학연구실	심포지엄 방문고객	010-7604-4103	sonforest@snu.ac.kr	정충원	3	116	\N
154	이석영 연구원	active	long_term	2025-08-02 15:11:42.779307+00	2025-10-25 14:35:07.600376+00	2			\N	\N	이석영 연구원	47	110	\N
158	오세영	active	one_month	2025-08-10 13:12:28.253353+00	2025-09-21 13:32:01.798151+00	2	미래융합기술관 3층 GRL연구실		\N	\N	이경미 교수님	17	114	\N
52	조서율	active	one_month	2025-07-13 13:23:43.379313+00	2025-10-26 12:44:05.608714+00	2	의과대학 6층 우측, 2층 111호 출입구앞쪽	조서율 연구원	\N	\N	김근형 교수	25	42	\N
160	박미진	active	long_term	2025-08-15 23:12:36.283068+00	2025-09-16 00:06:57.330038+00	3	서울대학교 생명과학부 502동 303호 집단유전체학연구실		\N	\N	\N	3	116	\N
153	오창재 박사	active	long_term	2025-08-02 15:08:16.772847+00	2025-09-16 00:06:57.339261+00	2			\N	\N	\N	46	108	\N
217	손지수	active	three_months	2025-09-18 14:28:49.948029+00	2025-09-21 13:54:43.929967+00	2			\N	\N	창동신 교수	3	149	\N
159	행정선생님	active	long_term	2025-08-15 23:04:57.904719+00	2025-09-22 23:13:31.259044+00	3	서울대학교 생명과학부 504동 303호 생치세균상호작용연구실		\N	\N	\N	3	115	\N
243	배상현 방장	active	long_term	2025-09-25 08:54:49.570541+00	2025-09-25 08:54:49.570559+00	2	생명공학 서관 223호		\N	bsh5249@naver.com	하재원 교수	17	188	\N
172	김희진	active	long_term	2025-08-23 14:01:53.126366+00	2025-10-13 02:33:19.47059+00	2			010-3655-9269	heejin.kim@stpharm.co.kr	\N	60	127	\N
252	아이비피랩	active	long_term	2025-10-19 05:19:34.102756+00	2025-10-19 05:19:34.102774+00	2	사기막골로 99 성남센트럴비즈타워 2차 A동 15층		\N	\N	\N	74	196	\N
152	국립수산물과학연구원	active	long_term	2025-08-02 15:06:21.24218+00	2025-09-16 00:06:57.340351+00	2			\N	\N	\N	45	107	\N
148	이재욱 연구원	active	long_term	2025-08-02 14:03:08.555475+00	2025-09-16 00:06:57.345012+00	2	생명과학관(서관) l308호? 3층 가운데		01093622891	\N	김대성 교수	17	85	\N
244	정진수	active	long_term	2025-09-25 08:56:38.968372+00	2025-10-30 08:36:11.193161+00	2	생명공학 서관 225호	서효정	010-9375-6295	findme0201@korea.ac.kr	한재준 교수	17	189	\N
206	탄티로아	active	long_term	2025-09-13 13:12:52.325868+00	2025-09-16 00:06:57.277414+00	2	1동 5층		\N	\N	신현진 박사	68	158	\N
200	이유진	active	long_term	2025-09-13 12:53:13.711977+00	2025-09-16 00:06:57.285373+00	2	cj식품관 204호		\N	erica1507@korea.ac.kr	박은영 교수	17	153	\N
195	김해준	active	long_term	2025-09-07 22:59:25.29022+00	2025-09-16 00:06:57.291587+00	3	203동 5층	심포지엄 방문고객	\N	\N	김빛내리	3	146	\N
189	김다빈	active	long_term	2025-09-07 22:52:25.841996+00	2025-09-16 00:06:57.298905+00	3	502동 630호	심포지엄 방문고객	\N	dabin920@snu.ac.kr	이지영	3	143	\N
212	방우준	active	three_months	2025-09-13 13:33:52.378297+00	2025-10-25 14:38:51.723941+00	2	504동 422호		\N	\N	신승관 교수	3	162	\N
137	김희곤	active	long_term	2025-07-27 09:44:10.325242+00	2025-09-16 00:06:57.355037+00	3	경상남도 창원시 성산구 중앙대로 77 (중앙동)  402호 미르텍	협력업체	010-3878-8812	labguide@hanmail.net	김희곤	32	76	\N
134	이수민 연구원	active	long_term	2025-07-27 08:31:19.410302+00	2025-09-16 00:06:57.357294+00	2	송재관 6층		\N	soo252@ajou.ac.kr	최재명 교수	26	72	\N
133	이소림 연구원	active	long_term	2025-07-27 08:23:03.492369+00	2025-09-16 00:06:57.358687+00	2	7층		\N	rim7036@naver.com	최용준 교수	26	109	\N
132	황새아 연구원	active	long_term	2025-07-27 08:16:12.055217+00	2025-09-16 00:06:57.359912+00	2	62동 255호		\N	\N	윤기정 교수	25	71	\N
130	김다은	active	long_term	2025-07-27 08:09:38.002208+00	2025-09-16 00:06:57.362194+00	3	성균관대학교 의과대학 6107호 종양미세환경연구실		\N	\N	\N	25	69	\N
129	유신	active	long_term	2025-07-27 08:08:18.539633+00	2025-09-16 00:06:57.363853+00	3	성균관대학교 의과대학 6102호 다음세대의학연구실		\N	\N	이주상	25	68	\N
127	6307호-성균관대학교	active	long_term	2025-07-27 08:06:26.446736+00	2025-09-16 00:06:57.365914+00	3	성균관대학교 의과대학 6307호 큐로젠		\N	\N	이창우	25	66	\N
126	206호-성균관대학교	active	long_term	2025-07-27 08:05:29.489641+00	2025-09-16 00:06:57.367+00	3	성균관대학교 생명공학관 62동 206호 유전자교정연구실		\N	\N	김희권	25	65	\N
125	\N	active	long_term	2025-07-27 08:05:03.198193+00	2025-09-16 00:06:57.368036+00	2			\N	\N	강진수 교수	3	64	\N
124	103호-성균관대학교	active	long_term	2025-07-27 08:04:17.426258+00	2025-09-16 00:06:57.369275+00	3	성균관대학교 생명공학관 62동 103호 T세포융합연구실		\N	\N	\N	25	63	\N
123	255호-성균관대학교	active	long_term	2025-07-27 08:00:10.690318+00	2025-09-16 00:06:57.370401+00	3	성균관대학교 생명공학관 62동 255호 신경발생줄기세포연구실		\N	\N	\N	25	62	\N
122	성민혁	active	long_term	2025-07-27 07:58:19.605838+00	2025-09-16 00:06:57.371524+00	3	성균관대학교 생명공학관 62동 151호 발생생식분자생물학연구실		\N	\N	\N	25	60	\N
121	\N	active	long_term	2025-07-27 07:57:13.274405+00	2025-09-16 00:06:57.37275+00	2			\N	\N	\N	31	59	\N
120	이채연 연구원	active	long_term	2025-07-27 07:50:21.944594+00	2025-09-16 00:06:57.374421+00	2	35동 3층		010-7508-2950	chae910@snu.ac.kr	정은혜 교	3	58	\N
117	이민정 교수	active	long_term	2025-07-27 06:05:16.490927+00	2025-09-16 00:06:57.377986+00	2			\N	mozorida78@gmail.com	이지웅 학과장	30	56	\N
81	이경환	active	long_term	2025-07-22 06:28:00.254623+00	2025-09-16 00:06:57.379144+00	3	카이스트	인사이드 최명길 대표님 고객 , 전자피펫 12채널 350uL 사용중	010-6347-5829	\N	\N	2	2	\N
80	이채현	active	long_term	2025-07-21 23:57:52.338984+00	2025-09-16 00:06:57.380044+00	3	서울대학교 에너지시스템공학부 135동 에너지자원신기술연구소 409호	서비스 고객 Acura 835.05 한 자루 사용하고 계심	010-7508-2950	chae910@snu.ac.kr	\N	3	3	\N
79	김가현	active	long_term	2025-07-20 07:20:54.000357+00	2025-09-16 00:06:57.381151+00	3	서울대학교 생명과학부 504동 308호 신경면역학연구실		\N	\N	\N	3	4	\N
78	이도희	active	long_term	2025-07-20 07:20:17.467601+00	2025-09-16 00:06:57.382065+00	3	서울대학교 생명과학부 504동 604-2호 세포배양실 맞은편		\N	\N	\N	3	5	\N
77	607호-서울대학교	active	long_term	2025-07-20 07:19:13.501368+00	2025-09-16 00:06:57.382929+00	3	서울대학교 생명과학부 504동 607호 분자세포유전학연구실		\N	\N	\N	3	6	\N
76	배호은	active	long_term	2025-07-20 07:18:18.668867+00	2025-09-16 00:06:57.38387+00	3	서울대학교 생명과학부 504동 502호 선천면역및세포사멸연구실		010-8865-8364	\N	Rajendra Karki	3	7	\N
73	407호-서울대학교	active	long_term	2025-07-20 07:13:15.745989+00	2025-09-16 00:06:57.387035+00	3	서울대학교 생명과학부 504동 407호 면역제어시스템연구실	정년이 얼마 남지 않은 연구실	\N	\N	\N	3	10	\N
71	백준채	active	long_term	2025-07-20 07:11:51.061254+00	2025-09-16 00:06:57.388957+00	3	서울대학교 생명과학부 504동 307호		010-9992-0340	\N	\N	3	5	\N
70	유수민	active	long_term	2025-07-20 07:09:51.781477+00	2025-09-16 00:06:57.389917+00	3	서울대학교 생명과학부 504동 309호 구조생물학연구실		010-7566-6917	\N	\N	3	12	\N
65	이주봉	active	long_term	2025-07-19 23:32:51.798713+00	2025-09-16 00:06:57.396364+00	2			\N	ljb2639@korea.kr	\N	23	36	\N
64	이성균 박사	active	long_term	2025-07-19 23:20:34.021752+00	2025-09-16 00:06:57.397308+00	2	서울대학교 13동 204,205호(연구실)		\N	hw97453@snu.ac.kr	정대홍 교수	3	37	\N
61	배유진	active	long_term	2025-07-16 04:53:47.775991+00	2025-09-16 00:06:57.399784+00	3	충청북도 청주시 흥덕구 오송읍 오송생명1로 151 오송공장 생산3동 2층 백신원제팀IPV	서비스 고객	010-6589-1108	yujinbae@lgchem.com	신학	4	16	\N
59	\N	active	long_term	2025-07-13 14:24:39.823847+00	2025-09-16 00:06:57.40141+00	2	200동 2212호		\N	\N	정수 교수	3	46	\N
58	\N	active	long_term	2025-07-13 14:08:39.68092+00	2025-09-16 00:06:57.402807+00	2			\N	\N	\N	29	53	\N
57	정대송 연구원	active	long_term	2025-07-13 14:08:10.423575+00	2025-09-16 00:06:57.404067+00	2	502동 6층		\N	\N	이일하 교수	3	45	\N
218	최지예	active	long_term	2025-09-18 14:32:03.360513+00	2025-09-18 15:02:59.086265+00	2	105동 서관 (왼쪽건물) 333호		010-2288-6484	\N	김재범 교수	3	165	\N
227	이현선	active	long_term	2025-09-18 15:16:45.189389+00	2025-09-18 15:16:45.189407+00	2	혁신파크헬스케어 3층 중앙연구실 5	에펜도르프 사용중\r\n악시젠 팁 호환이 안좋음\r\n2025 9월...실험 중단 저번달부터 실험못하는중,, 예산문제인가?	\N	hyhssky3@naver.com	나정임 교수	28	172	\N
236	권수진	active	one_month	2025-09-21 07:06:27.931429+00	2025-09-21 07:06:27.931452+00	3	고려대학교 하나과학관 206호 염증및암세포생물학연구실		010-6208-9814	kwsu9914@korea.ac.kr	고제상	17	181	1
75	이동엽	active	three_months	2025-07-20 07:17:24.757903+00	2025-09-21 07:07:57.365546+00	3	서울대학교 생명과학부 504동 401호 분자세포단백체학연구실		010-6480-2462	\N	\N	3	8	\N
11	박선향 연구원	active	one_month	2025-06-29 07:33:06.858268+00	2025-10-25 14:33:04.199769+00	2	경기도 수원시 장안구 서부로 2066 (천천동) 제2과학관 32302A\r\n박선향(소모품), 박민성(피펫)	qPCR  - QIAGEN\r\nPCR - Bio-rad S1000?\r\n팁 - Labcon > talson > axygen > 브랜드명 모름(저가형)\r\n피펫 - Gilson	\N	pgi0331@gmail.com	배외식 교수	25	41	\N
228	공준형	active	long_term	2025-09-18 15:18:32.018881+00	2025-10-25 14:32:21.591673+00	2	200동 생명관 3층		\N	denovokjh@snu.ac.kr	최도일 교수	3	171	\N
196	정서화	active	long_term	2025-09-07 23:02:46.721451+00	2025-09-16 00:06:57.290337+00	3	경기도 용인시 처인구 한터로 38 (유방동) (주)용인서울산업보건연구원		010-2438-6989	seohwa0911@ysihi.co.kr	이봉	67	147	\N
136	\N	active	long_term	2025-07-27 08:54:57.076528+00	2025-09-16 00:06:57.356225+00	2			\N	\N	\N	24	75	\N
56	박예섭 포닥	active	long_term	2025-07-13 14:03:51.253237+00	2025-09-16 00:06:57.405356+00	2	혜강관 407호		010-7154-0237	wizard309@ajou.ac.kr	유태현 교수	26	52	\N
54	전창환 연구	active	long_term	2025-07-13 13:34:28.287347+00	2025-09-16 00:06:57.408136+00	2	팔달관 7층	전부 Socorex 피펫 세팅	\N	ckdghks915@ajou.ac.kr	조인선 교수	26	43	\N
51	오유경 연구원	active	long_term	2025-07-13 13:13:16.496179+00	2025-09-16 00:06:57.412852+00	2	식품안전관 209호		\N	\N	김경헌 교수님	17	40	\N
49	이슬기	active	long_term	2025-07-13 08:52:55.013862+00	2025-09-16 00:06:57.415528+00	3	대건과학상사	대건과학상사를 통해 서비스 들어옴	010-7679-4778	lee12064778@medicakorea.com	\N	5	17	\N
47	이도원	active	long_term	2025-07-07 01:13:29.057895+00	2025-09-16 00:06:57.418398+00	3	경기도 화성시 향남읍 제약공단2길 34-26 (주)소야그린텍		010-3466-2570	dwlee@soyagreentec.co.kr	\N	7	19	\N
38	조성호 부장	active	long_term	2025-07-02 08:19:52.660746+00	2025-09-16 00:06:57.427899+00	2		유한양행 중앙연구소 (기흥)	010-2331-6572	vision4488@aver.com	\N	27	50	\N
35	오가노이드 기반 생체대사 연구실	active	long_term	2025-06-30 03:01:31.065658+00	2025-09-16 00:06:57.432768+00	2	86동 713호		\N	\N	박종찬 교수	25	102	\N
33	신경면역학 연구실	active	long_term	2025-06-30 02:37:37.960499+00	2025-09-16 00:06:57.437292+00	2	504동 308호	2025.03 부임	\N	\N	이홍균 교수	3	103	\N
32	발생신호전달연구실	active	long_term	2025-06-30 02:34:24.354962+00	2025-09-16 00:06:57.43876+00	2	504동 422호	2025.03 부임	\N	\N	심지원 교수	3	104	\N
31	조혜진	active	long_term	2025-06-30 00:47:55.83936+00	2025-09-16 00:06:57.440061+00	3	경상북도 포항시 남구 새천년대로 476 (대잠동) 3층 대한보건환경연구소(주)	서비스 고객	054-726-0071	khei0071@hanmail.net	\N	12	24	\N
21	농립축산검역본부	active	long_term	2025-06-29 08:35:55.726659+00	2025-09-16 00:06:57.450983+00	2	39660 경상북도 김천시 혁신8로 177		\N	\N	지오리서치와 방문	43	88	\N
20	최명환	active	long_term	2025-06-29 08:35:01.204214+00	2025-09-16 00:06:57.452055+00	2	경기도 수원시 영통구 월드컵로 206 (원천동) 연천관 1층		\N	myungh93@gmail.com	한순기 교수	26	99	\N
19	최윤영	active	long_term	2025-06-29 08:33:22.851392+00	2025-09-16 00:06:57.45304+00	2	32동 206호	교수님이 직접 오더함\r\n팁 - 악시젠\r\n피펫 - 에펜\r\n거래처 - 바이오셀(주)	\N	yunzero0411@naver.com	정재훈 교수	25	95	\N
17	이경석 연구원	active	long_term	2025-06-29 08:27:58.195277+00	2025-09-16 00:06:57.456085+00	2	200동 생명관 3층 3112호\r\n이선미(소모품), 이경석(장비)		010-2445-6579	dlrudtjr2479@snu.ac.kr	강병철 교수	3	54	\N
15	김채린	active	long_term	2025-06-29 08:22:47.016227+00	2025-09-16 00:06:57.458909+00	2	경기도 수원시 영통구 월드컵로 206 (원천동) 혜강관 408호		\N	fls1417@ajou.ac.kr	박현지 교수	26	73	\N
12	유영철 연구교수	active	long_term	2025-06-29 08:01:42.196652+00	2025-09-16 00:06:57.462585+00	2	경희대학교 경기도 용인시 기흥구 덕영대로 1732 국제경영관 109호	이상원교수와 오래된 거래처 바이오누리(오파상) 고동무 사장	\N	\N	이상원 교수	24	152	\N
8	권순기	active	long_term	2025-06-20 07:49:38.057153+00	2025-09-16 00:06:57.468036+00	3	충청북도 청주시 흥덕구 오송읍 오송생명1로 151 오송공장 생산3동 2층 백신원제팀IPV	사원	010-2959-4703	soonki@lgchem.com	신학철	4	16	\N
7	박주한	active	long_term	2025-06-20 07:47:19.796219+00	2025-09-16 00:06:57.469016+00	3	서울시 성북구 안암로 145 고려대학교 CJ식품안전관 201호	고려대학교 손홍석 교수님 랩실 연구원	010-3232-7824	0804pjh@korea.ac.kr	손홍석	17	29	\N
50	박주한 연구원	active	one_month	2025-07-13 13:07:00.215974+00	2025-10-25 14:13:18.768139+00	2	CJ식품관 201호		\N	\N	손홍석 교수님	17	29	\N
219	홍누리	active	long_term	2025-09-18 14:34:47.349969+00	2025-10-25 14:33:43.864511+00	2	105동 서관 (왼쪽건물) 333호	마우스 실험, 이 실험실에서 그냥 바로 째고 다함	010-2673-9707	ghdsnfl1001@snu.ac.kr	김재범 교수	3	141	\N
55	생명유전체정보학 연구실	active	long_term	2025-07-13 13:37:34.972488+00	2025-09-22 08:00:41.182907+00	2	팔달관 507-2	거래처 : 이지사이언스	\N	\N	박대찬 교수	26	44	\N
253	파미셀	active	long_term	2025-10-19 05:21:09.292642+00	2025-10-19 05:21:09.292664+00	2	상대원동 513-14		\N	\N	\N	75	198	\N
41	서예은 연구원	active	three_months	2025-07-05 06:59:54.248544+00	2025-10-27 00:40:41.56688+00	2	200동 1053호(상록관)이소의박사, 서예은 연구원	피펫 : 길슨 조금, 스타랩 에르고원 많이\r\n전자피펫 : SOCOREX 2대 8채널 모듈 (10,200) 12채널 모듈(10,200)\r\n팁 : 벌크 10(shot), 1000 엑셀?, 리로드팁 10(익스텐디드),200 QSP \r\nPCR : BIO-RAD\r\nPCR TUBE : bioneer	\N	\N	최도일 교수	3	38	\N
213	배준현	active	three_months	2025-09-13 14:08:31.129948+00	2025-10-25 14:31:38.05115+00	2			\N	\N	김세중 교수	28	51	\N
201	진보라	active	three_months	2025-09-13 13:02:39.454375+00	2025-10-25 14:32:34.185475+00	2	산학관		\N	\N	\N	69	154	\N
245	이보람	active	three_months	2025-10-02 02:26:15.878007+00	2025-10-25 14:37:01.130758+00	2	203동 지하1층	디엘텍 이규철 차장 고객	\N	\N	NICEM	3	190	\N
16	김소리	active	three_months	2025-06-29 08:26:55.918342+00	2025-10-25 14:43:56.884513+00	2	서울특별시 관악구 관악로 1 (신림동) 20동 222호		\N	soleezzang@snu.ac.kr	창동신 교수	3	149	\N
264	김지원	active	long_term	2025-10-30 08:46:59.216827+00	2025-10-30 08:46:59.216847+00	2			\N	rainbouu@nate.com	\N	57	209	\N
197	권영주	active	long_term	2025-09-07 23:05:35.237243+00	2025-09-16 00:06:57.289231+00	3			010-9918-0405	dudwn08082@naver.com	\N	68	148	\N
179	정찬호	active	long_term	2025-08-29 22:01:35.492759+00	2025-09-16 00:06:57.308652+00	3			010-7159-1247	wkbio@wonkangbio.com	간봉철	64	134	\N
173	신현빈 대리	active	long_term	2025-08-23 14:08:47.472843+00	2025-09-16 00:06:57.31521+00	2	에스티팜 반월공장 4층 CMC팀		010-2338-7726	hyeonbin.shin@stpharm.co.kr	\N	60	129	\N
167	이동율	active	long_term	2025-08-16 00:15:25.576457+00	2025-09-16 00:06:57.321496+00	3	대구광역시 중구 서성로 49-18 (서문로2가) 대구화학상사		053-252-6262	2526262@hanmail.net	\N	56	123	\N
161	정나래	active	long_term	2025-08-16 00:06:34.454141+00	2025-09-16 00:06:57.328922+00	3	서울특별시 송파구 법원로11길 7(문정동) 문정현대지식산업센터 1-2, C동 1401호		010-7730-4690	nrjeong@ubixtrx.com	\N	50	117	\N
149	김덕호 연구원	active	long_term	2025-08-02 14:15:22.54463+00	2025-09-16 00:06:57.343915+00	2	생명과학관(서관) 3층 ? 왼쪽 에있음		\N	jhahn.hana@gmail.com	이철구 교수	17	86	\N
131	박상욱	active	long_term	2025-07-27 08:10:23.607651+00	2025-09-16 00:06:57.361048+00	3	성균관대학교 의과대학 6109호 대사질환연구실		\N	\N	엄성희	25	70	\N
220	한지윤	active	long_term	2025-09-18 14:37:16.785276+00	2025-09-18 14:37:16.785295+00	2	105-1동 221호 2025 신생랩	면역 연구자, PCR 장비(takara, Bio-rad)	010-5243-9343	hanjy97@snu.ac.kr	황수석 교수	3	166	\N
202	유나연	active	long_term	2025-09-13 13:03:55.953746+00	2025-09-18 15:53:29.539949+00	2			\N	\N	정의환 교수	17	155	\N
237	이유라	active	one_month	2025-09-21 07:12:08.852498+00	2025-09-21 07:12:08.852516+00	3	경북 포항시 남구 지곡로 55 포항공과대학교 생명공학연구센터 277호		010-2568-9292	youragy@postech.ac.kr	김성철	66	139	1
185	이소정	active	three_months	2025-09-07 22:34:29.546705+00	2025-09-21 07:19:59.890264+00	3	생명과학부 502동 6층	심포지엄 방문 고객	010-2022-6647	dlthwjd450@snu.ac.kr	최연희	3	140	\N
191	김민정	active	three_months	2025-09-07 22:54:44.684796+00	2025-09-21 07:22:32.554776+00	3	105동 102호	심포지엄 방문고객	010-8297-4601	mjkim7484@snu.ac.kr	노성훈	3	144	\N
208	김다함	active	three_months	2025-09-13 13:14:43.787355+00	2025-09-21 13:37:23.932064+00	2	1동 5층이나 2동 3층이로 이사 준비중		\N	\N	김태진 박사	68	159	\N
246	김명은 연구원	active	long_term	2025-10-12 04:56:03.834908+00	2025-10-12 04:56:03.834924+00	2			\N	\N	이창석 교수	65	191	\N
254	오기웅 프로	active	long_term	2025-10-19 05:28:39.552926+00	2025-10-19 05:28:39.552946+00	2	사기막골로 99 10층		\N	KBI@kbihealth.com	\N	76	199	\N
229	박지민 박사후 연구원	active	three_months	2025-09-18 15:19:57.310759+00	2025-10-25 10:07:18.362188+00	2	중앙연구실 6		010-8537-8609	wlals0929@snu.ac.kr	공성혜 교수	28	173	\N
214	임재빈	active	one_month	2025-09-13 14:08:49.19944+00	2025-10-25 11:57:06.650013+00	2			\N	\N	박석우 교수	28	51	\N
155	권영주 박사	active	long_term	2025-08-02 15:12:24.594518+00	2025-10-25 14:33:17.448302+00	2			\N	\N	김재성 박사	68	178	\N
53	신송희 연구원	active	three_months	2025-07-13 13:32:37.088112+00	2025-10-25 14:36:18.944605+00	2	의과대학 401호	1. 피펫 및 소모품 현황\r\n\r\n에펜도르프 피펫 사용 중이며, Axigen 팁 및 튜브 사용.\r\n\r\n멀티채널 피펫은 PCR 계획에 따라 약 6개월 내(연말경) 구매 예정.\r\n\r\n현재는 PCR 실험 전 단계이며, 실험 준비 중.\r\n\r\n담당자: 신송희 (sk0819sh1@skku.edu)	\N	sk0819sh1@skku.edu	박성진 교수	25	48	\N
265	박명성	active	long_term	2025-10-30 09:35:07.747033+00	2025-10-30 09:35:07.747055+00	2	20동 212호		\N	pms000617@snu.ac.kr	\N	3	210	\N
215	신정우	active	long_term	2025-09-13 14:09:39.697631+00	2025-09-16 00:06:57.264618+00	2			\N	\N	이정렬 교수	28	163	\N
209	김유담	active	long_term	2025-09-13 13:16:28.93988+00	2025-09-16 00:06:57.272228+00	2	cj식품관 209호 1연구실, 생명과학대학 서관 226호 2연구실, 정유은 방장		\N	\N	김경헌 교수	17	40	\N
18	한유진	active	one_month	2025-06-29 08:31:36.219714+00	2025-11-09 13:24:40.940377+00	2	서울특별시 관악구 관악로 1 (신림동) 200동 상록관 4층		010-4479-1962	ys30517@snu.ac.kr	한재용 교수	3	89	\N
203	한지현	active	long_term	2025-09-13 13:06:32.852215+00	2025-09-16 00:06:57.281099+00	2	청운관 3층, 2025 12월에 졸업		\N	\N	신현상 교수	70	156	\N
192	정동준	active	long_term	2025-09-07 22:55:45.882151+00	2025-09-16 00:06:57.2955+00	3	504동 407호	심포지엄 방문고객	010-2094-5098	dongs2015@snu.ac.kr	안광석	3	10	\N
230	\N	active	long_term	2025-09-18 15:20:30.883442+00	2025-09-18 15:20:30.883459+00	2			\N	\N	\N	28	174	\N
156	한은영	active	one_month	2025-08-07 00:39:22.82858+00	2025-09-21 04:56:59.640651+00	3	서울특별시 도봉구 삼양로 144길 33	교수님	010-2399-7208	homepage2600@duksung.ac.kr	한은영	49	112	\N
186	최지혜	active	one_month	2025-09-07 22:49:16.62372+00	2025-09-21 07:16:44.352403+00	3	105동333호	심포지엄 방문고객	010-2288-6484	0221221@snu.ac.kr	김재범	3	141	\N
142	이예슬	active	three_months	2025-07-27 10:08:24.785421+00	2025-09-21 07:25:05.041282+00	3			010-4786-2379	yeseul.lee@biomatz.com	\N	37	81	\N
238	바이오센서	active	long_term	2025-09-22 07:58:52.551477+00	2025-09-22 07:58:52.551501+00	2	혜강관 507호		\N	\N	윤현철 교수	26	182	\N
180	서울대학교 바이오 심포지엄	active	long_term	2025-09-01 00:26:07.759363+00	2025-09-16 00:06:57.307577+00	2			\N	\N	최인태	3	135	\N
174	민가홍	active	long_term	2025-08-23 14:42:08.154266+00	2025-09-16 00:06:57.314197+00	2	서울특별시 구로구 디지털로 242 한화비즈메트로 1차 714호		\N	\N	\N	62	130	\N
168	이예슬	active	long_term	2025-08-16 13:25:37.131168+00	2025-09-16 00:06:57.320264+00	2	경기도 과천시 갈현동 554 디 테크 타워 과천 A동 1208호		010-4786-2379	yeseul.lee@biomatz.com	\N	37	124	\N
162	홍서영	active	long_term	2025-08-16 00:07:54.228991+00	2025-09-16 00:06:57.327715+00	3	경기도 안산시 단원구 능안로 107 경기도, 신길동		010-7413-2479	hsy08220@boryung.co.kr	\N	51	118	\N
144	김승연	active	long_term	2025-07-29 23:03:33.279957+00	2025-09-16 00:06:57.347177+00	3	서울대학교 생명과학부 504동 503호 세포생화학연구실		010-2412-4414	\N	\N	3	82	\N
143	오휘진	active	long_term	2025-07-29 22:57:54.639537+00	2025-09-16 00:06:57.348139+00	3	서울대학교 생명과학부 504동 502호 선천면역및세포사멸연구실	배호은 연구원님의 후배	010-6770-0613	\N	Rajendra Karki	3	7	\N
141	이홍주	active	long_term	2025-07-27 10:05:40.981967+00	2025-09-16 00:06:57.350094+00	3		테오 의 고객	010-9149-2817	tlsdmstnr41@naver.com	\N	36	80	\N
140	한상민	active	long_term	2025-07-27 09:47:18.050878+00	2025-09-16 00:06:57.351131+00	3	강원특별자치도 춘천시 동내면 춘천순환로72번길 33-16, 1층		\N	teo8546@hanmail.net	한상	35	79	\N
247	송상훈 교수님 연구실	active	long_term	2025-10-12 05:20:32.324927+00	2025-10-12 05:20:32.324942+00	2			\N	\N	송상훈 교수	65	192	\N
255	뉴라클제네틱스	active	long_term	2025-10-19 05:46:10.169677+00	2025-10-19 05:46:10.169697+00	2	고려대학교 산학협력관					77	200	1
150	김민지 연구원	active	long_term	2025-08-02 14:43:03.958761+00	2025-10-25 13:29:37.419399+00	2	경기도 과천시 과천대로7길 33 (갈현동) A동1501호		\N	jerry@emocog.com	\N	42	205	\N
221	김민정	active	long_term	2025-09-18 14:48:00.227405+00	2025-10-25 14:34:33.769827+00	2	105동 102호	paradigm 팁과 isofreeze rack	010-8297-4601	mjkim7484@snu.ac.kr	노성훈 교수	3	167	\N
266	최철준	active	long_term	2025-10-30 09:37:03.39144+00	2025-10-30 09:37:03.391466+00	2	약학대학		\N	hgg121@snu.ac.kr	\N	3	211	\N
128	강예은	active	long_term	2025-07-27 08:07:26.596773+00	2025-09-16 00:06:57.364858+00	3	성균관대학교 의과대학 6302호 분자면역학연구실		\N	\N	이기영	25	67	\N
222	\N	active	long_term	2025-09-18 14:57:21.324196+00	2025-09-18 15:00:18.095227+00	2	86동 수의병리학 교실	825 사용 추적중	\N	\N	김대용 교수	3	169	\N
210	홍성현	active	long_term	2025-09-13 13:29:53.736415+00	2025-09-16 00:06:57.27122+00	2	503동 308호		\N	\N	고준석 교수	3	160	\N
204	김규민	active	long_term	2025-09-13 13:07:29.291505+00	2025-09-16 00:06:57.279861+00	2	청운관 3층, 곧 졸업		\N	\N	신현상 교수	70	156	\N
216	김희지	active	long_term	2025-09-13 14:12:32.261108+00	2025-09-18 15:26:37.860461+00	2			\N	\N	은석찬 교수	28	164	\N
198	이수진	active	one_month	2025-09-09 08:48:53.11438+00	2025-09-21 06:24:23.143975+00	3	서울대학교 생명과학부 504동 309호 구조생물학연구실	소모품 담당 연구원	010-9915-6169	diolmandy@snu.ac.kr	최희정	3	12	\N
187	김기현	active	three_months	2025-09-07 22:50:16.507834+00	2025-09-21 07:21:43.48572+00	3	20동 519호	심포지엄 방문고객	010-3514-5766	\N	윤여준	3	142	\N
193	조경아	active	three_months	2025-09-07 22:56:55.421161+00	2025-09-21 07:22:53.358719+00	3	504동 401호	심포지엄 방문고객	010-5053-8330	kyungacho@snu.ac.kr	허원기	3	8	\N
169	심윤지	active	one_month	2025-08-16 14:10:16.345759+00	2025-09-21 13:39:18.793862+00	2	고려대학교 미래융합관 318호		010-8993-6240	tla1525@naver.com	이경미 교수	17	114	\N
239	환경 미생물 및 생태 연구실	active	long_term	2025-09-22 08:30:44.73244+00	2025-09-22 08:30:44.732469+00	2			\N	hchung@konkuk.ac.kr	정혜근 교수	72	183	\N
248	임송희 연구원	active	long_term	2025-10-12 05:32:08.722846+00	2025-10-12 05:32:08.722862+00	2			\N	\N	김의태 교수	28	193	\N
183	김민아	active	long_term	2025-09-07 06:36:32.938643+00	2025-10-25 11:35:57.194643+00	2			\N	\N	우세준 교수	28	138	\N
181	김민	active	long_term	2025-09-05 08:58:37.789442+00	2025-09-16 00:06:57.306579+00	2	성균관대학교 자연과학캠퍼스 DRC관 4층 제일 좌측		\N	hjjm7106@naver.com	민성진 교수	25	136	\N
175	한은영 교수	active	long_term	2025-08-23 14:45:00.967057+00	2025-09-16 00:06:57.3133+00	2			\N	\N	한은영 교수	49	131	\N
163	강인모	active	long_term	2025-08-16 00:09:07.545066+00	2025-09-16 00:06:57.326599+00	3	경기도 광명시 하안로 60 (소하동) 광명SK테크노파크 D동 1014호		010-9153-1533	inmo94@cefobio.com	\N	52	119	\N
157	정나래	active	long_term	2025-08-10 06:28:25.180748+00	2025-09-16 00:06:57.333717+00	2			\N	\N	\N	50	113	\N
151	인천시 보건환경연구원	active	long_term	2025-08-02 15:05:24.110139+00	2025-09-16 00:06:57.341606+00	2			\N	\N	\N	44	106	\N
145	손지완	active	long_term	2025-07-29 23:05:13.535275+00	2025-09-16 00:06:57.34605+00	3	서울대학교 생명과학부 504동 207호 세포소기관연구실		010-3299-2294	\N	\N	3	15	\N
139	김성용	active	long_term	2025-07-27 09:46:20.364122+00	2025-09-16 00:06:57.352393+00	3	서울특별시 금천구 가산디지털1로 19 (가산동) 대륭테크노타운18차 1001호		010-4022-7603	seongyong.kim@exocobio.com	\N	34	78	\N
138	이재욱	active	long_term	2025-07-27 09:45:07.426067+00	2025-09-16 00:06:57.353762+00	3	경기도 고양시 덕양구 혜음로13번길 43 (고양동) 201호, 빌딩	협력업체	010-4714-9003	jwnothing@nate.com	이재욱	33	77	\N
119	김민석	active	long_term	2025-07-27 07:15:00.929528+00	2025-09-16 00:06:57.375607+00	3	서울대학교 생명과학부 504동 309호 구조생물학연구실	소모품 담당 연구원님(전)	010-6740-6300	alstjr6363@snu.ac.kr	최희정	3	12	\N
63	\N	active	long_term	2025-07-19 23:14:19.816786+00	2025-09-18 15:53:47.93724+00	2	전라남도 강진군 작천면 금강로 619		\N	\N	\N	23	47	\N
68	이다민	active	one_month	2025-07-20 07:03:27.968832+00	2025-09-21 06:25:03.604151+00	3	서울대학교 생명과학부 504동 208호 미생물공생및면역연구실 (박주홍 교수님)		010-9172-7636	tingo97@snu.ac.kr	박주홍	3	14	\N
231	강미현	active	long_term	2025-09-18 15:22:29.059244+00	2025-11-09 13:21:31.46575+00	2	3층 중앙연구실 6		\N	biokmh@naver.com	\N	28	175	\N
67	박민영	active	three_months	2025-07-20 06:57:33.992755+00	2025-09-21 07:23:07.342491+00	3	서울대학교 생명과학부 504동 207호 세포소기관연구실		\N	\N	장원열	3	15	\N
118	하익수	active	long_term	2025-07-27 06:43:38.292545+00	2025-09-22 08:35:11.476014+00	2			\N	gk257252@kookmin.ac.kr	윤정희 교수	31	57	\N
240	이기욱	active	long_term	2025-09-22 08:45:45.479612+00	2025-09-22 08:45:45.479631+00	2	공학관 62156호		010-5580-1770	lkw159159@naver.com	전영준 교수	25	184	\N
44	김남연	active	long_term	2025-07-07 00:38:27.81719+00	2025-09-22 23:08:39.460941+00	3	광주광역시 북구 서암대로 100(신안동) 신안빌딩 4층		010-9373-5829	namyeon@invirustech.com	\N	10	22	\N
43	최예진	active	long_term	2025-07-07 00:37:21.876758+00	2025-09-22 23:08:58.631333+00	3	대전광역시 유성구 온천북로 33번길 10 라팰리스상가 4층		042-824-7022	ye_jin2020@daum.net	\N	11	23	\N
72	최준하	active	long_term	2025-07-20 07:12:34.52282+00	2025-09-16 00:06:57.387978+00	3	서울대학교 생명과학부 504동 406호 막생물학연구실		010-3470-1738	\N	\N	3	11	\N
46	김도엽	active	long_term	2025-07-07 00:46:40.641528+00	2025-09-22 23:09:11.673904+00	3		직장 동료	\N	\N	\N	8	20	\N
74	이대원	active	long_term	2025-07-20 07:15:09.949129+00	2025-09-24 08:18:45.747518+00	3	서울대학교 생명과학부 504동 403호 발생신호전달연구실		010-9400-5607	flydwlee@gmail.com	심지원	3	9	\N
69	이관우	active	long_term	2025-07-20 07:08:10.939961+00	2025-09-16 00:06:57.391044+00	3	서울대학교 생명과학부 504동 301호 미생물생리학연구실		010-8498-2853	\N	석영재	3	13	\N
249	이비인후과 실험실	active	long_term	2025-10-12 05:37:47.712301+00	2025-10-12 05:37:47.712315+00	2			\N	\N	주자원 교수	28	194	\N
257	검역본부	active	long_term	2025-10-19 05:51:42.651868+00	2025-10-19 05:51:42.651883+00	2	연구동 1층				강성일 박사	43	202	1
261	셀리드	active	long_term	2025-10-25 13:31:26.705429+00	2025-10-25 13:31:26.705448+00	2	약학관 142동				셀리드	79	206	1
48	배영범	active	long_term	2025-07-13 08:51:28.358337+00	2025-09-16 00:06:57.417113+00	3	충청남도 논산시 양촌면 중산길 39-83		010-6299-9510	yb900@naver.com	\N	6	18	\N
45	허정운	active	long_term	2025-07-07 00:39:23.252418+00	2025-09-16 00:06:57.420955+00	3	울산광역시 남구 테크노산업로81번길 25(두왕동) 2층		010-2572-5341	ju.heo@cyet.co.kr	\N	9	21	\N
39	박진희 연구원	active	long_term	2025-07-02 08:28:50.915931+00	2025-09-16 00:06:57.426524+00	2	경기도 성남시 분당구 정자동 217 분당서울대학교병원 헬스케어혁신파크 3층 제 2연구실\r\n배준현, 임재빈, 박진희, 이승연박사	전자피펫 - 써머 E1 (전용팁) 16CH\r\n　　　　- 에펜도르프 8CH 전자\r\nQSP - 겔로딩팁, 5100ea 51만원\r\nSocorex - 825(10 2게, 200 1개, 1000 3개), 855.08(10, 200μl) 416.100(1개), 3070.0200PRS, 447.100E (3개?)\r\nParadigm - 4135N00, 4235N00, 4345N00	010-3051-1655	baechoo0426@naver.com	박석우 교수, 김세중 교수	28	51	\N
233	\N	active	long_term	2025-09-18 15:29:56.583301+00	2025-09-18 15:29:56.583322+00	2			\N	\N	\N	28	176	\N
22	생물정보학	active	long_term	2025-06-29 14:21:40.478534+00	2025-09-18 15:51:59.399399+00	2			\N	\N	백대현 교수	3	93	\N
36	미생물학 연구실	active	long_term	2025-06-30 03:04:02.040908+00	2025-09-18 15:55:11.26264+00	2	32동 208호	LPS 리로드 팁 17,000원에 구매하여 사용중	\N	\N	조홍백 교수	25	97	\N
258	하익수	active	three_months	2025-10-19 23:34:13.040621+00	2025-10-19 23:34:52.981624+00	3	미래관 2층		010-8931-2572	\N	\N	31	57	\N
6	박진열	active	long_term	2025-06-20 07:45:14.775315+00	2025-09-21 04:56:01.482488+00	3	광주광역시 동구 필문대로104 (계림동) 3층	광주 대리점 대표님	010-9886-8715	dahit2701@gmail.com	박진열	18	30	\N
23	김제현	active	long_term	2025-06-29 14:24:39.983433+00	2025-09-21 13:30:08.397505+00	2	504동 224호		\N	jhk4839@snu.ac.kr	신혜영 교수	3	94	\N
25	막 단백질 단분자 연구단	active	long_term	2025-06-29 14:34:29.023128+00	2025-09-21 13:30:48.527151+00	2	105-2동 233호		\N	\N	윤태영	3	91	\N
26	발생유전학	active	long_term	2025-06-30 00:36:48.108092+00	2025-09-21 13:31:11.175391+00	2	생대 309호	피펫 - Labnet\r\n팁 - axygen	\N	\N	정용수 교수	24	151	\N
27	식물생화학 연구실	active	long_term	2025-06-30 00:40:11.04025+00	2025-09-21 13:31:29.600797+00	2	생대 411호	팁 - QSP,\r\n피펫 - 써머핀, Gilson	\N	\N	박영준 교수	3	101	\N
34	정용욱	active	long_term	2025-06-30 02:59:22.969311+00	2025-09-21 14:07:11.122763+00	2	경기도 용인시 기흥구 덕영대로 1732, 경희대학교 국제경영대학관 113-1호		\N	on00739@khu.ac.kr	하선화 교수	24	150	\N
29	작물정보학 연구실	active	long_term	2025-06-30 00:42:25.539437+00	2025-09-21 14:07:50.593968+00	2	생대 512호	피펫 - 에펜\r\n팁 - qsp	\N	\N	홍무종 교수	3	105	\N
224	석사 연구원	active	long_term	2025-09-18 15:04:26.305373+00	2025-09-22 01:38:33.318925+00	2	생활과학대학 222동 610호		\N	\N	권훈정 교수	3	168	\N
241	정해윤 박사	active	long_term	2025-09-22 08:48:03.598892+00	2025-09-22 08:48:19.274228+00	2			\N	\N	정해윤 박사	68	186	\N
28	김완섭	active	long_term	2025-06-30 00:41:05.315533+00	2025-09-22 23:09:26.504411+00	3	대전광역시 대덕구 대화로106번길 66 (대화동) 펜타플렉스 216호	한텍 대표님	010-6402-7927	7927kim1@naver.com	김완섭	14	26	\N
10	임홍준	active	long_term	2025-06-20 08:33:45.435606+00	2025-09-22 23:09:49.224718+00	3	대전광역시 대덕구 대화로 135(대화동) 108호 제네틴바이오		042-331-1549	info@genetinbio.co.kr	임홍준	15	27	\N
9	손재동	active	long_term	2025-06-20 07:52:46.285934+00	2025-09-22 23:10:01.512668+00	3	대구광역시 북구 유통단지로 103 (산격동) 건축자재관 2층 10호		053-710-4790	go@goresearch.co.kr	손재동	16	28	\N
30	손준영	active	long_term	2025-06-30 00:44:18.259001+00	2025-09-22 23:13:19.287301+00	3	전라북도 전주시 덕진구 호반 3길 5 1층 상가 GBS(검정대문 앞)	지비에스 과장님	010-5882-9633	bill7877718@daum.net	\N	13	25	\N
262	치과	active	long_term	2025-10-25 13:36:02.716146+00	2025-10-25 13:36:02.716169+00	2					치과	28	207	1
24	윤정근	active	long_term	2025-06-29 14:31:19.796451+00	2025-10-25 14:34:44.431562+00	2	504-502		\N	ryoon3872@snu.ac.kr	라젠드라 카르키 교수	3	98	\N
3	이상호	active	long_term	2025-06-19 08:09:27.385687+00	2025-09-16 00:06:57.47311+00	3	경기도 양평군 양평읍 흥청중앙길 19번길 12 1층	병원 소개	010-3728-5312	lsh@scllab.co.kr	\N	21	33	\N
234	강한결	active	long_term	2025-09-18 16:00:25.168938+00	2025-09-22 01:36:33.768889+00	2	서울특별시 관악구 관악로 1 서울대학교 신공학관 302동 715호		\N	\N	강종헌 교수	3	179	\N
242	김유진	active	long_term	2025-09-22 08:53:39.178258+00	2025-09-22 08:53:39.178278+00	2	경기도 성남시 분당구 정자동 217 분당서울대학교병원 헬스케어혁신파크 4층		010-7352-8188	special_uj@biobankhealing.com	\N	73	187	\N
5	김힘찬	active	long_term	2025-06-19 08:13:50.513854+00	2025-09-22 23:10:12.580637+00	3	경기도 수원시 장안구 송원로59번길58 (송죽동) (주)대일바이오텍	경쟁사 Rainin 대리점 직원	010-5820-6421	sales@daeilbio.co.kr	한상철	19	31	\N
4	유환	active	long_term	2025-06-19 08:11:32.727374+00	2025-09-22 23:10:33.450762+00	3	충청북도 청주시 서원구 구룡산로52번가길 9(성화동) 1층	대리점 직원	010-5227-9617	yu_h@insidesci.co.kr	최명길	20	32	\N
223	이진욱	active	long_term	2025-09-18 14:59:05.947805+00	2025-11-02 01:08:36.534955+00	2	222동 307호	835 사용 추적중	\N	\N	김주연 교수	3	170	\N
251	조홍현	active	long_term	2025-10-18 07:12:54.853124+00	2025-10-18 07:12:54.85314+00	2	20동 약학대학 4층				이윤희 교수	3	195	1
259	박명훈	active	long_term	2025-10-20 01:16:57.228431+00	2025-10-20 01:16:57.22845+00	3			010-7153-2796	parkmyhun@naver.com		78	204	1
225	최지인 방장	active	long_term	2025-09-18 15:08:32.543703+00	2025-10-25 12:00:08.585207+00	2	200동 생명관 3층		\N	\N	최도일 교수	3	171	\N
263	남지호	active	long_term	2025-10-25 13:51:06.491647+00	2025-10-25 13:51:06.491666+00	2				yjtnng3043@g.skku.edu	양시영 교수	25	208	1
267	의약분자생물학 실험실	active	long_term	2025-11-01 23:31:50.287089+00	2025-11-01 23:31:50.287102+00	2	생명과학대학관 322호				김원경 교수	24	213	1
269	임진혁 연구원	active	long_term	2025-11-01 23:50:36.823057+00	2025-11-01 23:50:36.823069+00	2	302동 917호				남재욱 교수	3	215	1
270	배준엽	active	long_term	2025-11-02 00:21:23.635704+00	2025-11-02 00:21:23.63572+00	2	302동 806호				김도희 교수	3	216	1
271	정채린	active	long_term	2025-11-02 00:26:41.06297+00	2025-11-02 00:26:41.062985+00	2	20동 515호				홍석창 교수	3	218	1
272	박대규	active	long_term	2025-11-02 00:45:20.354042+00	2025-11-02 00:45:20.35406+00	2					안진현 교수	25	219	1
273	남연주	active	long_term	2025-11-02 00:49:03.665272+00	2025-11-02 00:49:03.665295+00	2	51동 1층 51101B				박성하 교수	25	220	1
250	김수지	active	long_term	2025-10-18 06:32:56.374006+00	2025-11-02 01:04:01.598851+00	2	혜강관 308호		\N	ksj923@ajou.ac.kr	김정현 교수	26	90	\N
66	이도원 계장	active	long_term	2025-07-20 00:32:27.338815+00	2025-11-02 01:04:41.4152+00	2	경기도 화성시 제약공단2길 34-26		010-3366-2570	\N	dwlee@soyagreentec.co.kr	7	35	\N
256	이승아 선임연구원	active	one_month	2025-10-19 05:50:03.646685+00	2025-11-02 01:04:57.012661+00	2	고려대학교 산학협력관 4층		\N	seunga.lee@nextandbio.com	\N	69	203	1
274	황재호	active	long_term	2025-11-09 10:21:50.723425+00	2025-11-09 10:21:50.723441+00	2					김민지 박사	42	87	1
275	김상진 포닥	active	long_term	2025-11-09 12:22:29.76366+00	2025-11-09 12:22:29.763682+00	2			010-2278-1098	cious429@snu.ac.kr	이철환 교수	81	221	1
276	대한약리학회 학술대회 77회	active	long_term	2025-11-09 12:34:08.450694+00	2025-11-09 12:34:08.45071+00	2					대한약리학회 학술대회 77회	82	222	1
277	김지호 교수	active	long_term	2025-11-09 12:36:20.704207+00	2025-11-09 12:36:20.704222+00	2					류호진 교수	83	223	1
278	왕혜진 교수	active	long_term	2025-11-09 12:45:29.70266+00	2025-11-09 12:45:29.702686+00	2	에비슨의생명과학 연구소, 세브란스 병원 내 연구실 위치		01099125559	hyejin003300@naver.com	강은석 교수	84	224	1
279	김민지	active	long_term	2025-11-09 12:49:42.230189+00	2025-11-09 12:49:42.230213+00	2			010-2927-7400	cjaga@naver.com	류호진 교수	83	225	1
280	홍현기	active	long_term	2025-11-09 12:52:58.003112+00	2025-11-09 12:52:58.003134+00	2			010-9954-9464	hhk9464@naver.com	명창선 교수	85	226	1
281	장근아 교수	active	long_term	2025-11-09 12:54:38.572859+00	2025-11-09 12:54:38.572884+00	2			\N	keuna705@gachon.ac.kr	장근아	86	227	\N
282	최승현 박사	active	long_term	2025-11-09 12:56:52.550924+00	2025-11-09 12:56:52.550957+00	2			\N	\N	박종일 교수	87	228	\N
283	송명수	active	long_term	2025-11-09 12:58:22.574762+00	2025-11-09 12:58:22.574782+00	2			010-3663-6440	songmyeongsooy@gmail.com		88	229	1
284	박윤서	active	long_term	2025-11-09 12:59:43.193431+00	2025-11-09 12:59:43.193451+00	2			010-6684-5681	pys020918@naver.com		89	231	1
285	정유석	active	long_term	2025-11-09 13:03:55.213488+00	2025-11-09 13:03:55.213512+00	2			010-8217-6490	pengu6959@yuhs.ac	\N	84	232	\N
286	김다혜	active	long_term	2025-11-09 13:04:51.554728+00	2025-11-09 13:04:51.554748+00	2			010-8304-7144	dhkim0220@yuhs.ac	\N	84	232	\N
287	오진경	active	long_term	2025-11-09 13:05:57.155877+00	2025-11-09 13:05:57.155893+00	2			010-4861-0806	jinkoh@yuhs.ac	\N	84	232	\N
288	김지은	active	three_months	2025-11-09 13:08:46.543319+00	2025-11-09 13:08:46.543362+00	2			010-7376-7510	gjieunm22@yonsei.ac.kr	\N	90	233	\N
14	백다예 연구원	active	long_term	2025-06-29 08:21:33.430798+00	2025-11-09 13:17:54.628795+00	2	경기도 수원시 영통구 월드컵로 206 (원천동) 혜강관 301호		\N	daye1104@ajou.ac.kr	김정현 교수	26	90	\N
13	곽윤수 연구원	active	long_term	2025-06-29 08:07:22.610389+00	2025-11-09 13:18:16.330474+00	2	경기도 용인시 기흥구 덕영대로 1732 (서천동) 국제경영대학관 B101-1호		\N	kys9712@khu.ac.kr	김미주 교수	24	39	\N
268	물리약학실	active	long_term	2025-11-01 23:44:48.703485+00	2025-11-09 13:22:36.770243+00	2	약대 21동 418		\N	\N	오유경 교수	3	214	1
289	오진경	active	one_month	2025-11-14 00:30:09.418773+00	2025-11-14 00:30:09.418793+00	3		대한약리학회 참여 고객	010-4861-0806	jinkoh@yuhs.ac	김주영	84	232	1
290	최승현	active	one_month	2025-11-14 00:33:30.798265+00	2025-11-14 00:33:30.798295+00	3	대전광역시 중구 문화로 282(대사동, 충남대학교병원) 의생명융합연구센터 3층 생화학교실 (35015)	대한약리학회 참여고객	010-2218-1716	tmdgus1716@naver.com	박종일	87	228	1
291	김준기	active	long_term	2025-11-14 00:58:31.066749+00	2025-11-14 00:58:31.066761+00	3						91	234	1
\.


--
-- Data for Name: reporting_funnelstage; Type: TABLE DATA; Schema: public; Owner: postgres
--

COPY public.reporting_funnelstage (id, name, display_name, stage_order, default_probability, avg_duration_days, color, icon, description, success_criteria) FROM stdin;
1	lead	리드	1	10	7	#94a3b8	fa-user-plus		
2	contact	컨택	2	25	7	#60a5fa	fa-phone		
3	quote	견적	3	40	7	#8b5cf6	fa-file-invoice		
4	negotiation	협상	4	60	7	#f59e0b	fa-handshake		
5	closing	클로징	5	80	7	#10b981	fa-check-circle		
6	won	수주	6	100	7	#22c55e	fa-trophy		
7	lost	실주	7	0	7	#ef4444	fa-times-circle		
\.


--
-- Data for Name: reporting_history; Type: TABLE DATA; Schema: public; Owner: postgres
--

COPY public.reporting_history (id, action_type, content, created_at, followup_id, user_id, schedule_id, new_value, old_value, delivery_amount, tax_invoice_issued, delivery_items, delivery_date, meeting_date, service_status, created_by_id, parent_history_id, company_id, personal_schedule_id) FROM stdin;
5	service	Acura 825 7자루\r\n - 6월 말 Calibration 요청\r\n - 6월 26일에 보낼 예정	2025-06-20 08:31:33.732059+00	8	3	7	\N	\N	\N	f		2025-06-26	2025-06-26	completed	\N	\N	\N	\N
7	customer_meeting	25.06.20 \r\n주요활동 및 이슈 \r\n→ Socorex 피펫 소개 \r\n→ 연구원이 더 증원될 예정 \r\n→ 피펫 1세트 (4자루 정도) 한달 이내로 구매 예정	2025-06-29 08:12:08.536767+00	13	2	15	\N	\N	\N	f		2025-06-23	2025-06-23	received	\N	\N	\N	\N
8	customer_meeting	25.06.23\r\n주요활동 및 이슈\r\n→ 현재 Gilson 피펫을 사용 중이며, 기존 장비들이 노후화되어 전체 교체를 고려 중임.\r\n\r\n→ 구매는 기존 거래처인 '바이오누리'(대표: 고명준)를 통해 진행하고 있으며,\r\n이상원 교수와의 오랜 거래 이력이 있는 업체, 구매는 여기를 통해서만함	2025-06-29 08:14:02.68386+00	12	2	14	\N	\N	\N	f		2025-06-23	2025-06-23	received	\N	\N	\N	\N
9	customer_meeting	25.06.20\r\n주요활동 및 이슈\r\n→ PCR TUBE는 옆 실험실이 주고 간걸 썻었음, 8-strip attached flat cap\r\n→ 가격때문에 invididual로 sing tube를 사용하지만 너무 불편함, 뚜껑닫기도 손가락이 아픔\r\n→ 가격을 맞출 수 있으면 바꾸고 싶고 샘플부터 사용해보고 싶음\r\n→ 길슨을 쓰는데 현재 쓰는팁이 헐렁하게 꽂혀서 가끔 그냥 툭 빠짐\r\n→ 팁도 10, 200(300도), 1000도 소량만 샘플을 껴서 써볼수 있으면 함\r\n\r\n제안\r\n→ pcr tube 및 paradigm tip 샘플 제공\r\n→ 견적 전달 후 구매 가격 및 희망가격 공유 예정	2025-06-29 08:15:06.572964+00	11	2	12	\N	\N	\N	f		2025-06-20	2025-06-20	received	\N	\N	\N	\N
10	customer_meeting	25.06.23\r\n주요활동 및 이슈\r\n→ Paradigm 샘플 제공\r\n→ 견적 전달\r\n\r\nParadigm TIP\r\n1. 4130-00 + 4130N00 (1rack)\r\n2. 4330-06 + 4230N00 (1rack)\r\n3. 4330-01 + 4340N00 (2 bag)\r\n\r\nParadigm PCR tube\r\n3220-00, 3245-00	2025-06-29 08:15:21.111605+00	11	2	12	\N	\N	\N	f		2025-06-20	2025-06-23	received	\N	\N	\N	\N
85	service	<조치 내용>\r\n- 파손된 8채널 바렐 파트를 신규 부품으로 교체하였습니다.\r\n- Calibration 및 성적서 발행 하였습니다.	2025-07-22 06:17:03.164535+00	46	3	93	\N	\N	\N	f		2025-07-22	2025-07-22	completed	\N	\N	\N	\N
14	customer_meeting	25.06.26\r\n\r\n1. 1260-00 납품\r\n2. 825.0010 사용중, 점검 및 사용법 안내\r\n3. PCR 튜브는 지금 사용하는것이 라벨링이 하기가 더 편해서 변경 X (네모형태의 크기가 큼)\r\n4. 피펫에이드 추가 구매예정	2025-06-30 00:46:34.355968+00	18	2	18	\N	\N	\N	f		2025-06-26	2025-06-26	received	\N	\N	\N	\N
15	customer_meeting	1. 전자피펫 구매예정 (싱글 10,20), 새로온 박사님 요청\r\n2. 팁은 랩콘, 탈슨, 악시젠, 브랜드모름 순으로 사용해봣으며 리로드 팁을 구매하고 싶어함, 이번에 교체하려 하는데 예산을 절감해야해서 벌크와 리로드 견적 요청\r\n3. 인원이 증원될 예정이라 팁사용량이 더 많아질 예정임	2025-06-30 00:48:38.835704+00	14	2	17	\N	\N	\N	f		2025-06-25	2025-06-25	received	\N	\N	\N	\N
17	customer_meeting	1. 피펫 구매를 해야함, 하지만 예산이 좀 적어서 싱글, 멀티중에 멀티가 조금 더 급함\r\n2. 에펜도르프만 사용해봄, 회의 후 데모 일정을 잡겠다 했고 견적요청을 먼저함.\r\n3. 팁은 악시젠을 쓰는데 호환성에 대해도 문의함	2025-06-30 00:49:58.442879+00	15	2	16	\N	\N	\N	f		2025-06-25	2025-06-25	received	\N	\N	\N	\N
21	customer_meeting	25.07.03\r\n\r\n1. 피펫 수리 문의\r\n- 스타랩의 ErgoOne 피펫, 싱글 1개, 멀티8채널 1개 수리 요청\r\n- 2023년에 랩가이드에 교정 받음\r\n- 싱글은 흡입되는 양이 적고, 멀티는 흡입이 안됨\r\n\r\n2. 피펫 Demo 지원 및 기간 문의\r\n- 피펫 점검 기간동안 데모지원 안내\r\n- 싱글은 10, 멀티 8채널은 300이 아닌 200으로 지원\r\n\r\n3. 제안\r\n단종된 모델로 수리가 안될경우 보상판매 제안하겠다 함\r\n교정만 될경우 비용 안내드림.	2025-07-05 06:33:15.308974+00	11	2	33	\N	\N	\N	f		2025-07-03	2025-07-03	received	\N	\N	\N	\N
22	customer_meeting	25.07.01\r\n\r\n1. 유한양행 중앙연구소(기흥)\r\n- Paradigm 4236NS0 사용중\r\n- 유한양행 과장의 설명으론 12CS 소비기간은 약 2개월 정도\r\n\r\n* 빈랙은 동행방문 없이 수거 가능	2025-07-05 06:42:40.188317+00	38	2	31	\N	\N	\N	f		2025-07-01	2025-07-01	received	\N	\N	\N	\N
11	service	825.0200 한 자루 바렐이 막혀있어서 회수 (완료)	2025-06-30 00:37:27.71059+00	4	3	25	\N	\N	\N	f		2025-06-30	2025-06-30	completed	\N	\N	\N	\N
12	service	825.0200 한자루\r\n - Leak 현상 발생 (접수)\r\n - 내부 세척 후 문제 해결 / Calibration (완료)	2025-06-30 00:42:42.015088+00	28	3	26	\N	\N	\N	f		2025-06-30	2025-06-30	completed	\N	\N	\N	\N
44	customer_meeting	25.07.08\r\n\r\n1. 4136NSF 6pk, 3080.0100FRS 4pk 납품\r\n* 3080.0100FRS 2pk 추가 납품 되야함\r\n2. Paradigm 1250 팁 사용 불편(이젝션이 잘안됨), 재고 소진 후엔 Socorex 100 필터팁으로 주문 예정\r\n\r\n7~8월 실험이 더 많아질 예정	2025-07-13 13:11:47.370621+00	50	2	49	\N	\N	\N	f		2025-07-08	2025-07-08	received	\N	\N	\N	\N
47	customer_meeting	25.07.09\r\n\r\n1. Socorex 피펫만 사용 중이며, 점검 및 캘리브레이션은 자체적으로 관리함.\r\n\r\n2. Justip 사용법 및 Socorex 피펫 관리 방법 안내 예정.\r\n\r\n3. 실험실은 1층에 위치하며, 사전 연락 후 방문 예정(연구실은 7층)	2025-07-13 13:49:13.923453+00	54	2	53	\N	\N	\N	f		2025-07-09	2025-07-09	received	\N	\N	\N	\N
13	service	825.1000 한 자루 Leak 현상 발생 (접수)\r\n - 바렐 하단부 파손되어있음\r\n - 바렐 교체 및 Calibration (완료)	2025-06-30 00:45:44.552239+00	30	3	27	\N	\N	\N	f		2025-06-30	2025-06-30	completed	\N	\N	\N	\N
46	customer_meeting	2025.07.09\r\n연구실 위치: 2층에 위치\r\n\r\n1. 피펫 및 소모품 현황\r\n\r\n구형 Gilson 피펫 사용 중이며, 5 mL를 제외한 팁은 Axigen 제품 사용.\r\n최근 쿠팡에서 판매 중인 저가형 피펫을 개인적으로 구매하였으나, 현재까지 미사용 상태로 보관 중.\r\n\r\n추가 구매 계획은 없으나, Socorex 제품에 대해 긍정적인 반응을 보임.\r\n\r\n2. 기기 현황\r\nqPCR(ABI), PCR(Bio-Rad C1000) 사용 중.	2025-07-13 13:29:11.172275+00	52	2	52	\N	\N	\N	f		2025-07-09	2025-07-09	received	\N	\N	\N	\N
2	service	Acura 825, 835 >> 16자루\r\n - 무료 점검 및 교정\r\n - Acura 825.1000 [32041943] 무료 수리	2025-06-20 08:03:31.638852+00	6	3	10	\N	\N	\N	f		2025-06-16	2025-06-16	completed	\N	\N	\N	\N
3	service	Acura 826.1000 >> 1자루\r\n - 상단부 다이얼 세척	2025-06-20 08:05:42.414404+00	7	3	8	\N	\N	\N	f		2025-06-23	2025-06-23	completed	\N	\N	\N	\N
4	service	Acura 826 >> 2자루 (예정)  농림축산검역본부 건\r\n - 바렐이 풀려있음.	2025-06-20 08:07:27.043755+00	9	3	9	\N	\N	\N	f		2025-06-23	2025-06-23	completed	\N	\N	\N	\N
6	service	Acura 825 >> 1자루 (완료)\r\n - 검교정 요청	2025-06-20 08:36:28.175352+00	10	3	11	\N	\N	\N	f		2025-06-27	2025-06-27	completed	\N	\N	\N	\N
303	customer_meeting	1. 현재 사용 중인 제품\r\n- Socorex 200팁 사용 중  \r\n- 855.08.100에 호환성 등 문제 없이 안정적으로 사용\r\n\r\n2. 사용 패턴\r\n- 실험은 11월쯤 예정 → 현재 실험량 많지 않음  \r\n- 팁 테스트 및 멀티채널 피펫 사용 경험 제한적	2025-10-02 03:00:13.047084+00	176	2	307	\N	\N	\N	f		\N	2025-10-01	\N	\N	\N	\N	\N
20	customer_meeting	25.07.02\r\n\r\n1. Reservoir (8/12/16ch)\r\n- 사용중인 레저버 Autoclave 가능 여부 및 멸균 제품 판매 문의\r\n(멀티채널 구매시 제공한 샘플팩)\r\n* 330.12.9 1ea 발주\r\n\r\n2.  멀티채널 점검요청 (싱글포함 전체점검)\r\n- 855.08.200\r\n중앙에 위치한 팁이 가운데 채널에 팁 장착이 원활하지 않다는 피드백.\r\n* 조치 : 바렐위치 변경( 3,4번 - 7,8번)\r\n\r\n-855.08.010\r\n채널 간 반응 편차(Channel Variation)가 확인됨\r\n* 조치 : 내부 클리닝 및 점검 후 테스트(동반)\r\n\r\n3. Eppendrof 전자 멀티채널 피펫 Calibraton 문의\r\n- 에펜도르프 제품 방전 → 본사 수리 의뢰 → Calibration 비용(20~30만 원) 부담으로 취소.\r\n* 하나과학에서 수리 및 교정 가능 여부 문의.\r\n\r\n4. 겔로딩 팁(QSP)\r\n- 재작년 5,100ea/51만원에 구매, 아직 재고가 좀 있음\r\n* 5100개 단위로 판매중\r\n- 제안 : socorex  겔로딩팁 구성 및 견적 전달\r\n\r\n6. 300만원 추가 결제\r\n- 세금계산서 까지 발행완료	2025-07-02 08:32:59.664194+00	39	2	32	\N	\N	\N	f		2025-07-02	2025-07-02	received	\N	\N	\N	\N
25	customer_meeting	25.07.04\r\n1. 육종학 학회 참석으로 인해, 실험실에는 방장 연구원만 상주 중\r\n\r\n2. 방장과의 면담 중, 실험 과정에서의 불편사항에 대한 의견을 청취함.\r\n특히 버퍼 분주 및 워싱 과정이 비효율적이라며, 보다 편리한 작업 방식이 필요하다는 논의가 있었음.\r\n\r\n현재 실험은 싱글채널 피펫만을 사용 중이며,\r\n작업 시간이 오래 걸리고 반복 작업이 많아 불편함을 느끼고 있다고 함.\r\n\r\n다만, 멀티채널 피펫은 보유하고 있지 않으며,\r\n현재까지 사용 경험도 없는 상태라고 설명함.	2025-07-05 07:28:32.494265+00	17	2	37	\N	\N	\N	f		2025-07-04	2025-07-04	received	\N	\N	\N	\N
24	customer_meeting	25.07.04 \r\n\r\n1. 정기 방문 중 사용자로부터 전자피펫 점검 요청\r\n- 배터리 과열로 뜨거워질 때 있음\r\n- 956.08.200 피펫의 플런저 버튼이 올라가지 않아서 수동조작중(회수함)\r\n\r\n2. 현장 확인 결과, 고객은 시료 보관 시 일반 얼음을 사용 중, 아이스랙 사용 여부를 문의\r\n- 과거에 아이스랙을 구입한 이력이 있으나, 제품 외관상 브랜드 표기가 없어 제조사는 확인되지 않음.\r\n\r\n- 보유 중인 아이스랙은 두 가지 타입으로,\r\nㄱ. 스테인레스 소재는 무게가 무거워 사용이 불편함\r\nㄴ. 플라스틱 소재는 냉각 유지력이 기대에 미치지 못해 실사용 빈도가 낮은 \r\n　 상황이라 설명함\r\n\r\n- 제안 : Paradigm 아이스랙 제품을 안내드림\r\nㄱ. 시간 경과에 따른 색상 변화로 온도 상태 확인이 가능\r\nㄴ. 뚜껑이 있어 스택 보관이 가능\r\nㄷ. 또한 PCR 튜브용 및 MCT 튜브용 두 가지 타입이 제공\r\nㄹ. 관련 견적 자료도 함께 전달\r\n\r\n3. 추가로 문의 Reservoir 제품 유무에 대한 문의\r\n\r\n채널별로 나뉘어진 Reservoir 제품이 있으며 8CH,12CH 는\r\n멸균(Sterile) 및 비멸균(Non-sterile) 두 가지 형태로 제공되고,\r\n오토클레이브는 불가능한 제품임을 안내함.\r\n\r\n오토클레이브가 가능한 Reservoir 제품도 별도로 존재하며,\r\n해당 제품은 뚜껑이 있는 타입과 뚜껑이 없는 타입\r\n두 종류로 구분되어 제공됨을 함께 설명함.\r\n\r\n4. 팁과 PCR 튜브 제안\r\n지금 사용중인 팁은 2가지\r\n벌크와 리로드\r\n10(롱, 리로드팁, QSP) - 96x10x5 319,000원 \r\n200(리로드팁  QSP) - 96x10x5 319,000원\r\n여기는 많이 사용중\r\n\r\n10(숏, 벌크팁, excell) - 960 21000\r\n1250(롱, 리로드팁 excell) - 96x8 21,000원\r\n여기는 적게 사용중\r\n\r\nPCR 튜브는 bioneer 사용중 (플레이트는 자주 사용X)\r\n구매중인 거래처 문의했으나 다음 방문에 연락처를 알려주겠다함	2025-07-05 07:21:53.359455+00	41	2	35	\N	\N	\N	f		2025-07-04	2025-07-04	received	\N	\N	\N	\N
36	delivery_schedule		2025-07-07 01:58:00.694204+00	18	2	18	\N	\N	63360	t	1260-00: 4개 (63,360원)	2025-06-26	\N	received	\N	\N	\N	\N
27	service	Acura 825/826XS 7자루 , Calibrex 525.010FC 1자루\r\n - ISO8655-2 / KOLAS Calibration\r\n - Calibrex : 내부 오염도 심각함. 질산 5% 사용하심.	2025-07-07 00:41:17.224868+00	31	3	28	\N	\N	\N	f		2025-07-02	2025-07-02	received	\N	\N	\N	\N
32	service	Acura 956 전자피펫 (접수)\r\n - 흡입/분주 버튼 클릭시 복귀하지 않는 문제	2025-07-07 01:03:14.154139+00	46	3	43	\N	\N	\N	f		2025-07-04	2025-07-04	received	\N	\N	\N	\N
33	service	Acura 825 3자루 (접수)	2025-07-07 01:03:45.149395+00	45	3	44	\N	\N	\N	f		2025-07-07	2025-07-07	received	\N	\N	\N	\N
34	service	Research Plus\r\n - 바렐 파손\r\n - 수리 견적 / 보상판매 견적 안내	2025-07-07 01:14:48.737604+00	47	3	45	\N	\N	\N	f		2025-07-04	2025-07-04	received	\N	\N	\N	\N
35	delivery_schedule		2025-07-07 01:55:52.745315+00	39	2	32	\N	\N	60060	t	330.12.9: 1개 (60,060원)	2025-07-02	\N	received	\N	\N	\N	\N
42	service	Acura 835.10 x 2 , 835.F10 , HTL DISCOVERY 5mL (총 4자루 서비스)\r\n - 상/하단부 가 분리되어 있어 흡입 불가 상태\r\n - Barrel 파손으로 조립 불가\r\n - 4자루 중 3자루만 성적서 발급 및 KOLAS 인증기관 성적서 발급 대기중	2025-07-13 09:08:46.126165+00	48	3	46	\N	\N	\N	f		2025-07-10	2025-07-10	received	\N	\N	\N	\N
43	customer_meeting	1. 파츠 입고 후 전체 수리 예정이며, 지금은 상단만 다시 전달\r\n2. PCR tube(bioneer)8-strip, 베스트바이오 통해서 구매	2025-07-13 12:59:20.644844+00	41	2	48	\N	\N	\N	f		2025-07-08	2025-07-08	received	\N	\N	\N	\N
45	customer_meeting	25.07.08\r\n\r\n피펫은 수리 이후 정상적으로 사용 중이며, 사용상 불편은 없는 것으로 확인됨. 현 시점에서 추가 요청 사항은 없음	2025-07-13 13:18:26.34465+00	51	2	50	\N	\N	\N	f		2025-07-08	2025-07-08	received	\N	\N	\N	\N
48	customer_meeting	25.07.09\r\n\r\n거래처 : 이지사이언스\r\n피펫 : 에펜도르프\r\n팁 : 악시젠\r\n\r\n 카달로그 전달 다음 방문에 소개	2025-07-13 14:02:05.769126+00	55	2	54	\N	\N	\N	f		2025-07-09	2025-07-09	received	\N	\N	\N	\N
28	service	447.100 1자루\r\n - Case 파손, Charge Terminal 파손\r\n - 보상판매 안내 (완료)	2025-07-07 00:43:06.695378+00	43	3	39	\N	\N	\N	f		2025-07-02	2025-07-02	completed	\N	\N	\N	\N
29	service	Acura 825.0200 1자루 (접수)\r\n - 내부 오염이 심각하여 소니케이터를 통한 세척 후 건조\r\n - 금일 재 점검 및 수리 예정	2025-07-07 00:56:39.43219+00	28	3	40	\N	\N	\N	f		2025-07-03	2025-07-03	completed	\N	\N	\N	\N
30	service	Acura 825 7자루 (접수)\r\n - 내부 오염이 심각하여 소니케이터를 통한 세척 후 건조\r\n - 금일 재 점검 및 수리 예정	2025-07-07 00:57:02.595304+00	44	3	41	\N	\N	\N	f		2025-07-03	2025-07-03	completed	\N	\N	\N	\N
38	service	Acura 835.10 , 835.05, 825.1000 (KOLAS 접수)\r\n - 10 mL 피펫 이젝팅 시 하단 부품이 분리되는 문제\r\n - Justip 기능에 대해 안내드렸으며, 해당 부위가 다소 상단에 위치해 있음을 확인하여 적정 위치로 조정해드렸습니다.	2025-07-13 08:47:35.791574+00	45	3	44	\N	\N	\N	f		2025-07-07	2025-07-07	in_progress	\N	\N	\N	\N
39	service	Eppendorf Research Plus 200 Single channel\r\n - 고객이 하단부 전체 수리를 결정하여 랩가이드로 수리 보냄	2025-07-13 08:59:03.163557+00	47	3	63	\N	\N	\N	f		2025-07-04	2025-07-04	in_progress	\N	\N	\N	\N
40	service	- KOLAS 완료\r\n- 고객 Dispenser tubing 추가 구매 (여유분)	2025-07-13 09:02:21.827055+00	31	3	62	\N	\N	\N	f		2025-07-02	2025-07-02	completed	\N	\N	\N	\N
41	service	Acura 835.05 (서비스 접수)\r\n - 피펫의 상단부와 하단부가 분리되어 흡입이 되지 않는 증상 있음\r\n - Barrel 형태 변형으로 조립 불가\r\n - Plunger 부속 부품인 Washer가 누락되어 있음	2025-07-13 09:05:18.299376+00	49	3	47	\N	\N	\N	f		2025-07-10	2025-07-10	received	\N	\N	\N	\N
304	customer_meeting	. IsoFreeze 샘플\r\n- 다음 방문 시 실물 데모\r\n\r\n2. 피펫 및 팁 사용 현황\r\n- 넵튠 팁 사용 중  \r\n- Eppendorf 피펫과 써머 핀 피펫은 구매시기가 얼마 되지않음 → 추가 구매 계획 없음  \r\n- Socorex 팁은 옆 연구실에서 자주 사용되지만, 해당 연구실은 넵튠 팁 사용	2025-10-02 03:02:16.904095+00	206	2	308	\N	\N	\N	f		\N	2025-10-01	\N	\N	\N	\N	\N
50	customer_meeting	2025.07.10\r\n\r\n1. 피펫 사용 현황\r\n- Positive pipette는 정대승 연구원만 사용 중이며, 타 사용자는 없음.\r\n- 실험 중이라 간단히 응대하였으며, 피펫은 여러 차례 테스트 중으로 성능에 대한 평가는 아직..\r\n\r\n2. 실험 및 소모품 현황\r\n- 실험은 당초 7월부터 시작 예정이었으나, 세포 성장 지연으로 일정이 다소 미뤄지고 있음.\r\n- 주로 PCR 실험 예정이며, 현재까지 공급 지연 등의 이슈는 없음.\r\n* 소모품 담당자가 부재 중\r\n- 아이스랙은 일반 얼음을 사용 중이며, 일부 연구원은 isofreeze rack의 존재나 효용성 자체를 잘 모르거나, 굳이 필요하다고 느끼지 않음\r\n-  Isofreeze rack 도입을 통해 안정적인 온도 유지와 오염 방지로 실험의 재현성과 신뢰성 강화를 위해 도입 권유.\r\n\r\n* Isofreeze rack의 장점 소개보다는 실제 실험 사례를 통한 적용 가능성과 필요성에 대한 공감대 형성이 더욱 효과적임을 확인.	2025-07-13 14:20:35.996157+00	57	2	57	\N	\N	\N	f		2025-07-10	2025-07-10	received	\N	\N	\N	\N
51	customer_meeting	2025.07.10\r\n\r\n1. 이화학 실험 특성상 피펫 볼륨 오차에 상대적으로 둔감함.\r\n2. 피펫 관리 소홀 시 반복적인 부피 오차 누적, 교차 오염, 실험 실패 및 장비 이상 조기 발견 실패로 인한 비용 및 시간 손실 위험이 있으므로 관리의 중요성을 강조함.\r\n\r\n* 피펫이 노후되거나 오래된 곳으로 주기적으로 방문시 구매 가능성 있음.	2025-07-13 14:29:39.850775+00	59	2	59	\N	\N	\N	f		2025-07-10	2025-07-10	received	\N	\N	\N	\N
52	customer_meeting	2025.07.11\r\n\r\n1. 미생물팀\r\n\r\n- 팁에 잔여량이 남아도 문제 인식이 부족하여 다음과 같은 문제가 발생할 수 있음:\r\n- 시료 오염 및 교차오염 발생\r\n- 정확한 분주량 저하로 인한 실험 재현성 저하\r\n- 반응 조건 변동에 따른 실험 실패, 데이터 신뢰성 저하\r\n- 피펫 및 팁 손상 가속화 및 불필요한 시약 낭비 및 비용 증가\r\n* 방문 시마다 피펫 관리를 철저히 점검하고 지원할 수 있음을 강조함.\r\n* 타사 제품 사용 시에도 관리 지원이 가능하나, Socorex 피펫은 방문 즉시 점검이 가능함을 안내\r\n\r\n2. 생활환경연구부\r\n\r\n- 반복적인 소량 분주 및 수작업을 하고 있어서 이러한데 적합한 제품 416 소개\r\n- 대부분 싱글채널 피펫을 사용하고 있어, 해당 환경에 적합한 스테퍼 제품을 제안\r\n- 동일 샘플 사용 시 팁 교체가 불필요하며, 최대 용량 37.5μL 지원 및 피펫 수준의 정확도와 정밀성을 갖춤을 안내함\r\n\r\n3. 물환경연구부\r\n\r\n- 바틀탑디스펜서 제품을 소개하며, 고장 시 고장 부품만 수리가 가능하여 유지보수 비용 측면에서 경제성이 뛰어남을 강조함.\r\n- 냉장고 보관도 가능한 Socorex 501 소형 디스펜서도 함께 안내	2025-07-13 14:46:05.052181+00	58	2	56	\N	\N	\N	f		2025-07-11	2025-07-11	received	\N	\N	\N	\N
49	customer_meeting	2025.07.11\r\n\r\n1. 연구실 운영 및 구매 담당자\r\n\r\n박예섭 박사후연구원이 연구실 운영 및 구매 업무 담당 중.\r\n\r\n2. 피펫 및 소모품 현황\r\n\r\n- 약 2개월 전 Gilson 피펫 신규 구매, 기존 Eppendorf 피펫도 2세트 사용 중.\r\n- 팁은 Tarson 제품 사용 중이며, 과거 대량 구매로 재고 보유 중.\r\n- 피펫 관리는 자체적으로 진행 중이며, 현재 정기 위탁 업체는 없음.\r\n- 하나과학에 교정 의뢰 예정.\r\n\r\n3. 구매 및 거래처 현황\r\n\r\n기존에는 더원바이오텍과 주로 거래하였으나, 최근 소모품은 다양한 업체와 거래 중.	2025-07-13 14:06:57.17151+00	56	2	55	\N	\N	\N	f		2025-07-11	2025-07-11	received	\N	\N	\N	\N
31	service	ErgoONE Pipette 2자루 (접수)\r\n\r\n - Single Pipette : 세척 및 Calibration 완료\r\n - Multi Pipette : 상/하단 부 분리되어 사용 불가 (접수)\r\n    - 위 증상 해결하였으나 채널베리에이션 발생	2025-07-07 01:02:11.907411+00	46	3	42	\N	\N	\N	f		2025-07-03	2025-07-03	completed	\N	\N	\N	\N
54	service	[조치 내용]\r\n● 변형된 바렐을 신품으로 교체하고, 누락된 와셔 부품을 장착하였습니다.\r\n\r\n● 상하단부를 정상적으로 체결한 후 흡입 및 분주 테스트를 수행한 결과, 기능이 정상적으로 작동하는 것을 확인하였습니다.\r\n\r\n● 볼륨 테스트 또한 ISO 8655-2 기준을 통과하여, 이에 따른 교정 성적서를 발행하였습니다.\r\n\r\n[안내 사항]\r\n ● 피펫 분해 후 세척 및 재조립 시, 최종 단계에서 반드시 플런저와 상단부를 정확히 결합해야 피펫이 정상적으로 작동 한다는 것을 안내드렸습니다.\r\n\r\n ● 관련하여, Socorex 피펫의 분해 및 조립 방법 영상 링크를 이슬기 연구원님의 메일로 별도 안내드렸습니다.	2025-07-16 04:57:25.34705+00	49	3	68	\N	\N	\N	f		2025-07-14	2025-07-14	completed	\N	\N	\N	\N
56	service	📌 조치 내용\r\n  ● 랩가이드 측에서 수리를 완료한 후 자사로 인계받았습니다.\r\n\r\n  ● 피펫 하단부 전체를 교체하였으며, 교정 성적서도 함께 발급되었습니다. (수리 및 교정: 랩가이드)\r\n\r\n📅 추후 일정\r\n\r\n  ● 고객에게 사전 연락을 통해 수리 내용 및 유의사항을 안내드리고, 김도엽 과장의 방문 일정에 대해 함께 고지드릴 예정입니다.\r\n\r\n  ● 이후, 김도엽 과장에게 인계하여 고객사 방문을 진행할 계획입니다.	2025-07-16 05:09:35.453383+00	47	3	64	\N	\N	\N	f		2025-07-15	2025-07-15	completed	\N	\N	\N	\N
57	service	🛠 조치 내용\r\n\r\n  ● Acura 835.F10 모델의 Barrel(SO835.604) 부품을 교체하였습니다.\r\n\r\n  ● 접수된 피펫 4자루 모두 클리닝 및 교정 성적서 발급을 완료하였으며,\r\nKOLAS 인증 성적서 발급을 위해 금일 삼덕과학으로 출고하였습니다.\r\n\r\n📌 안내 사항\r\n\r\n  ● 해당 기기는 분해 후 재조립되지 않은 상태로 접수되었으며, 이는 사용자가 현장에서 간단히 조치 가능한 사항입니다.\r\n\r\n  ● 조립 방법은 유튜브 ‘하나과학’ 공식 채널의 Macro 피펫 분해/조립 영상을 참고하시면 도움이 됩니다.\r\n\r\n📅 추후 일정\r\n\r\n  ● 배영범 연구원님께 메일로 피펫 분해 및 조립 방법을 영상과 함께 안내드릴 예정입니다. (※ 해당 안내는 거래명세서 전달일에 함께 진행 예정입니다.)\r\n\r\n  ● 추가로 Paradigm 브랜드 제품에 대한 정보도 함께 안내드릴 계획입니다.	2025-07-16 05:22:27.225555+00	48	3	65	\N	\N	\N	f		2025-07-16	2025-07-16	completed	\N	\N	\N	\N
55	service	[조치 내용]\r\n● 제품 전반에 대한 클리닝 작업을 완료하였으며, ISO 8655-2 기준에 따른 Calibration 성적서를 발급하였습니다.\r\n\r\n● 해당 제품은 KOLAS 성적서를 발급 받았으며, 고객에게 인계되었습니다.\r\n\r\n[안내사항]\r\n<Macro Pipette ejecting 시 부품 분리 현상 관련>\r\n ● 해당 부품을 약간 변형하여 보다 안정적으로 체결되도록 조치하였으며, Ejector의 위치가 과도하게 상단으로 위치 되어 있어서 이를 살짝 내려 배치했습니다.\r\n\r\n ● Justip 기능이 상단으로 설정되어 있는 경우, Tip이 과도하게 깊게 체결되어 ejecting 시 부품이 분리될 수 있으며, 이를 방지하기 위해 Justip을 하단 방향으로 약간 조절하여 이후 사용 시에도 Justip을 너무 높게 설정하지 않도록 주의해주시기 바란다는 안내를 드렸습니다.\r\n\r\n[추가 안내]\r\n ● 고객에게 Paradigm 브랜드를 소개하였습니다.	2025-07-16 05:03:03.366533+00	45	3	66	\N	\N	\N	f		2025-07-15	2025-07-15	completed	\N	\N	\N	\N
286	customer_meeting	PCR Plate 재고 소진 후 샘플 사용 검토 예정	2025-09-21 13:20:20.933549+00	216	2	279	\N	\N	\N	f		\N	2025-09-16	\N	\N	\N	\N	\N
59	service	🔍 Acura 956.08.200 점검 내용\r\n\r\n● 1번 채널의 Barrel(SO855.637) 부품에서 날개 파손이 확인되었습니다.\r\n\r\n● 해당 부품을 교체한 후 테스트를 진행한 결과, 기기 동작은 정상적임을 확인하였습니다.\r\n\r\n※ 현재 상단 컨트롤러는 고객이 보유 중으로, 임시로 자사 데모 피펫 상단부를 활용하여 기능 테스트를 진행하였습니다. 정식 Calibration은 고객 상단 컨트롤러 회수 후 진행될 예정입니다.	2025-07-16 05:45:59.880612+00	46	3	70	\N	\N	\N	f		2025-07-15	2025-07-15	in_progress	\N	\N	\N	\N
63	customer_meeting	1. 피펫 및 스탠드 납품\r\n- 견적 제공한 3+1 피펫 세트 및 피펫 스탠드 납품 완료\r\n\r\n2. 샘플 지원 및 제안사항\r\n- Paradigm 팁 4220-06 및 4230N00 샘플 지원 진행\r\n- 현재 사용 중인 팁은 Axygen 벌크 타입\r\n- Paradigm 팁 구매 시 Empty rack 별도 지원 요청 있음\r\n- 이에 대한 대응 방안으로, 10 μL 및 1000 μL 용량은 랙 팁으로 할인 적용하여 제공하는 방식으로 제안\r\n\r\n3. 참여 학회 현황\r\n- 한국미생물학회\r\n- 한국식품과학회\r\n\r\n4. 기타 구매 이력\r\n- 최근 HTL 피펫 1세트 추가 구매 확인 (1~2개월 전, 연구원 6~7명)	2025-07-20 00:01:31.932847+00	13	2	74	\N	\N	\N	f		2025-07-16	2025-07-16	received	\N	\N	\N	\N
64	customer_meeting	북부지소(?) 궁중방역과 이봉주 연구원 상담 내용\r\n- 궁중방역과 이주봉 연구원이 관심을 보임\r\n- 자료 요청을 받아 메일로 관련 자료 전달 완료\r\n- 팁 샘플은 종류별로 4 rack 준비함\r\n- 에펜도르프 제품을 주로 사용하나, Socorex 826에 호감 표시	2025-07-20 00:04:59.115929+00	65	2	73	\N	\N	\N	f		2025-07-15	2025-07-15	received	\N	\N	\N	\N
65	customer_meeting	1. 피펫 및 팁 사용 현황  \r\n- 에펜도르프, 사토리우스, 길슨, 소코렉스 등 다양한 브랜드의 피펫을 필요할 때마다 1개씩 구매하여 사용 중\r\n- 팁은 주로 에펜도르프 멸균 팁을 사용하며, 일반 팁과 필터 팁 모두 사용 중  \r\n- Paradigm의 리로드 팁에 관심을 보였으며, 비용 절감 효과 및 저흡착, 저잔류성 팁 시연에 긍정적인 반응  \r\n\r\n2. 소코렉스 피펫 점검 및 관리  \r\n- 소코렉스 피펫 점검을 제안하였으나, 현재는 한국교정기술원에 점검을 맡기고 있음  \r\n- Socorex 피펫 데모로 Justip 기능과 관리 방법을 안내함  \r\n- 에 대해 긍정적인 반응을 보였으며, 추가 구매 계획은 아직 없음  \r\n- 과거 피펫 구매 시 1자루에 50만원씩 지출\r\n- Socorex 3+1 및 트리오팩 이벤트에 대해 팀원들과 검토 후 연락하기로 함  \r\n\r\n3. 디스펜서 관련 문의  \r\n- 사용 중인 디스펜서의 볼륨 잠금 나사가 고장나서 사용에 불편함이 있음  \r\n- 현재는 흡입 후 바로 분주하여 볼륨 누수 문제는 없다고 하나, 노후가 심해 디스펜서 교체에 관심이 높음 (5년이상 사용중)	2025-07-20 01:19:16.192701+00	66	2	75	\N	\N	\N	f		2025-07-17	2025-07-17	received	\N	\N	\N	\N
68	customer_meeting	<방문 기록 요약>\r\n\r\n ● 연구실에서는 Eppendorf 피펫을 사용 중이며, 해당 피펫에는 Axygen 브랜드 팁을 함께 사용하고 계셨습니다.\r\n\r\n ● 소모품(팁, PCR 튜브 등)은 항상 여러 업체로부터 비교 견적을 받은 후, 가장 저렴한 곳에서 구매하는 방식으로 운영하고 있다고 말씀하셨습니다.\r\n\r\n ● 현재 12채널 피펫이 필요한 상황이며, 이에 따라 Socorex 피펫의 Justip 기능과 함께 채널 베리에이션이 적다는 장점을 설명드렸습니다.\r\n\r\n ● 연구원님께서 직접 악시젠 팁과 Socorex 피펫의 호환성 테스트를 진행해보셨으며, 차후 견적 요청 하시겠다고 말씀하셨습니다.	2025-07-20 07:34:42.7093+00	68	3	78	\N	\N	\N	f		2025-07-18	2025-07-18	received	\N	\N	\N	\N
67	customer_meeting	<방문 기록 요약>\r\n\r\n● 연구실에서는 외형상 길슨과 유사한 저가형 피펫 브랜드를 최근 세트로 구매하여 사용 중인 것으로 확인되었습니다.\r\n\r\n ● 기존에는 Vertex 팁을 사용하고 있었으나, 새로 도입한 피펫과의 호환성 문제로 인해 교수님께서 Vertex 팁 전량 폐기 지시를 내리셨다고 합니다. 다만, 현재까지도 상당량의 Vertex 팁이 선반 위에 적치된 상태입니다.\r\n\r\n ● 새롭게 사용 중인 팁 브랜드에 대해서는 연구원님께서 정확한 브랜드명을 인지하지 못하고 계셨습니다.\r\n\r\n<대응 내용>\r\n\r\n ● Socorex 피펫의 Justip 기능을 설명드리고, Vertex 팁을 굳이 폐기하지 마시고 향후 저희 피펫 데모를 신청하셔서 Vertex 팁을 사용하는 것을 권유드렸습니다.	2025-07-20 07:29:16.993334+00	67	3	77	\N	\N	\N	f		2025-07-18	2025-07-18	received	\N	\N	\N	\N
69	customer_meeting	<방문 기록 요약>\r\n\r\n ● 해당 연구실은 정년이 얼마 남지 않은 실험실로, 최근 보유 중이던 피펫을 전부 그라인더 브랜드로 교체하였으며, 앞으로는 추가 구매 예정 품목이 거의 없을 것이라고 말씀하셨습니다.\r\n\r\n ● 이에 대해 저는 제품 판매를 주 목적으로 방문한 것이 아니며, 평소에는 서비스 엔지니어로 근무하다가 오늘 처음으로 영업 업무를 수행하게 된 상황임을 설명드렸습니다.\r\n\r\n ● 이번 방문을 하나의 인연으로 생각하며, 앞으로 상호 도움이 될 수 있는 Win-Win 관계로 좋은 인연을 이어가고 싶다는 말씀을 드렸습니다.	2025-07-20 07:40:20.637204+00	69	3	79	\N	\N	\N	f		2025-07-18	2025-07-18	received	\N	\N	\N	\N
97	customer_meeting	1. 길슨(Gilson) 피펫을 사용중, 해당 피펫은 구매한 지 오래됨. \r\n\r\n2. 팁의 경우 최근 10개 이상의 팁들을 샘플링하여 가장 좋은 품질을 가진 탈슨(Thalson) 팁을 선택하여 사용 중.\r\n- 7층 연구실 전원이 한번에 구매하여 사용중 (샘플을 주려면 많은 양을 필요로함)\r\n\r\n3. MCT 및 PCR 튜브로 Axygen 제품을 사용\r\n- 이전에 사용하던 타사 제품은 파손 및 변형(찌그러짐) 등의 문제가 발생하여, 내구성과 신뢰성이 검증된 Axygen 제품으로 변경하여 사용 중	2025-07-27 08:29:40.130069+00	133	2	108	\N	\N	\N	f		\N	2025-07-23	\N	\N	\N	\N	\N
58	service	📄 Acura Single Channel (가변형) 11자루 서비스 견적 안내\r\n\r\n  ● 현재는 3-point 교정 성적서 발급 기준으로 산정된 견적만 제공드린 상태입니다.\r\n\r\n  ● 해당 피펫은 아직 인계받지 못하였습니다.	2025-07-16 05:27:45.74136+00	61	3	69	\N	\N	\N	f		2025-07-16	2025-07-16	completed	\N	\N	\N	\N
312	customer_meeting	서류 누락된것 제출, 검수 완료	2025-10-12 05:28:51.114016+00	155	2	321	\N	\N	\N	f		\N	2025-09-24	\N	\N	\N	\N	\N
299	customer_meeting	피펫 소모품 사용 현황\r\n\r\n1. Rainin 벌크팁 사용 중\r\n- 잔여량이 묻어나는 문제 발생\r\n\r\n2. Rack 사용 방식\r\n- Paradigm 필터팁 사용 후, 거기에 꽂아 사용 중\r\n- Paradigm 리로드 및 벌크팁 소개\r\n- 재고 소진 시 샘플 검토 예정\r\n\r\n3. 주문 관여\r\n- 교수님이 직접 주문 관여\r\n- 따라서 제품 검토 및 구매 관련 논의 시 교수님 방문 필요	2025-10-02 02:47:10.0421+00	217	2	310	\N	\N	\N	f		\N	2025-09-30	\N	\N	\N	\N	\N
74	customer_meeting	<방문 기록 요약>\r\n\r\n ● 현재 연구실에서는 Gilson Pipetman 피펫과 Drummond 피펫에이드를 사용 중이며,\r\nGilson 피펫 4세트에서 최대 6세트까지 추가 구매를 고려하고 계셨습니다.\r\n\r\n ● 또한, 8채널 10–200 µL 볼륨의 멀티채널 피펫과 피펫에이드 추가 구매도 계획 중이라고 말씀하셨습니다.\r\n\r\n ● 교수님께서 장비의 통일성을 중요하게 생각하시기 때문에, 기존에 사용 중인 Pipetman 및 Drummond 브랜드 제품으로의 구매 가능성이 높다고 판단되나,\r\n연구원님께서 자사 제품의 견적도 함께 잘 정리하여 전달해 달라고 요청하셨습니다.\r\n\r\n ● 참고로, 기존 Gilson 피펫 3자루를 약 100만 원 수준으로 구매하셨다고 답변 주셨습니다.\r\n\r\n<데모 및 제품 안내>\r\n\r\n ● 방문 당시 자사 멀티채널 피펫(8채널, 20–200 µL)을 직접 데모로 시연해 드렸으며,\r\n연구원님께서 현재 사용 중인 팁과의 호환성 테스트 및 흡입·분주 동작도 직접 확인해 보셨습니다.\r\n\r\n ● 피펫의 이젝션 버튼 부분이 다소 어색하게 느껴진다고 하셨으나,\r\n사용에 익숙해지면 무리가 없을 것 같다는 긍정적인 피드백을 주셨습니다.\r\n\r\n ● 이에 대해, 자사 피펫은 인체공학적으로 설계된 구조로 인해\r\n반복적인 피펫팅 작업 시 손의 피로도가 현저히 감소하는 점을 강조하여 설명드렸습니다.\r\n\r\n<견적 및 후속 일정>\r\n\r\n ● 자사 견적서는 이벤트가 적용된 기본가에서 추가로 20% 할인을 반영하여\r\n가격 경쟁력을 고려한 형태로 작성 하였습니다.\r\n\r\n ● 7월 21일(월)에 구조생물학연구실 방문 시,\r\n샘플 전달과 함께 견적서를 실물로 직접 전달드리고 짧게 상담 후 복귀할 예정입니다.	2025-07-20 08:24:37.377543+00	74	3	84	\N	\N	\N	f		2025-07-18	2025-07-18	received	\N	\N	\N	\N
71	customer_meeting	<방문 기록 요약>\r\n\r\n ● 방문 당시 연구원님께서 곧 미팅이 예정되어 있어 대화가 어려운 상황이었습니다.\r\n\r\n ● 이에 따라 1~2주 후 재방문을 드릴 예정입니다.	2025-07-20 08:03:10.277609+00	71	3	81	\N	\N	\N	f		2025-07-18	2025-07-18	received	\N	\N	\N	\N
72	customer_meeting	<방문 기록 요약>\r\n\r\n ● 연구실 내에는 Axygen 팁, Rainin 팁, 그리고 Rainin 피펫이 비치되어 있는 것을 확인하였습니다.\r\n\r\n ● 연구원님께서는 주로 프로모션(이벤트) 기간 중에 제품을 구매하신다고 하셨으며, (팁 등 소모품)\r\n향후 이벤트 진행 시 관련 정보를 미리 공유해 주시기를 요청하셨습니다.	2025-07-20 08:09:42.255972+00	72	3	82	\N	\N	\N	f		2025-07-18	2025-07-18	received	\N	\N	\N	\N
73	customer_meeting	<방문 기록 요약>\r\n\r\n ● 해당 연구실은 정년이 임박한 연구실로, 향후 별도의 장비나 소모품 구매 계획은 없다고 말씀하셨습니다.\r\n\r\n ● 이에 따라, 연구실이 운영되는 동안 연구원분들과의 유대감을 형성하고자 노력할 예정입니다.	2025-07-20 08:13:11.219064+00	73	3	83	\N	\N	\N	f		2025-07-18	2025-07-18	received	\N	\N	\N	\N
75	customer_meeting	<방문 기록 요약>\r\n\r\n ● 연구실에서는 Gilson 및 Eppendorf 피펫을 사용 중이며, 엑셀팁(Excel Tip)을 함께 사용하고 계셨습니다.\r\n\r\n ● 연구원님은 다소 내향적인 성향을 보이셨으며,\r\n제가 기존에 서비스 엔지니어로 근무했다는 점에 흥미를 가지시고,\r\n어떤 장비들을 다뤄보았는지에 대해 질문을 주셨습니다.\r\n\r\n ● 향후 긴밀한 관계 형성에는 시간이 다소 소요될 것으로 보이나,\r\n지속적인 관심과 방문을 통해 유대감을 형성해 나갈 계획입니다.	2025-07-20 08:32:08.593077+00	75	3	85	\N	\N	\N	f		2025-07-18	2025-07-18	received	\N	\N	\N	\N
84	customer_meeting	1. 방문 경위 및 대응\r\n\r\n ● 고객 요청으로 피펫 점검 관련 연락을 받았으며, 방문 후 현장에서 직접 점검을 진행함.\r\n\r\n2. 현장 장비 사용 현황\r\n\r\n ● 사용 중인 피펫은 Socorex Acura 835.05 (1자루)이며, 이외의 모든 피펫 및 소모품(팁 포함)은 Thermo Fisher 제품을 사용 중임.\r\n\r\n3. 제품 안내 및 응대 내용\r\n\r\n ● 현장에서 Socorex 제품 카탈로그를 전달드림.\r\n\r\n ● 고객께서 Socorex 전용 팁 보유 여부를 문의하셨으며, 이에 대해 “전용 팁 라인업 보유 중이며, 필요 시 공급 가능하다”고 안내드림.\r\n\r\n4. 서비스 처리 내용\r\n\r\n ● 점검 후 해당 피펫(835.05) 회수하여 정밀 점검 및 조치 예정임.	2025-07-22 00:02:13.953424+00	80	3	95	\N	\N	\N	f		2025-07-21	2025-07-21	received	\N	\N	\N	\N
98	customer_meeting	1. 이번에 생긴 신규 랩\r\n\r\n2.현재 Eppendorf, Gilson, HTL 등의 피펫을 사용중\r\n- 레이닌(일반피펫), 2세트를 최근에 구매함.\r\n\r\n3. 팁은 악시젠(Axygen) 제품을 사용하고 있으며, 소모품 구매는 연구실 책임자인 박사님께서 직접 담당하고 계시므로, 샘플링 및 제품 관련 상담을 위해 해당 박사님과의 접촉이 필요	2025-07-27 08:35:25.150125+00	134	2	109	\N	\N	\N	f		\N	2025-07-23	\N	\N	\N	\N	\N
121	customer_meeting	박상욱 연구원님은 해당 연구실의 안전담당자이심\r\n\r\n현재 Axygen 팁을 사용 중이며, 팁 끝단에 시료가 묻어 나오는 현상이 발생하여 팁과 피펫 간의 호환성 문제 가능성을 언급하심\r\n\r\n사용 중인 피펫은 Gilson 및 Eppendorf 제품으로 확인됨\r\n\r\n해당 현상은 호환성 이슈일 수 있으나, 점도가 있는 시료를 일반 팁으로 분주할 경우 발생할 수 있는 일반적인 문제일 수 있다고 안내드림\r\n\r\n자사 피펫은 다양한 브랜드의 팁과의 호환성이 우수하므로, 자사 피펫으로 직접 시험해보시기를 권유드림\r\n\r\n시험 시 로우리텐션(Low Retention) 팁 샘플도 함께 제공드릴 예정이며, 점도 시료에 보다 적합한 분주 성능을 확인해보시도록 안내드림\r\n\r\n향후 재방문 예정이며, 데모 피펫과 로우리텐션 팁을 함께 전달드릴 계획임	2025-07-27 10:33:54.59663+00	131	3	122	\N	\N	\N	f		\N	2025-07-23	\N	\N	\N	\N	\N
155	customer_meeting	1. 10μL는 기존에 사용하던 QSP 팁 외에는 특별한 이유 없음\r\n\r\n2. 주로 혈청을 이용한 실험에서 Socorex 팁과 QSP 팁 모두 잔여량이 존재함\r\n\r\n3. QSP 로우리텐션 팁을 샘플로 제공받아 사용해보고 있는 중\r\n\r\n4. Paradigm 로우리텐션 10μL 팁을 샘플로 사용 검토 희망\r\n\r\n5. 연구실에서는 2년 이상 서비스 미실시, 검토 후 조치 예정	2025-08-17 00:31:14.387487+00	158	2	146	\N	\N	\N	f		\N	2025-08-06	\N	\N	\N	\N	\N
159	customer_meeting	1. 점검 완료된 피펫 에이드 반환\r\n\r\n2. 교수님 휴가로 인해 대금 결제는 다음주 방문 시 카드 결제 예정\r\n\r\n3. 수리 요청 피펫 에이드 일부는 아주대 장비로, 1~2개 추가 구매는 연구실 과제비 사용 검토 후 회신 예정	2025-08-17 00:47:48.642358+00	133	2	171	\N	\N	\N	f		\N	2025-08-11	\N	\N	\N	\N	\N
167	service	강원대학교 / 동물생명과학연구소 / 김혜영 / 010-5132-7269\r\n\r\n피펫 검교정	2025-08-23 03:08:25.421602+00	171	3	176	\N	\N	\N	f		\N	\N	completed	\N	\N	\N	\N
231	customer_meeting	지나가는 길에 들러 인사드리고 얘기 나누다가 나옴	2025-09-07 23:33:54.621595+00	67	3	233	\N	\N	\N	f		\N	2025-09-02	\N	\N	\N	\N	\N
287	customer_meeting	다음 주에 방문 요청함.	2025-09-21 13:22:22.544954+00	220	2	274	\N	\N	\N	f		\N	2025-09-15	\N	\N	\N	\N	\N
289	customer_meeting	1. Paradigm 200μL 제공\r\n2. 아직 사용 안해봄	2025-09-21 13:25:40.418755+00	221	2	273	\N	\N	\N	f		\N	2025-09-15	\N	\N	\N	\N	\N
76	customer_meeting	<방문 기록 요약>\r\n\r\n ● 연구실에서는 NEST에서 생산하는 피펫을 사용 중이라고 하셨으나,\r\n당시 연구실 내부 출입이 어려워 직접 제품을 확인하지는 못하였습니다.\r\n해당 내용은 추후 재방문 시 실제 사용 장비를 확인할 예정입니다.\r\n\r\n ● 두 분의 연구원님께서 Acura 826에 큰 관심을 보이셨으며,\r\n특히 흡입 및 분주 시 부드러운 작동감에 대해 매우 긍정적인 반응을 보이시며 써보고 싶다고 하셨습니다.\r\n또한, Justip 기능에 대해 매우 신기해 하셨습니다.\r\n\r\n ● 연구원님들께서는 현재 Reload 팁에서 벌크 팁으로 전환된 상황에 대해\r\n교수님이 비싼 제품은 안사주신다며 불만을 표현하셨습니다.\r\n\r\n ● 이에, 자사 이벤트 안내 자료를 전달드리며,\r\n원래 마감일인 7월 15일 이후에도 특별히 연장 적용이 가능하니 교수님께 적극 제안해보시라고 안내드렸습니다.\r\n\r\n ● 무더운 날씨로 인해 연구원님들께서 더워하시는 모습이 보여,\r\n다음 방문 시 커피를 준비해 드리겠다고 말씀드렸고,\r\n이에 대해 매우 긍정적인 반응과 감사 인사를 받았습니다.\r\n\r\n<후속 계획>\r\n\r\n ● 다음 방문 시 NEST 피펫 실물 확인 및 커피 전달 예정이며,\r\n연구원분들과 보다 친밀한 관계 형성을 목표로 지속적인 소통을 이어갈 계획입니다.	2025-07-20 08:41:43.846223+00	76	3	86	\N	\N	\N	f		2025-07-18	2025-07-18	received	\N	\N	\N	\N
77	customer_meeting	<방문 기록 요약>\r\n\r\n ● 방문 당시, 연구원님께서는 이미 필요한 물품에 대한 Stock을 확보해두었다며 추가적인 제품 상담은 어렵다고 말씀하시며 대화 요청을 정중히 거절하셨습니다.\r\n\r\n ● 이에 간단히 자기소개를 드리고 인사차 방문드린 취지를 설명드리며,\r\n경직된 분위기를 부드럽게 전환하는 데에 집중하였습니다.\r\n\r\n ● 현재로서는 판매보다는 관계 유지 및 인지도 확보를 우선 목표로 설정하고 있으며,\r\n추후 기회가 될 경우 다시 자연스럽게 접근할 수 있도록 장기적인 관계 형성을 염두에 두고 대응할 예정입니다.	2025-07-20 08:45:45.788311+00	77	3	87	\N	\N	\N	f		2025-07-18	2025-07-18	received	\N	\N	\N	\N
78	customer_meeting	<방문 기록 요약>\r\n\r\n ● 연구실에서는 현재 Gilson 피펫을 사용 중이며,\r\n최근 연구원들의 사용 편의성을 고려하여 신규 피펫 구매를 검토한 적이 있다고 말씀하셨습니다.\r\n\r\n ● 자사 피펫에 대해서도 가격에 대해 궁금해 하셨으며\r\n이에 따라 현재 진행 중인 이벤트를 특별히 연장 적용해드릴 수 있다고 안내드렸습니다.\r\n\r\n ● 연구원님께서는 해당 내용을 참고하여 검토해보겠다고 긍정적으로 답변 주셨습니다.	2025-07-20 08:50:43.1689+00	78	3	88	\N	\N	\N	f		2025-07-18	2025-07-18	received	\N	\N	\N	\N
79	customer_meeting	<방문 기록 요약>\r\n\r\n ● 해당 연구실은 최근 개설된 신생 랩으로,\r\nEppendorf 피펫을 최근 대량 구매한 이력이 있음을 확인하였습니다.\r\n\r\n ● 이로 인해 당장 새로운 제품에 대한 구매 의향은 크지 않은 상황으로 보였습니다.\r\n\r\n ● 다만, 신생 연구실 특성상 앞으로의 연구 활동 및 장비 수요 변화 가능성을 고려하여\r\n지속적인 관심과 유대 강화가 중요한 고객군으로 판단되며,\r\n향후 관계 형성에 더욱 신중하고 적극적인 접근이 필요할 것으로 보입니다.	2025-07-20 08:53:33.620034+00	79	3	89	\N	\N	\N	f		2025-07-18	2025-07-18	received	\N	\N	\N	\N
80	customer_meeting	<2025-07-21>\r\n- 하기 제품 견적요청\r\n ● 12 channel (0.5-10ul) - Cat No. 855.12.010\r\n ● 12 channel (20-200ul) - Cat No. 855.12.200\r\n ● 200ul yellow tips (1000/bag, 10 bags) - Cat No. 3290.0200B\r\n ● 0.2ml strip PCR tubes (120 strips/pk) - Cat No. T5C-028N\r\n\r\n- 하기 제품 샘플 요청\r\n ● T5C-028N\r\n ● 3290.0200B	2025-07-20 23:08:34.791574+00	68	3	78	\N	\N	\N	f		2025-07-18	2025-07-18	received	\N	\N	\N	\N
82	customer_meeting	1. 현장 상황\r\n\r\n ● 연구실에는 담당자 이대원 연구원님 부재, 지도교수님만 연구실에 계셨음.\r\n\r\n ● 이대원 연구원님을 찾았으나, 교수님께서 "방금 회의에 들어가 오래 걸릴 것 같다"고 하시며 자신에게 전달해 달라고 요청하심.\r\n\r\n2. 응대 내용\r\n\r\n ● 교수님께 지난주 금요일에 방문하여 견적 요청을 주신 건에 대해 안내드림.\r\n\r\n ● 특히, 당일 미팅에서 여러 연구원님들로부터 샘플 요청이 있었기 때문에, 샘플 전달을 겸해 다시 방문드린 것이라고 설명드림.\r\n\r\n ● 더불어 이대원 연구원님께 직접 견적서를 전달하고 설명드리고자 방문한 것이었음을 교수님께 말씀드림.\r\n\r\n ● 현장에서 견적서와 함께 음료(미에로화이바 1박스)를 전달드림.	2025-07-21 23:45:31.149024+00	74	3	91	\N	\N	\N	f		2025-07-21	2025-07-21	received	\N	\N	\N	\N
83	customer_meeting	1. 방문 배경\r\n\r\n ● 지난 방문 시, 연구원님께서 당사 피펫에 대한 관심을 보이시며 가격 문의를 주셨으나, 당시에는 제품 카탈로그가 없어 이벤트 리플렛만 전달드리고, 이벤트 연장 소식만 구두로 안내드린 상태였음.\r\n\r\n ● 이에 정식 카탈로그와 함께 가격 정보를 안내드리기 위해 재방문함.\r\n\r\n2. 현장 상황 및 응대 내용\r\n\r\n ● 방문 당시 해당 연구원님은 부재 중이었으며, 다른 연구원 한 분께서 친절히 응대해주심.\r\n\r\n ● 해당 연구원님께 “급한 전달은 아니므로 다음에 직접 다시 방문드리겠다”고 말씀드렸으나,\r\n“전달 가능한 내용이면 자신이 대신 듣겠다”는 의사를 주셔서,\r\n카탈로그 1부와 함께 피펫의 정가 및 할인 가격을 구두로 전달드리고,\r\n이벤트 적용 가능 여부 및 조건에 대해서도 간단히 설명드린 후 방문 마무리함.	2025-07-21 23:53:15.158724+00	78	3	94	\N	\N	\N	f		2025-07-21	2025-07-21	received	\N	\N	\N	\N
86	service	<점검 결과>\r\n ● Sealing 및 볼륨 테스트 결과, 제품 성능에는 이상이 없는 것으로 확인되었습니다.\r\n\r\n<조치 내용>\r\n ● 피펫 내부 클리닝을 진행하였습니다.\r\n ● 필터를 새 것으로 교체하였습니다.\r\n ● Calibration 작업을 완료하였으며, 성적서를 함께 발행하였습니다.\r\n\r\n<안내 사항>\r\n ● Justip 기능이 과도하게 상단으로 위치해 있어 팁 장착 시 과도한 압력이 발생하며, 이로 인해 이젝션 시 하단부 분해 가능성이 있는 것으로 판단되었습니다.\r\n\r\n ● 이에 따라 Justip 위치를 적정 수준으로 조정하였으며, 올바른 사용법에 대해 연구원님께 안내드렸습니다.\r\n\r\n ● 현재 사용 중인 Thermo Fisher사의 팁은 Socorex Acura 피펫과 공식적으로 호환되나, 실사용 시 체감되는 밀착감이나 분리감은 사용자에 따라 차이가 있을 수 있습니다.\r\n이에 참고용으로 Socorex 정품 5mL 팁 몇 개를 함께 제공드렸으며, 직접 사용해 보신 후 호환성 및 사용감을 비교해보시길 권장드립니다.	2025-07-22 06:23:55.354396+00	80	3	96	\N	\N	\N	f		2025-07-22	2025-07-22	completed	\N	\N	\N	\N
70	customer_meeting	<방문 기록 요약>\r\n\r\n ● 실험실 내에는 Axygen 피펫이 다수 비치되어 있었으나, 실제로 주로 사용하는 피펫은 Eppendorf 제품임을 확인하였습니다.\r\n\r\n ● 연구원님께서는 과거 Axygen 피펫 사용 중 큰 문제를 겪은 경험이 있다고 하시며, 현재는 Eppendorf 제품에 대한 신뢰도가 높다고 말씀하셨습니다.\r\n\r\n ● 다만, 멀티채널 피펫의 채널 베리에이션(편차)에 대한 스트레스를 여전히 받고 계신다고 하여, 이에 대해 다음과 같이 설명드렸습니다:\r\n\r\n자사 피펫의 Justip 기능은 채널 베리에이션을 줄이는 데 효과적이며, 멀티채널 피펫 선택 시 가장 핵심적인 고려 요소는 팁과의 호환성 및 바렐 내구성이므로, 해당 피펫의 소재와 구조를 정확히 파악해야 한다고 안내드렸습니다.\r\n\r\n<Paradigm 팁 관련 논의>\r\n\r\n연구원님께서는 Paradigm 제품 카탈로그를 매우 관심 있게 검토하셨으며, 본인이 사용 중인 QSP사의 010-Q 제품(벌크 팁)은 매번 수작업으로 꽂아야 하는 번거로움이 있어, 자사 *Paradigm 랙타입 겔로딩 팁(10 µL, 200 µL)을 샘플로 사용해보고 싶다고 요청하셨습니다.\r\n\r\n확인 결과, QSP사의 랙 제품은 포장 단위가 매우 커 주문 시 타 브랜드에 비해 2배 정도를 주문해야 하는 것으로 확인되었습니다.\r\n\r\n<후속 일정 및 계획>\r\n\r\n ● 7월 21일(월)에 방문하여, Socorex 200 µL 겔로딩 팁을 전달드리기로 하였습니다.\r\n\r\n ● 전달 시, 연구원님께 QSP 벌크 팁을 랙으로 전환하려는 이유가 팁 포장 단위 때문인지 여부를 확인드릴 계획입니다.\r\n\r\n ● 만약 맞다면, 당사 팁으로 유도하며 현재 샘플링 하고 남은 겔로딩 랙팁들도 판매 유도 해볼 생각입니다.	2025-07-20 07:58:16.452071+00	70	3	80	\N	\N	\N	f		2025-07-18	2025-07-18	received	\N	\N	\N	\N
89	customer_meeting	1. Kubota KA-2200 납품 및 관리 안내 (동방사이메드 손석기 이사)\r\n\r\n- 설치 및 시운전 포함\r\n- 사용법 및 안전사항 안내\r\n\r\n2. Socorex 제품 소개 – 김아람 교수(미생물과) / 이지웅 학과장(화학과)\r\n\r\n- 수동 피펫: 3+1 행사 가격 안내 → "에펜보다 저렴하다" 인지\r\n- 전자피펫: 반복 작업 시 유용하다는 설명에 필요성 공감\r\n- 피펫에이드: 3~4대 필요 예상, 구매 가격 문의함\r\n\r\n기타: MOU 체결 여부 문의 → 메일 안내 시 다시 전달하기로 함	2025-07-27 06:40:43.500664+00	117	2	101	\N	\N	\N	f		\N	2025-07-25	\N	\N	\N	\N	\N
90	customer_meeting	1. 수리가 완료된 전자피펫과 수정된 거래명세서를 전달\r\n- 해당 건에 대한 결제는 7월 말 예정\r\n\r\n2. 샘플로 제공한 팁은 현재까지 사용되지 않음.\r\n- 연구실 인원들의 학회 참석으로 실험이 지연	2025-07-27 07:39:30.049695+00	41	2	102	\N	\N	\N	f		\N	2025-07-22	\N	\N	\N	\N	\N
91	customer_meeting	1. 835.05 피펫 점검 완료분 전달 및 카드 결제 진행\r\n2. 현재 주로 사용하는 볼륨은 200 µL, 5mL, 10 mL 피펫.  Eppendorf 사의 피펫을 사용 중입니다.\r\n3. Paradigm 팁 소개 (Yellow Tip, Blue Tip)	2025-07-27 07:54:25.569416+00	120	2	103	\N	\N	\N	f		\N	2025-07-22	\N	\N	\N	\N	\N
92	customer_meeting	1. 인턴 연구원만 상주하고 있어서, 별도의 자세한 안내는 어움(정중히 거절함)\r\n2.  Axygen 팁을 주로 사용중, 예전부터 사용해온 제품(재고?) Paradigm 팁은 샘플 사용 이후 별도 추가 구매는 진행안됨.	2025-07-27 08:01:17.306346+00	118	2	104	\N	\N	\N	f		\N	2025-07-25	\N	\N	\N	\N	\N
93	customer_meeting	통합 연구실로 운영되어 어느 연구실인지 확인을 못함.\r\n\r\n1. Socorex 피펫 소개\r\n2. Paradigm 제품 소개 (팁, PCR 튜브 및 플레이트)	2025-07-27 08:02:35.123491+00	121	2	105	\N	\N	\N	f		\N	2025-07-25	\N	\N	\N	\N	\N
94	customer_meeting	1.피펫: Eppendorf 제품 주로 사용\r\n피펫 팁: Eppendorf 리로드 팁 사용 추정\r\n\r\n- 현재 피펫 및 팁은 최근에 구매하여 당분간 추가 구매 계획은 없음\r\n- 피펫 구매 결정 및 예산은 담당 박사님이 전담\r\n(방문 시 부재 중으로 구매 관련 세부사항은 확인하지 못함)\r\n\r\n2. Eppendorf 피펫의 사용감이 너무 부드럽다는 의견이 있었으며, 오히려 조금 더 뻑뻑한 감도를 선호한다고 언급\r\n\r\n3. 서비스 및 유지보수 현황\r\n\r\n- 정기점검: 연 1회 피펫 점검\r\n- 점검업체: 특정 업체에 고정되어 있지 않음	2025-07-27 08:12:39.633746+00	125	2	106	\N	\N	\N	f		\N	2025-07-22	\N	\N	\N	\N	\N
95	customer_meeting	1. 황새아 연구원(6개월차) 담당은 따로 없지만 socorex를 주로 사용중\r\n2. socorex  피펫 점검 (싱글 11개, 멀티 2개)\r\n3. Justip 사용법 및 관리방법 안내	2025-07-27 08:19:43.128222+00	132	2	107	\N	\N	\N	f		\N	2025-07-23	\N	\N	\N	\N	\N
101	customer_meeting	1. 싱글 및 멀티피펫 구매 예정\r\n- 예산문제로 싱글보단 멀티가 우선\r\n\r\n2. Sartorius 100μL 멀티피펫 8채널(79만원) 12채널(89만원)    견적 받음\r\n\r\n3. 오가노이드 실험을 하며 리버스 피페팅을 주로 사용. \r\n- 실험 과정에서는 흡입해야 할 시료를 반복적으로 흡입분주함\r\n- 목표한 조건에 부합하는 샘플링이 이루어졌을 때 그 상태를 유지하여 분주하는 방식으로 실험을 진행 이로 인해 절대적인 볼륨 정확도보다는 반복적이고 안정적인 흡입과 분주가 더 중요함.\r\n\r\n4. 레이닌(Rainin, 모듈 고정형)과 써모(Thermo Scientific) F2 멀티채널 피펫을 병행하여 사용\r\n-  실험 특성상 피펫을 눕힌 상태로 사용하는 경우가 많아(팁안에 원하는 샘플링이 되는것을 육안으로 확인함), 이때 모듈이 회전하게 되면 흡입량에 영향을 줄 수 있어 모듈 고정 기능이 중요하다 함.\r\n\r\n5. 25~100μL을 주로사용하여 100μL의 볼륨을 원함, 200은 원하지 않음.\r\n- Socorex 855 8채널 100과 12채널 200을 견적드림\r\n- 추가로 퀀트스튜디오1과 호환되는 PCR 플레이트도 요청하여 같이 견적함	2025-07-27 08:54:15.140496+00	15	2	110	\N	\N	\N	f		\N	2025-07-23	\N	\N	\N	\N	\N
102	customer_meeting	1. 공학과 건물이 리모델링으로 공사중 (전기 및 엘베 사용안됨)\r\n2. 환경공학과와 화학공학과, 신소재공학과에 Socorex 피펫 및 바틀탑 디스펜서 소개\r\n\r\n3. 환경과에서는 피펫에이드 및 바틀탑 디스펜서를 사용하고 있으며, 일반적인 마이크로피펫 사용 빈도는 낮은 편입니다. 현재 사용 중인 장비는 전반적으로 노후화가 진행된 상태\r\n\r\n4. 연구실 내 공사가 진행 중이며 공사 완료 예정일은  8월 9일로, 이후 재방문을 통해 제안을 하는것이 필요함	2025-07-27 08:57:25.255963+00	136	2	111	\N	\N	\N	f		\N	2025-07-24	\N	\N	\N	\N	\N
103	service	<서비스 내용 요약>\r\n\r\n - 고객이 전자 피펫 하단부를 임의로 분리하여 장비가 작동하지 않는 상태였음\r\n\r\n - 해당 제품을 회수하여 내부 점검 및 수리 진행\r\n\r\n - 수리 완료 후, 영상통화를 통해 올바른 사용 방법과 주의사항을 안내드림	2025-07-27 09:49:41.900306+00	81	3	97	\N	\N	\N	f		\N	\N	completed	\N	\N	\N	\N
104	service	1. 점검 결과\r\n- Sealing 상태: 양호함\r\n- 볼륨 다이얼을 조절해도 실제 분주되는 볼륨 값이 변화하지 않는 현상 확인됨\r\n\r\n2. 확인된 원인\r\n- 내부 확인 결과, Calibration Key가 'Cal 모드'로 설정되어 있었습니다.\r\n\r\n3. 조치 내용\r\n- Calibration Key를 정상적인 Lock 모드로 재설정\r\n- 내부 클리닝 및 정밀 교정(Calibration) 완료\r\n\r\n4. 추후 일정\r\n - 고객이 급하지 않은 건이라 택배보단 직접 가져다 주는 것을 선호한다고 함.\r\n - 김도엽 과장이 직접 전달 예정	2025-07-27 09:53:30.817385+00	46	3	112	\N	\N	\N	f		\N	\N	completed	\N	\N	\N	\N
105	service	1. 점검 내용\r\n- Sealing 테스트 결과 이상 없음\r\n- 볼륨 테스트 결과, 설정 볼륨 대비 부정확한 분주가 확인됨\r\n\r\n2. 조치 내용\r\n- 내부 클리닝 수행\r\n- Calibration 진행	2025-07-27 09:56:10.355483+00	4	3	113	\N	\N	\N	f		\N	\N	completed	\N	\N	\N	\N
106	service	1. 점검 결과\r\n\r\n<Sealing Test 결과>\r\n• 825.1000 [S/N: 23031844] → 볼륨 부정확으로 교정 불가\r\n• 835.10 [S/N: 23021071] → 볼륨 부정확으로 교정 불가\r\n• 이외 피펫 2자루는 Sealing Test 통과\r\n\r\n2. 조치 내용\r\n\r\n• Sealing 부품 교체 후 재시험 진행\r\n• 재시험 결과, 모든 피펫 정상적으로 Test 통과\r\n• 내부 클리닝 및 ISO 8655-2 기준에 따른 교정 성적서 발급\r\n\r\n3. 추후 일정\r\n\r\n• 다음주 월요일에 견적에 대한 답변을 받기로 함.	2025-07-27 09:59:18.436503+00	137	3	114	\N	\N	\N	f		\N	\N	completed	\N	\N	\N	\N
107	service	점검 결과\r\n\r\n- 내부 점검 결과, Ball Valve 미장착 상태로 확인되었습니다.\r\n- Ball Valve 장착 후 기능 및 볼륨 테스트를 수행한 결과, 정상 작동을 확인하였습니다.\r\n- 설정된 볼륨과 실제 분주 볼륨이 정확히 일치하여, 별도의 교정(Calibration)은 진행하지 않았습니다.	2025-07-27 10:01:38.500724+00	139	3	116	\N	\N	\N	f		\N	\N	completed	\N	\N	\N	\N
108	service	1. 점검 결과\r\n- 이젝터 너트 부품이 상단부에 과도하게 밀착되어 있어, 팁 이젝팅 및 분리가 불가능한 상태였음을 확인하였습니다.\r\n- 조치 후 실시한 Sealing Test 결과는 양호하였습니다.\r\n\r\n2. 조치 내용\r\n- 이젝터가 과도하게 상승된 상태로, Justip 기능을 활용하여 적정 위치로 하단 조정하였습니다. (하단부가 안빠지던 문제의 원인)\r\n- 내부 클리닝 및 ISO 8655-2 기준에 따른 교정 성적서 발급을 완료하였습니다.\r\n\r\n3. 안내 사항\r\n- 이젝터를 너무 높이 올릴 경우, 정상적인 팁 이젝팅이 어렵거나 불가능할 수 있습니다. 사용 시 이 점 유의해주시기 바랍니다.\r\n\r\n- 피펫 내부에서 시료가 오버플로우되어 굳어 있는 상태가 확인되었으나, Sealing 부품까지는 침투하지 않아 기능에는 이상이 없었습니다.\r\n향후 유사한 상황 발생 시, 피펫을 분해하여 플런저를 물티슈 또는 에탄올 티슈로 간단히 세척해 주시는 것을 권장드립니다.\r\n참고로, Micro 피펫의 분해 및 조립 방법은 유튜브 ‘하나과학’ 채널에 영상으로 안내되어 있으니 활용 부탁드립니다.\r\n\r\n정기적인 관리와 간단한 청소만으로도 피펫을 장기간 안정적으로 사용하실 수 있습니다.\r\n\r\n4. 일정\r\n - 고객과 화요일 즈음 영상통화로 소통 예정\r\n - 해당 고객은 Socorex 피펫 1세트 사용 중	2025-07-27 10:04:52.033559+00	140	3	117	\N	\N	\N	f		\N	\N	completed	\N	\N	\N	\N
109	customer_meeting	- 고객으로부터 데모 피펫 사용 요청 연락을 받음\r\n\r\n - 10–100 µL 멀티채널 피펫 사용을 희망하셨으나, 당사에서는 현재 20–200 µL 8채널 멀티채널 피펫을 보유하고 있어 해당 모델로 테스트해보시기를 권장드림\r\n\r\n - 데모 피펫은 화요일 방문 시 직접 전달드리기로 협의함	2025-07-27 10:11:23.522962+00	74	3	99	\N	\N	\N	f		\N	2025-07-25	\N	\N	\N	\N	\N
110	customer_meeting	고객 대응 기록\r\n\r\n- 현재 고객은 200 µL 옐로우 팁과 0.2 mL 8-strip PCR 튜브를 샘플로 사용 중임\r\n\r\n - PCR 튜브의 경우, 고객이 사용하는 랙과의 호환성 문제가 있다고 말씀하셔서, 방문 시 사용 중인 랙 종류를 직접 확인할 예정임\r\n\r\n - 팁은 약 1개월 후 발주 예정이라고 하셨으며, 이에 추가로 P4110-00 팁도 1랙 샘플로 사용해보고 싶다고 요청하심\r\n\r\n - 또한, 12채널 멀티채널 피펫(10 µL 및 200 µL) 데모 사용을 희망하셨으나, 현재 당사에서는 8채널 멀티채널 피펫만 보유 중이므로 대체 사용을 권장드림\r\n\r\n - 고객은 현재 *리로드 팁(Excel 브랜드)*을 사용 중이며, Paradigm 리로드 팁에 대한 견적 요청을 받음 → Paradigm 제품으로 견적 제공 예정\r\n\r\n다음 주 화요일 방문 시:\r\n\r\n - P4110-00 팁 샘플 제공\r\n - 8채널 멀티채널 데모 피펫(10 µL, 200 µL) 전달 예정	2025-07-27 10:17:36.762041+00	68	3	100	\N	\N	\N	f		\N	2025-07-23	\N	\N	\N	\N	\N
112	service	피펫 13자루 (싱글 11 , 멀티 2) 접수	2025-07-27 10:18:21.196633+00	142	3	118	\N	\N	\N	f		\N	\N	received	\N	\N	\N	\N
87	customer_meeting	<김민석 연구원 응대 기록 – Paradigm Rack Tip 샘플 제공 관련>\r\n\r\n1. 샘플 요청 및 대응\r\n\r\n ● 김민석 연구원님께서는 Paradigm Rack Tip 샘플 제공을 요청하셨으며, 해당 연구실 내 5개 팀이 각자 사용해보고 싶다는 의견을 주셨습니다.\r\n초기 요청은 각 팀별로 소량의 팁을 나눠 5개의 빈 랙에 담아 제공받는 방식이었으나, 현재 당사에서는 빈 랙 재고가 확보되지 않아 부득이하게 1개의 랙에 팁을 가득 담아 제공드리기로 안내하였습니다.\r\n\r\n2. 현재 사용 중인 팁 및 이슈 파악\r\n\r\n ● 해당 연구실에서는 일반팁을 사용 중이며, 실험 시 특히 1000 µL 팁에서 단백질 농축 시료의 잔량이 지나치게 많이 남는 문제로 인해 팀원들의 불만이 높은 상황입니다.\r\n\r\n ● 이에 따라 기존 팁 교체를 적극 검토 중이며, 비용이 저렴한 일반팁 위주로 타사 견적을 병행 확인 중인 것으로 파악되었습니다.\r\n\r\n3. 시료 정보 및 기술적 안내\r\n\r\n ● 연구원님께 사용 시료에 대해 여쭤본 결과, 농축된 단백질 시료를 취급하는 과정에서 잔량 문제가 발생하고 있음을 확인하였습니다.\r\n\r\n이에 대해 다음과 같이 안내드렸습니다:\r\n\r\n일반팁은 고농도 단백질 시료에 적합하지 않으며, 시료 손실 및 재현성 저하의 원인이 될 수 있습니다.\r\n\r\n이 경우 Low Retention 레진으로 제작된 제품을 사용하는 것을 권장드립니다.\r\n\r\n일반적인 단백질 농축 시료에서는 확실한 개선 효과를 기대할 수 있습니다.\r\n\r\n다만, 점도가 과도하게 높은 경우에는 효과가 제한적일 수 있음을 함께 안내드렸습니다.\r\n\r\n4. 향후 대응 계획\r\n\r\n다음 주 중 직접 연구실을 방문하여 Paradigm 샘플을 전달드릴 예정이며,\r\n\r\n샘플 사용 후 실제 개선 효과에 대한 피드백을 요청드리고,\r\n\r\n피드백 결과를 바탕으로 해당 연구실에 가장 적합한 제품 및 해결 방안을 제안드릴 예정입니다.	2025-07-22 08:50:58.515339+00	119	3	98	\N	\N	\N	f		2025-07-29	2025-07-22	received	\N	\N	\N	\N
234	delivery_schedule	1. 8월 7일 납품 건 결제\r\n   - 품목: 1260-00, 4pk\r\n\r\n2. 피펫 서비스 및 Socorex Demo 권유\r\n   - 기존 사용 피펫 점검 및 서비스 안내\r\n   - Socorex 피펫 Demo 사용 권유\r\n\r\n3. Isofreeze 및 Tip 구매 유도\r\n   - 예전부터 사용 중인 Rack에 저렴한 벌크 팁을 구매하여 사용\r\n   - 팁은 재고를 많이 보유하고 있어 소진 후 검토 예정\r\n   - Ice Rack 사용해본 적 있으나, 여러 개를 형태 없이 꽂아 사용하는 방식이 더 편리하다고 함	2025-09-08 04:20:19.991322+00	18	2	240	\N	\N	63360	t	1260-00: 4개 (63,360원)	2025-09-09	\N	\N	\N	\N	\N	\N
205	delivery_schedule	1. Paradigm 200 µL 리로드 팁 납품\r\n2. 10 µL 및 1000 µL 팁 발주 여부 검토\r\n- 현재 기존 재고가 남아있어 추가 발주는 보류함	2025-09-07 04:18:23.238012+00	41	2	208	\N	\N	396880	t	4235N00: 10개 (396,880원)	2025-09-02	\N	\N	\N	\N	\N	\N
81	customer_meeting	1. 현장 상황 및 니즈 파악 (소모품 담당자 김민석 연구원 소개받음)\r\n\r\n ● Socorex 200 µL 갤로딩 팁 1 랙을 샘플로 전달드림.\r\n\r\n ● 김민석 연구원님은 QSP의 10 µL , 200 µL 겔로딩 팁을 사용 중이며, 젤 실험이 잦아 약 5~6개월 주기로 1000개(벌크) 소모되고 있음.\r\n\r\n ● 현재 사용하는 시료의 점성이 매우 높아 팁 벽면에 시료가 많이 잔류하는 문제가 발생하고 있으며, 이를 해결하기 위해 팁 교체를 검토 중임.\r\n\r\n ● 연구원 소속 팀은 총 5개로 구성되어 있으며, 각 팀이 샘플을 개별적으로 테스트할 수 있도록 5개 랙에 팁을 나눠 담은 샘플 제공이 가능한지 문의하셨음.\r\n\r\n ● 당사 보유 재고 상황상 빈 랙이 없어 P4346N00 1Rack 을 샘플로 드리기로 함\r\n\r\n2. 경쟁 제품 및 가격 비교 관련 언급\r\n\r\n ● 김 연구원님은 최근 LPS Solution사의 EXCELL LS Refill Tip 견적(2만 원대)을 받은 상황임.\r\n\r\n ● 당사 제품은 할인 적용 시에도 4만 원대 중반 수준으로 가격 차이가 큼.\r\n\r\n ● 그러나 현재 고객이 필요로 하는 기능은 Low-Retention 특성에 집중되어 있으므로, Paradigm 팁의 재질 기반의 NoStick® 기술 및 성능적 차별성에 대해 설명드림.\r\n\r\n3. 향후 진행 계획\r\n\r\n ● 이번 주 또는 다음 주 중으로 샘플 전달 예정.\r\n\r\n ● 샘플 사용 이후 잔량 개선 여부에 대한 피드백을 받아 추가 논의 예정.	2025-07-21 23:38:58.366409+00	119	3	90	\N	\N	\N	f		2025-07-21	2025-07-21	received	\N	\N	\N	\N
66	customer_meeting	이성균 박사와 상담\r\n\r\n1. 연구실에서는 Sartorius 10 mL 피펫을 사용 중이며, 해당 제품에서 리킹(leaking) 현상이 발생하고 있음. 피펫은 구입한 지 1년이 채 되지 않았으며, 다양한 종류(10종 이상)의 팁을 사용해도 동일한 문제가 발생함.\r\n\r\n2. 현재 연구실에서 사용 중인 피펫 브랜드는 Eppendorf, Gilson, Sartorius임. 이 중 Eppendorf 사용 비율이 높고 사용 빈도도 잦은 편임.\r\n\r\n3. 사용 중인 팁은 Axygen이 주류이며, 10 mL 피펫의 리킹 문제로 Sartorius 정품 팁도 함께 사용하고 있음. 그러나 리킹 현상으로 인해 정확성이 떨어져 해결 방안을 찾고 있는 상황임.\r\n\r\n4. 바틀탑 디스펜서를 사용하는 방안에 대한 문의가 있었음. 정확도 측면에서는 피펫이 가장 우수하나, 반복적인 리킹 문제가 지속된다면 바틀탑 디스펜서가 하나의 대안이 될 수 있다고 안내함. (25mL과 50mL)\r\n\r\n5. Socorex 865 제품은 마이크로디스펜서로서, 일반적인 디스펜서보다 높은 정확도를 제공하며 피펫처럼 정밀한 용도로도 사용 가능하다는 점을 설명함. 이에 대해 일정 부분 관심을 보였음.\r\n\r\n6. 연구실에서 사용하는 시료는 점성이 있으며, 현재 사용하는 Axygen 팁은 일반 팁이라 점성 시료 사용 시 잔여량이 남는 문제가 있음. 이 부분도 개선되었으면 한다는 의견이 있음.\r\n\r\n7. 데모백에 있는 SOCOREX 팁(사토리우스 호환 가능)을 보며 홀이 좁은 구조가 리킹(Leaking) 현상 개선에 기여할 수 있는지 생각해봄.	2025-07-20 02:01:17.234348+00	64	2	76	\N	\N	\N	f		2025-07-18	2025-07-18	received	\N	\N	\N	\N
123	customer_meeting	1. 장비 점검 요청\r\n   826.0200 피펫의 볼륨 조절이 불가능한 상태로, 커서가 CAL 키로 변경되어 있어 점검을 요청함\r\n\r\n2. 사용 현황 및 의견  \r\nThermo Fisher의 F1 피펫을 주로 사용해왔으나, 최근에는 SOCOREX 제품에 대한 만족도가 높아져 사용 빈도가 증가하였고, 현재는 SOCOREX 피펫을 주로 사용 중임  \r\n\r\n3.주로 PCR을 자주하며 1년에 한 번 대량 주문 후 재고를 활용하는 방식으로 운영 중, 2년 전 주문한 물량을 현재까지 사용\r\n\r\n3. 피펫 팁은 5~6월경 교체함  \r\n   최근 예산 문제로 인해 비교적 저렴한 팁 제품으로 변경하여 사용하고 있음	2025-08-02 14:13:22.010307+00	148	2	126	\N	\N	\N	f		\N	2025-07-28	\N	\N	\N	\N	\N
124	customer_meeting	1. ATP 실험 관련 이슈  \r\n   - 96-well 플레이트 사용 시 루시페레이스 반응에서 실험 편차가 큼  \r\n   - 새 멀티채널 피펫 구매 고려 중\r\n\r\n2. 기존 장비 상태 및 비용 비교  \r\n   - 현재 사용 중인 Eppendorf 12채널 피펫 노후  \r\n   - 수리 비용 60~70만 원, 신제품 구매 비용 약 200만 원  \r\n   - 수리 또는 신제품 구매 중 결정 예정\r\n\r\n3. 향후 실험 계획에 따른 구매 여부 결정  \r\n   - ATP 실험 외에는 멀티채널 피펫 필요 없음  \r\n   - 내년 실험 일정과 방향에 따라 구매 결정 예정  \r\n   - 구매하지 않을 경우 다른 장비 구매 예정	2025-08-02 14:21:30.222067+00	149	2	127	\N	\N	\N	f		\N	2025-07-28	\N	\N	\N	\N	\N
150	service	1차 서비스 완료 및 방문\r\n\r\n - 성적서 및 수리내역서 직접 안내\r\n\r\n - 카탈로그, 이벤트 리플렛, 팁 샘플(4130-6N00) 전달\r\n\r\n - Paradigm 200 팁 관련:\r\n\r\n   ＊ 현재 다윈바이오텍으로부터 다수 납품받고 있음\r\n   ＊ 당사에도 견적 가능 여부 문의\r\n   ＊ 1차: 다윈과 동일 조건(15% 할인)으로 견적 제안\r\n   ＊ 추후 10 µL 팁 피드백이 긍정적일 경우, CS 구매 조건으로 25% 할인 견적 예정\r\n\r\n - Pipet Aid 2자루 및 2차 서비스 건 회수	2025-08-16 22:57:15.800955+00	142	3	160	\N	\N	\N	f		\N	\N	completed	\N	\N	\N	\N
160	customer_meeting	1. Paradigm 10mL 샘플 전달\r\n\r\n2. Socorex 전자피펫 일본 출장 사용 관련 문의: 110V 사용 가능 여부 확인 요청 → 100-250V, 50~60Hz 사용 가능함을 안내	2025-08-17 00:50:03.016107+00	150	2	170	\N	\N	\N	f		\N	2025-08-12	\N	\N	\N	\N	\N
162	customer_meeting	1. 발주한 100필터팁 납품 요청\r\n\r\n2. 300필터팁 발주 → 1000필터팁으로 변경 필요 (동아하이택에 직접 변경 안내)	2025-08-17 00:54:11.485116+00	50	2	172	\N	\N	\N	f		\N	2025-08-13	\N	\N	\N	\N	\N
168	service	완료	2025-08-23 03:08:41.780033+00	142	3	174	\N	\N	\N	f		\N	\N	completed	\N	\N	\N	\N
127	customer_meeting	1. Socorex 피펫 5개 납품 완료 (825, 2, 10, 100, 200, 1000)  \r\n\r\n2. 멀티채널 피펫 점검 필요 (박진희 연구원이 자리할 때 확인 예정 )\r\n- 일부 팁(특히 가운데 부분)이 헐겁게 장착되는 현상 발생	2025-08-03 14:23:00.587257+00	39	2	138	\N	\N	\N	f		\N	2025-07-30	\N	\N	\N	\N	\N
331	customer_meeting	1. 현황 요약  \r\n- 연구실에서 현재 피펫 팁 제품을 물색 중이며, 가격 경쟁력을 중점적으로 검토 중  \r\n- 현대마이크로, 탈슨, 팍젠 3개 브랜드의 샘플을 테스트 진행 중  \r\n- Paradigm Tip은 리로드 형태로 견적 전달\r\n\r\n2. 주요 상황  \r\n\r\n- 연구실 내 박사 한분이 전자피펫 구매 고려중\r\n- 기존에 사토리우스 전자피펫 데모는 진행했으나 구매로 이어지지 않음  \r\n- 현재 길슨(추정) 브랜드의 전자피펫 데모를 진행 중이나, 정확한 브랜드는 미확인 상태  \r\n- Socorex 전자피펫의 모듈 교체형 구조에 관심을 보이며 내부 검토 중	2025-10-25 06:20:17.924536+00	250	2	340	\N	\N	\N	f		\N	2025-10-13	\N	\N	\N	\N	\N
332	customer_meeting	1. 멀티채널 구매 문의  \r\n   - 요청 사양: 12채널, 100 µL, 고정식 모델  \r\n   - 결정 사항: RAININ 멀티채널 피펫으로 구매 완료	2025-10-25 06:23:07.236391+00	15	2	341	\N	\N	\N	f		\N	2025-10-13	\N	\N	\N	\N	\N
325	delivery_schedule	납품 완료\r\n20,000,000원 견적서 및 선결제 진행 요청 받음	2025-10-19 23:30:12.981577+00	156	3	337	\N	\N	\N	t	GYGREB-M-m2.0-24: 1개 (1,023,220원)\r\nGYGAS-c15(c50): 8개 (345,840원)\r\n3123000241: 3개 (122,001원)\r\n3123000250: 3개 (122,001원)\r\n3123000268: 3개 (122,001원)\r\n3123000225: 2개 (81,334원)\r\n3123000233: 3개 (122,001원)	\N	\N	\N	\N	\N	\N	\N
128	customer_meeting	1. IsoFreeze Rack\r\n- 샘플 실물 확인 및 견적 전달 완료\r\n- 기존 사용 중인 알루미늄 랙은 결로로 인해 물방울이 생기며, 테이블 위에서 미끄러지는 위험이 있음\r\n- 실수로 떨어뜨릴 가능성에 대한 불안감이 연구원에게 스트레스로 작용\r\n- 알루미늄은 총 48개의 튜브를 수용할 수 있어 수량 면에서는 부족함\r\n- 다만, 뚜껑이 있어 보관 시 스택 형태로 적재할 수 있는 점은 장점으로 평가됨\r\n\r\n2. MCT 1260-00 사용 관련\r\n- 기존 Axygen 랙 사용 시:\r\n  - 1.5 mL 튜브는 큰 문제 없이 사용 가능\r\n  - 1.7 mL 튜브는 튜브 간 간섭으로 인해 하나를 제대로 꽂지 못하고, 찌그러지는 현상으로 인해 샘플 손실(증발 가능성 추정) 또는 균형 불일치 문제가 발생\r\n- 현재 사용 중인 MCT 1260-00 제품에 대한 만족도는 높은 편\r\n\r\n3. PCR 8-strip(연결형 플랫캡) 샘플 추가 지원\r\n- 기존 제공된 샘플은 연구원들이 사용하기에 수량이 부족했음\r\n- 추가 테스트 진행을 위한 샘플 지원 필요\r\n\r\n4. 기타 사항\r\n- 금일 방문 시 멀티채널 피펫 상태 점검을 요청하려 했으나, 연구원이 자체적으로 원인을 파악함\r\n- 멸균 처리된 랙을 사용할 경우, 멸균하지 않은 랙에 비해 피펫 팁이 가운데 부분에 느슨하게 장착되는 현상이 확인됨	2025-08-03 14:33:22.661045+00	153	2	137	\N	\N	\N	f		\N	2025-07-30	\N	\N	\N	\N	\N
130	customer_meeting	1. 멀티채널 피펫 구매 관련  \r\n- 총 3대 구매 시 희망 단가: 100만원  \r\n- 1대당 40만원 미만으로 가격 제안  \r\n\r\n연구실에서 현재 사용할 수 있는 피펫에이드 1대로 신중하게 검토 중  \r\n\r\n2. 피펫에이드 수리 예정 (총 3대)  \r\n- 써머 1: 배터리 교체 예정  \r\n- 써머 2: 배터리 및 케이블 교체 예정  \r\n- 드루몬드: 배터리 교체 예정  \r\n- 케이스 파손된 제품은 전기테이프로 감아서 사용 예정, 교체 원치 않음	2025-08-03 14:41:01.004992+00	133	2	139	\N	\N	\N	f		\N	2025-07-31	\N	\N	\N	\N	\N
131	customer_meeting	1. 매틀러 저울 점검 현황  \r\n- 소수점 4자리까지 수치 확인  \r\n- 현장에서 분해, 재조립 및 클리닝 작업 진행  \r\n- 점검 대상: 1대  \r\n- 추후 경과 관찰 후 결과에 따라 피펫 전체 서비스 가능성 검토 예정  \r\n\r\n2. 멀티채널 피펫 구매 관련  \r\n- 방장 의견에 따르면 멀티채널 피펫 구매가 확정되었음  \r\n- 해당 제품을 직접 사용할 연구원이 현재 부재하여 추후 재방문 예정	2025-08-03 14:45:26.591393+00	133	2	139	\N	\N	\N	f		\N	2025-07-31	\N	\N	\N	\N	\N
132	customer_meeting	- 이성균 박사는 타 연구실 실험 일정으로 오늘 출근하지 않음  \r\n- 다른 연구원들은 미팅 목적으로 두 차례 방문하였으나, 학부생만 있어  \r\n- 추후 재방문 일정 조율 예정	2025-08-03 14:46:34.316958+00	64	2	136	\N	\N	\N	f		\N	2025-08-01	\N	\N	\N	\N	\N
133	customer_meeting	1.  MCT 1260-00  4pk 납품\r\nㆍ현재와 같은 Bag 포장 방식 선호  \r\nㆍ박스 포장보다는 Bag 형태가 사용 및 보관에 편리하다는 의견\r\n\r\n2. 피펫 점검 및 수리 관련 문의  \r\n　- 고객 측에서 서비스 의사는 있으나, 현재는 점검 또는 수리 예정 없음	2025-08-04 00:52:48.827813+00	18	2	143	\N	\N	\N	f		\N	2025-07-29	\N	\N	\N	\N	\N
140	customer_meeting	배호은 연구원님 미팅 기록 (최근 배호은 연구원님이 구매 담당자로 배정됨.)\r\n\r\n - 신규 벤치 도입 후 Pipet Aid 구매 의사 확인됨.\r\n    ＊ 최근 연락에서 기존에 사용하던 피펫에이드를 구매하여 사용하겠다고 하심. (25년8월14일)\r\n    ＊ 화요일에 방문드려 그렇게 결정한 이유를 들어보고 우리 피펫에이드를 보여드릴 계획\r\n\r\n - 리필 팁 구매 의향이 있으나, 교수님께서 벌크 팁 사용을 고수하시는 상황.\r\n\r\n현재 사용 중인 벌크 팁 단가는 다음과 같음:\r\n    ＊ Paradigm 리필 팁을 CS 단위 구매 시 35% 할인 제공 예정.\r\n    ＊ 1000 µL : 9,200원 (→ 당사 기준 37,960원/CS)\r\n    ＊ 200 µL : 15,000원 (→ 당사 기준 29,315원/CS)\r\n    ＊ 10 µL : 15,000원 (→ 당사 기준 35,620원/CS)\r\n\r\n단, 단가만으로는 교수님 및 연구진 설득이 어려울 것으로 판단됨.\r\n\r\n따라서 연구실 사용 패턴 및 ROI(투자 대비 효과)를 분석하여, 단기적인 단가 차이보다 장기적으로 당사 제품이 유리함을 강조할 계획.	2025-08-15 23:34:29.18271+00	76	3	152	\N	\N	\N	f		\N	2025-08-12	\N	\N	\N	\N	\N
158	customer_meeting	1. 식품분석과 (박수진) : 에펜도르프 주로 사용, 에펜 제품 관련 자주 방문하여 서비스 진행 중  \r\n\r\n2. 약품분석과 (이승리) : 분기별 서비스 이용 중, 현재 견적 검토 중, 견적 요청 예정, Socorex 피펫에도 관심 있음  \r\n\r\n3. 환경생태과 (강민정) : 사토리우스, 에펜도르프, 써머핀 각 1~3자루 사용 중, 분기별 서비스 진행, 특정 업체 선호 없음, 826 Socorex 호응 좋음	2025-08-17 00:45:40.914207+00	151	2	134	\N	\N	\N	f		\N	2025-08-08	\N	\N	\N	\N	\N
161	customer_meeting	1. 피펫 점검 일정: 22일 오후 회수 예정\r\n\r\n2. 1층 30자루, 2층 30자루; 에르고원과 레이닌 사용 중, 레이닌도 점검 요청\r\n\r\n3. 팁 재고 소진 시 Paradigm 주문 예정	2025-08-17 00:52:53.955874+00	41	2	169	\N	\N	\N	f		\N	2025-08-12	\N	\N	\N	\N	\N
163	customer_meeting	1. Paradigm 10µL, 200µL 견적 요청: qPCR 실험에서 점도가 높은 혈청으로 잔여량이 많이 남는 경우에만 사용할 팁 필요\r\n* 200 재고 소진으로 곧 재주문 예정\r\n\r\n2. 피펫 Calibration 서비스 안내 및 Eppendorf 12채널 점검 견적 요청\r\n\r\n3. Socorex 8채널 100µL 견적 제공\r\n\r\n4. PCR Plate 견적 요청: QuantStudio 3 호환용	2025-08-17 00:58:00.20813+00	169	2	173	\N	\N	\N	f		\N	2025-08-13	\N	\N	\N	\N	\N
164	customer_meeting	1. SOCOREX 10µL, 200µL 멀티채널 점검 요청: 사선으로 꽂히거나 흡입·분주 중 팁이 레저버로 떨어짐\r\n\r\n2. 416은 앨리컷이나 버퍼에 자주 사용 중\r\n- 시린지는 재고가 아직 충분함	2025-08-17 01:01:03.931186+00	39	2	168	\N	\N	\N	f		\N	2025-08-14	\N	\N	\N	\N	\N
165	customer_meeting	1. 1차 점검 완료된 피펫 반환\r\n\r\n2. 200µL Paradigm 리필팁 사용 중\r\n\r\n3. 10µL, 1000µL Neptune 팁 사용 중\r\n\r\n4. PCR plate - 0.2mL Skirted 96-well\r\n- 써머 AB-0800, 25 Plates, Low profile\r\n\r\n5. SOCOREX 447 점검 요청: 배터리 교체 필요 가능성 있음\r\n\r\n\r\n* 주로 소모품은 다윈바이오를 통해서 거래중	2025-08-17 01:02:39.85929+00	168	2	167	\N	\N	\N	f		\N	2025-08-14	\N	\N	\N	\N	\N
166	customer_meeting	1. socorex 피펫 사용법 및 하나과학 서비스 안내\r\n2. 유남식 과장 3층으로 부서 이동, 후임자 채용중 (초자 구매담당)	2025-08-18 01:01:11.071223+00	170	2	175	\N	\N	\N	f		\N	2025-08-13	\N	\N	\N	\N	\N
169	service	완료	2025-08-23 03:09:00.560294+00	165	3	164	\N	\N	\N	f		\N	\N	completed	\N	\N	\N	\N
326	customer_meeting	식사 미팅\r\n- 교체된 구매담당자 소개받음	2025-10-19 23:35:52.630997+00	258	3	338	\N	\N	\N	f		\N	2025-10-16	\N	\N	\N	\N	\N
359	customer_meeting	1. Tip 및 Tube  \r\n   - 현재 Axigen 제품 사용 중.  \r\n   - 벌크로 구매 후 사용 중이며, Rack 부족 문제 있음.  \r\n   - 이전 연구실에서 사용하던 Rack을 임시로 활용 중.  \r\n\r\n2. 피펫  \r\n   - 추가 구매 계획은 있으나, 당장은 예정 없음.  \r\n\r\n3. 쉐이킹 인큐베이터  \r\n   - 고장 상태이며, 오래된 장비로 확인됨.  \r\n   - 향후 교체 구매 계획은 있으나, 실험 일정이 아직 없어 시급하지 않음.  \r\n   - 예산 부족으로 즉시 구매는 어려운 상황.	2025-11-01 23:14:17.776814+00	13	2	374	\N	\N	\N	f		\N	2025-10-27	\N	\N	\N	\N	\N
126	customer_meeting	1. 8월 말 연구원 대상 소규모 학회 개최 예정  \r\n   - 학회 기간 중 피펫 점검(캘리브레이션) 요청 예정\r\n\r\n2. 팁 관련 의견  \r\n   - QSP 팁보다 Paradigm 팁의 투명도가 더 우수함  \r\n   - 저잔류성 기능도 Paradigm 팁이 더 뛰어난 것으로 판단됨 (QSP도 저잔류성 팁 사용 중)  \r\n   - 롱팁 대신 숏팁도 필요하여 금요일 방문 시 샘플을 전달할 예정  \r\n   - 견적 가격 또한 만족스러운 수준임\r\n\r\n3. 검교정 이벤트 및 서비스 현황  \r\n   - Gilson에서 다음 주 초 부스 오픈과 함께 검교정을 5천 원에 진행하는 이벤트 예정  \r\n   - 하나과학에서는 성적서 포함 검교정 비용이 2만 원으로 확인됨  \r\n   - 검교정 과정이 다소 복잡하여, 지속적인 방문이 가능한 하나과학에 검교정을 의뢰하는 방안을 선호함\r\n\r\n숏팁 샘플 및 구매 관련 사항\r\n\r\n1. 4110-00 숏팁 샘플 제공 완료  \r\n   - 구매 시 리로드 방식으로 구매 희망\r\n\r\n2. 재고 및 발주 안내  \r\n   - 해당 제품은 현재 재고 보유 중이지 않아 약 30일의 발주 기간이 소요됨  \r\n   - 참고로, 엑셀팁 10μL 숏팁 1팩은 21,000원에 구매 중임\r\n\r\n3. 구매 의사  \r\n   - 가격 편차를 감안하여 리로드 방식으로 주문이 가능하면 구매를 진행할 예정임\r\n\r\nPCR 튜브 사용 및 구매 현황\r\n\r\n1. 현재 바이오니아 제품의 PCR 튜브 사용 중  \r\n2. Paradigm 샘플로 8-strip 연결형 플랫캡 사용 중  \r\n   - 콤보형 및 분리형 제품도 사용 중이나, 향후 구매는 연결형으로 진행해도 무방함  \r\n3. 최근 PCR 튜브 구매 내역이 있어 추가 구매에 대해 아쉬움을 표함  \r\n\r\n4. 견적은 먼저 전달 드렸음.	2025-08-02 14:39:42.673424+00	41	2	129	\N	\N	\N	f		\N	2025-08-01	\N	\N	\N	\N	\N
135	customer_meeting	방문 시 연구원들은 없고 행정 선생님만 있었음.	2025-08-15 23:14:45.318168+00	159	3	149	\N	\N	\N	f		\N	2025-07-29	\N	\N	\N	\N	\N
136	customer_meeting	카탈로그 드리고 피펫에 대한 설명함. (특별한 내용 없었음)	2025-08-15 23:17:25.448854+00	160	3	150	\N	\N	\N	f		\N	2025-07-29	\N	\N	\N	\N	\N
137	customer_meeting	대표님과 동행	2025-08-15 23:18:03.331108+00	156	3	144	\N	\N	\N	f		\N	2025-08-07	\N	\N	\N	\N	\N
138	memo	25년 8월 12일 (화) - 서울대학교 방문\r\n\r\n - 이다민, 이대원 (데모 피펫 회수)\r\n - 백준채, 이도희, 김승연 (불편)\r\n - 배호은, 김민석, 김가현, 박민영 (인사)\r\n\r\n새로운 곳 방문 (서울대학교 생명과학부 503동)\r\n\r\n - 101호 생체재료화학\r\n - 401호 고분자 및 소프트 나노소재 (피펫 거의 사용 안함)\r\n - 508호 화학생물학 (길슨 외 다수 피펫 사용)	2025-08-15 23:24:44.475449+00	\N	3	\N	\N	\N	\N	f	\N	\N	\N	received	\N	\N	\N	\N
139	customer_meeting	실험중 이셔서 전화로 인사드림.\r\n\r\n - 이전에 드린 1000(로우리텐션) 팁 샘플을 사용해본 결과 안쪽에 시료가 남음 , 바깥쪽에서는 시료 남는 것이 없어서 만족\r\n\r\n - 200 (로우리텐션) 팁 샘플도 받아보시기를 희망함. 해당 볼륨은 제일 중요하기 때문에 퀄리티 차이가 많이 나면 안쪽에 시료가 남아도 향 후 몇 CS 정도 구매의사 있음	2025-08-15 23:31:17.888261+00	119	3	151	\N	\N	\N	f		\N	2025-08-12	\N	\N	\N	\N	\N
141	customer_meeting	SO855.08.200 회수\r\n\r\n - 거의 길슨만 사용하며 길슨이 손에 익어 우리 피펫의 파지법등이 손에 익지 않아 불편했다고 솔직하게 말해주심\r\n\r\n - 일단 멀티채널 피펫이 급하게 필요하며, 추후 싱글피펫을 여러세트 구매하실 계획이신데 우리 피펫을 계속해서 고려해보겠다고는 하심	2025-08-15 23:36:40.347733+00	74	3	153	\N	\N	\N	f		\N	2025-08-12	\N	\N	\N	\N	\N
142	customer_meeting	SO855.08.010 , 855.08.200\r\n\r\n - 855.08.010은 몇개의 브랜드와 데모를 같이 하며 비교해 봤는데 우리 파이펫이 가장 좋았음\r\n\r\n - 조만간 855.12.010을 구매하실 것이며 직접 사용할 계획이라고 하심\r\n\r\n - Paradigm의 short 10 Tip 과 200Y 팁을 샘플로 사용해보셨는데 둘다 퀄리티가 너무 좋았지만 200팁은 비싸서 구매를 못하시겠다고 솔직하게 말씀해주심\r\n\r\n - 현재 사용하는 팁은 Axygen 이며 리로드팁을 아래 가격으로 받고 계심\r\n\r\n10 : 20,000원\r\n200 : 15,000원	2025-08-15 23:42:17.157297+00	68	3	154	\N	\N	\N	f		\N	2025-08-12	\N	\N	\N	\N	\N
143	customer_meeting	<견적>\r\nBulk Tips를 추가할인 했으며,\r\nSocorex Refill팁을 35% 할인하여 CS단위로 구매할 것을 유도함 (첫 주문 시 Empty Rack 10EA 증정 약속)\r\n\r\n<결과>\r\n - Scoorex Refill 팁 10짜리 1CS 발주.	2025-08-15 23:48:50.986693+00	68	3	154	\N	\N	\N	f		\N	2025-08-12	\N	\N	\N	\N	\N
145	memo	25년 8월 13일 (수)\n\n - 이바이오젠 방문 (대표님 동행)\n - 이사 및 차장 명함 받음\n - Paradigm Tip 샘플 드림 Test 후 피드백은 대표님이 직접 받으신다고 하심	2025-08-15 23:56:12.349985+00	\N	3	\N	\N	\N	\N	f	\N	\N	\N	received	\N	\N	\N	\N
111	service	피펫 11자루 접수	2025-07-27 10:18:05.650046+00	138	3	115	\N	\N	\N	f		\N	\N	completed	\N	\N	\N	\N
146	service	- 정나래 연구원 휴가로 다른 연구원에게 전달 (김도엽 과장)	2025-08-16 22:32:44.21151+00	161	3	156	\N	\N	\N	f		\N	\N	completed	\N	\N	\N	\N
147	service	특이사항 없음	2025-08-16 22:33:52.50074+00	6	3	157	\N	\N	\N	f		\N	\N	completed	\N	\N	\N	\N
148	service	엔드유저의 연락처 잘못 기입되어있음\r\n그 외 특이사항 없음	2025-08-16 22:35:49.074369+00	137	3	158	\N	\N	\N	f		\N	\N	completed	\N	\N	\N	\N
149	service	현재 525 모델을 사용 중이신 고객께 530 모델을 사용하셔야 한다는 다소 경직된 안내를 드렸음.\r\n추후 고객께 다시 연락하여 제품 사용 상태를 확인하고, 안내드린 세척 절차를 잘 이행하고 계신지 점검할 필요가 있음.	2025-08-16 22:43:32.361504+00	162	3	159	\N	\N	\N	f		\N	\N	completed	\N	\N	\N	\N
151	service	1. 점검 완료된 피펫 반환\r\n\r\n2. Socorex 200 µL 랙 팁 사용 후 리필 팁 장착 시 인서트가 함께 이탈되는 증상\r\n(동그란 rack은 사용중 들림, 네모난 rack은 이상없음)\r\n\r\n3. 해당 불편 사항을 보완하기 위해 Empty Rack 20 pk 무상 지원	2025-08-17 00:02:59.640995+00	157	2	145	\N	\N	\N	f		\N	\N	completed	\N	\N	\N	\N
153	customer_meeting	1. Socorex 리필팁 대량 주문 계획 (10, 200)\r\n- 1000은 넵튠팁이 길고 사용하기가 더 편함, 그리고 재고가 많음)\r\n\r\n2. 2023년 구매 수량 검토 요청  (메일로 전달)	2025-08-17 00:09:32.65311+00	155	2	142	\N	\N	\N	f		\N	2025-08-06	\N	\N	\N	\N	\N
154	customer_meeting	1. 835 파츠 분실, 수리 요청  \r\n2. Socorex 100필터팁 1 rack 필터팁 이탈	2025-08-17 00:17:19.399589+00	50	2	130	\N	\N	\N	f		\N	2025-08-06	\N	\N	\N	\N	\N
156	customer_meeting	1. 피펫 점검 및 클리닝 – 10mL 하단 파츠 분리 증상 점검 요청  \r\n\r\n2. Socorex 10mL 팁 Socorex rack에 벌크로 장착하여 사용 중\r\n\r\n3. 10mL 팁 장착 불편 – rack 장착 시 인접 팁과 맞물려 장착이 불편함	2025-08-17 00:35:47.308658+00	150	2	133	\N	\N	\N	f		\N	2025-08-07	\N	\N	\N	\N	\N
173	customer_meeting	팁, 피펫에이드 둘다 교수님이 지금 쓰던거 사용하라고 하셨다고 함.	2025-08-23 08:05:22.30456+00	76	3	179	\N	\N	\N	f		\N	2025-08-22	\N	\N	\N	\N	\N
360	customer_meeting	1. 길슨 피펫 전반적으로 노후됨  \r\n2. 지도교수는 제7대 식품의약품안전처장 출신  \r\n3. 실험실 장비 및 기기 다수 노후 상태	2025-11-01 23:48:16.664749+00	268	2	376	\N	\N	\N	f		\N	2025-10-28	\N	\N	\N	\N	\N
172	customer_meeting	서울대학교 방문 보고 (인사차 방문)\r\n\r\n● 방문 목적: 피펫 수거 일정으로 서울대 방문 시, 인사차 연구실에 잠시 들름.\r\n\r\n대화 내용:\r\n\r\n● 이전에 제공한 200 µL Paradigm 팁 샘플 관련 피드백 공유.\r\n● 현재 연구실 내 2명의 연구원이 직접 사용해 본 결과, 기존 팁 대비 Paradigm 팁의 차이를 확실히 체감했다고 전언.\r\n● 연구실 내 총 5개 팀이 존재하며, 팁을 공용으로 일괄 구매할지, 각 팀별로 개별 구매할지, 혹은 일부 팀만 구매할지를 내부적으로 논의 중임.\r\n\r\n● 다만, 현재 심포지엄 준비 일정으로 연구실이 매우 바빠 논의가 다소 지연되고 있는 상황이라고 하심.\r\n\r\n● 구매 의향: 확실히 구매 진행 예정임을 명확히 확인.	2025-08-23 07:23:09.73821+00	119	3	178	\N	\N	\N	f		\N	2025-08-22	\N	\N	\N	\N	\N
171	memo	2025년 8월 22일 (금) – 한국원자력의학원 방문\n\n1. 권영주 박사님\n\n● 오랜만에 인사드림.\n● 취업 준비를 했으나 잘 되지 않아, 올해 말~내년까지는 경력을 더 쌓고 연구원으로 계속 근무 예정이라고 하심.\n● 에펜도르프 피펫 2~3세트 정도 점검/서비스 가능 여부를 문의하심.\n● 고장은 아니지만 흡입이 잘 안 되는 등 문제가 있는 피펫을 따로 모아두고 사용 중이라고 설명.\n● 현재 바빠서 바로 수거는 어렵고다고 안내드림. “다음에 팁 납품 시 함께 가져가 달라”는 요청을 주심.\n\n2. 진용재 박사님\n\n● 오랜만에 인사드림.\n● 당시 연구원들(최경 연구원 등)은 모두 세미나 참석으로 부재, 박사님 혼자 계심.\n● 현재 Axygen 팁을 사용 중이며, Axygen 랙이 많아 다른 팁을 사용하면 Reload 팁 인서트와 호환되지 않아 변경에 부담을 느끼신다고 말씀하심.\n● New Paradigm, IsoFreeze Rack 카탈로그와 Socorex 이벤트 리플렛을 전달드림.\n● 박사님께서는 이벤트 리플렛을 연구원들에게 공유해 보시겠다고 하심.	2025-08-23 07:13:10.141682+00	\N	3	\N	\N	\N	\N	f	\N	\N	\N	received	\N	\N	\N	\N
174	customer_meeting	김힘찬 과장 납품 서포트 (4235N00 - 70PK는 6월 말 납품 예정)	2025-08-23 19:57:53.942441+00	5	3	3	\N	\N	\N	f		\N	2025-06-11	\N	\N	\N	\N	\N
176	service	아직 접수 안됨, 연락해봐야 함	2025-08-23 20:56:18.248916+00	166	3	165	\N	\N	\N	f		\N	\N	\N	\N	\N	\N	\N
134	memo	7월 23일에 성균관대, 아주대 방문\n\n1. 성균관대학교 생명공학관 62동\n● 103호 T세포 융합연구실\n- 카탈로그만 드림 바쁘셔서 얘기못함\n\n● 151호 성민혁 연구원님 박사 발생생식분자생물학연구실\n - 설명드리고 카탈로그 드림 엑셀팁 사용\n\n● 255호 신경발생 줄기세포연구실\n - 소코렉스피펫 15자루 중 11자루 클리닝\n\n● 206호  김희권교수님연구실 유전자 교정 연구실 \n - 소개만 드림\n\n2. 성균관대학교 의과대학\n\n● 6307호 큐로젠 이창우교수님 (직원분이 응대하심)\n - 바쁘셔서 안내드리고 카탈로그만 드림\n\n● 6302호 분자면역학 연구실 이기영 교수님연구실 강예은연구원\n - 길슨피펫 악시젠팁을 사용중이며 그냥 있으니까 쓴다고 대답하심\n\n● 6102호 다음세대의학연구실 이주상교수 연구실 유 신 연구원\n - 바쁘셔서 설명만 드림 에펜도르프의 피펫과 팁을 사용하심\n\n● 6107호 종양미세환경연구실 김다은 연구원님\n - 바쁘셔서 설명만 드림\n \n● 6109호 대사질환연구실 엄성희 교수님 연구실 박상욱 안전담당자\n - 악시젠 팁 사용중인데 팁 끝에 잔여량이 꽤 남음, 피펫은 길슨 에펜도르프 사용중\n\n3. 아주대학교 의과대학\n\n● 황현준 연구원\n - 써모 피셔 피펫 사용 , 팁은 악시젠 사용하는데 1000짜리에서 특히 시료가 많이 튐(오버플로우)	2025-08-15 22:56:17.719724+00	\N	3	\N	\N	\N	\N	f	\N	\N	\N	received	\N	\N	\N	\N
195	service	825.1000 , 835.05 수리 완료\r\n\r\n- 이젝터 로드, 이젝터 너트, 이젝터 스크류 등 교체\r\n- 파손 및 분실	2025-08-29 22:16:04.323947+00	177	3	197	\N	\N	\N	f		\N	\N	completed	\N	\N	\N	\N
196	service	825.0200 , 825.0010 * 2 -- 진행중\r\n\r\n- 샤프트가 흔들린다는 의뢰 >> 바렐 풀림\r\n- 바렐 휨 >> 교체 필요\r\n\r\n- 가장 후순위 서비스	2025-08-29 22:17:54.763542+00	4	3	200	\N	\N	\N	f		\N	\N	in_progress	\N	\N	\N	\N
175	service	강인모 주임 통화 내용\r\n\r\n1. Socorex 865.1000 피펫 관련\r\n\r\n● 교정을 몇 포인트(Point)로 진행할지는 내부 논의 후 결정하여 추후 통보하겠다고 함.\r\n\r\n● Fixed 타입과 동일하게 1 Point 교정으로 진행할 경우, 이후 검증 과정에서 문제가 되지 않겠느냐는 질문에 대해,\r\n→ SOP(Standard Operating Procedure)에 해당 내용을 명기하면 문제되지 않는다고 답변받음.\r\n\r\n2. Dosys Syringe Pipette 관련\r\n\r\n● 팀장님의 문의는 실제 구매나 절차와 관련된 사항이 아니라, 단순히 확인 차원에서 물어본 수준이라고 설명함.	2025-08-23 20:05:14.679216+00	163	3	162	\N	\N	\N	f		\N	\N	completed	\N	\N	\N	\N
223	customer_meeting	심포지엄 당시 10 µL, 200 µL 로우리텐션 팁 샘플을 요청하셨고, 10 µL은 숏팁을 원하심. 이번 방문에서는 200 µL 샘플만 전달드림.	2025-09-07 23:24:19.52286+00	186	3	225	\N	\N	\N	f		\N	2025-09-02	\N	\N	\N	\N	\N
224	customer_meeting	심포지엄 당시, 에펜도르프 피펫 정기 점검 시 분기마다 높은 수리비가 발생해 불만을 표하심.\r\n이번 방문에서는 Socorex 피펫의 셀프 세척 및 유지보수 용이성에 대해 안내드렸고, 관심을 보이셨음.\r\n지속적인 팔로우업 필요.	2025-09-07 23:26:17.075565+00	187	3	226	\N	\N	\N	f		\N	2025-09-02	\N	\N	\N	\N	\N
225	customer_meeting	심포지엄 당시 ISOFreeze Rack에 관심을 보이셨으며, 이번 방문 시 다시 안내드림. 연구원은 회의 때 내부 건의해보겠다고 하셨고, 재방문이 필요한 고객임.	2025-09-07 23:27:27.253686+00	189	3	227	\N	\N	\N	f		\N	2025-09-02	\N	\N	\N	\N	\N
226	customer_meeting	심포지엄 당시 요청하신 로우리텐션 200 µL 팁 샘플을 이번 방문 시 전달드림.	2025-09-07 23:28:21.768235+00	190	3	228	\N	\N	\N	f		\N	2025-09-02	\N	\N	\N	\N	\N
227	customer_meeting	심포지엄 당시 로우리텐션 10 µL 및 200 µL 팁 샘플 요청과 함께 피펫 데모 및 ISOFreeze Rack에도 관심을 보이셨음.\r\n이번 방문 시 연구원님은 포스텍 출장을 가신 상황이라, 연구실 측에 샘플과 자료 전달드리고 옴.\r\n지속적인 팔로우업이 필요한 연구실로 분류됨.	2025-09-07 23:29:54.266361+00	191	3	229	\N	\N	\N	f		\N	2025-09-02	\N	\N	\N	\N	\N
228	customer_meeting	심포지엄 당시 Vertex 팁(멸균 리로드 팁)을 사용 중인데 가격이 비싸다고 하셨음.\r\n가격 부담을 느끼는 상황으로, Paradigm 팁에 관심을 보이심, 지속적인 팔로우업이 필요한 고객임.	2025-09-07 23:31:51.943531+00	192	3	230	\N	\N	\N	f		\N	2025-09-02	\N	\N	\N	\N	\N
229	customer_meeting	심포지엄 당시 요청하신 200 µL 로우리텐션 팁 샘플을 준비하여, 이번 방문 시 자료와 함께 전달드림.	2025-09-07 23:32:32.095744+00	193	3	231	\N	\N	\N	f		\N	2025-09-02	\N	\N	\N	\N	\N
230	customer_meeting	심포지엄 당시 연락처(번호/이메일)를 기재하지 않으셔서 직접 방문드려 커피 등 전달드림.\r\n지속적인 방문 계획이 있는 고객임.	2025-09-07 23:33:31.869345+00	195	3	232	\N	\N	\N	f		\N	2025-09-02	\N	\N	\N	\N	\N
361	customer_meeting	1. SOCOREX 소개 및 하나과학 서비스 안내	2025-11-02 00:36:42.912922+00	267	2	375	\N	\N	\N	f		\N	2025-10-27	\N	\N	\N	\N	\N
177	customer_meeting	1. 멀티채널 피펫 이벤트 안내\r\n- 현재 연구실에서는 멀티채널 피펫을 보유하고 있지 않음\r\n- 내년도 실험 계획에 따라 필요 시 신규 구매를 검토할 예정\r\n\r\n2. MCT(Microcentrifuge Tube) 소개 및 샘플 지원	2025-08-24 07:14:26.255989+00	56	2	184	\N	\N	\N	f		\N	2025-08-18	\N	\N	\N	\N	\N
178	customer_meeting	1. 시료 분리 현상 지속 \r\n- 밸런스 보유 확인 후 기본 클리닝 진행\r\n- Thermo F1 싱글 1 mL\r\n- Paradigm 1mL 1rack 샘플 제공\r\n\r\n결과: 팁은 많이 사용해보진 않았고, 개선되지 않음\r\n\r\n2. 멀티채널 구매 검토 (8ch 100 µL)\r\n- Rainin : 고정감은 만족, 무거움 단점\r\n- Sartorius : 견적 수령·테스트, 모듈이 쉽게 돌아감\r\n- Socorex : 견적 수령, 사토리우스보다 고가	2025-08-24 07:23:59.563296+00	15	2	195	\N	\N	\N	f		\N	2025-08-18	\N	\N	\N	\N	\N
179	customer_meeting	1. 피펫 서비스 접수 안내\r\n- 점검·교정 필요 시 접수 가능 안내 예정\r\n\r\n2. 피펫 수량 및 회수 일정 안내\r\n- 수량 및 회수 일정 확인 후 공지\r\n(Ergo one, Rainin, Eppendorf)\r\n* 가능하다면 Rainin 피펫 점검 요청\r\n\r\n3. Demo 피펫 지원 안내\r\n- 비교 사용을 위한 데모 피펫 제공 예정	2025-08-24 07:26:57.532988+00	41	2	186	\N	\N	\N	f		\N	2025-08-19	\N	\N	\N	\N	\N
181	customer_meeting	1. 최근 납품된 825 피펫 5자루에 대한 재료비 거래명세서를 요청 (완료)\r\n\r\n2. Gilson 피펫 5자루 점검요청 (선결제 금액에서 차액)	2025-08-24 07:34:42.773404+00	39	2	185	\N	\N	\N	f		\N	2025-08-19	\N	\N	\N	\N	\N
182	customer_meeting	1. Socorex 피펫 1세트 추가 구매를 검토 중이나, 현재 결제 시스템이 전면 MRO로 전환되어 기존처럼 수리비나 소모품 예산을 활용하기 어려움. 현재 실험실에는 Sartorius 피펫 약 50자루 보유 중이며, 미사용 제품도 3~4세트 존재하여 Socorex로 전환에는 시간이 필요할 것으로 판단됨. \r\n\r\n2. 싸이클러도 견적 후 구매를 검토했으나 예산 절감으로 반려됨.	2025-08-24 07:44:41.124017+00	173	2	188	\N	\N	\N	f		\N	2025-08-20	\N	\N	\N	\N	\N
183	customer_meeting	1. GMP 연구실로, 피펫 보유량이 많지 않음. \r\n\r\n2. 결제 시스템이 MRO로 전환된 이후 장비 반출·반입이 어려워 직접 피펫을 점검·관리 중이며, 검교정은 최근 KTCC를 통해 KOLAS 교정을 완료함(7월 11일, 8월 10일). \r\n\r\n3. 특정 브랜드 중심으로 구매하지 않고 Eppendorf, Sartorius, Gilson 등 각 1~2자루씩 보유. \r\n\r\n4. 미생물 실험을 수행하는 바이오팀에서 멀티채널 피펫과 PCR 장비 사용 시 본 연구실을 방문하여 실험 수행.\r\n\r\n5. 장비 및 피펫 등 에펜도르프를 주로 사용하고 있고 실험실에 등록된 피펫만으로 실험이 가능하여 Demo 지원은 불가능함\r\n\r\n6. 멀티채널 10µL 12채널 피펫이 고장나 수리가 필요하나, 다른 피펫은 구매하지 않고 기존 제품을 수리하여 사용 예정임.	2025-08-24 07:57:35.366019+00	172	2	189	\N	\N	\N	f		\N	2025-08-20	\N	\N	\N	\N	\N
184	customer_meeting	1. 써머 F1 피펫과 에펜도르프 리써치플러스 사용중\r\n- 팁은 QSP 일반팁 멸균 Rack으로 구매중\r\n\r\n2. 혈청 실험할 때  1mL에 잔여량이 남아서 Paradigm 1mL 필터팁을 견적 요청	2025-08-24 07:59:18.31426+00	174	2	190	\N	\N	\N	f		\N	2025-08-21	\N	\N	\N	\N	\N
185	customer_meeting	1. 10과 200은 10CS 구매 예정\r\n\r\n2. 1000 팁은 넵튠으로 사용 중이며, 1250 모델용 롱팁을 희망. 가격이 저렴할 경우 즉시 구매 가능하며, 우선 1mL 샘플은 택배로 발송 예정임.\r\n- 견적은 리로드 1000과 1000 랙팁(멸균) 2가지로 드림	2025-08-24 08:01:00.943592+00	155	2	192	\N	\N	\N	f		\N	2025-08-22	\N	\N	\N	\N	\N
186	customer_meeting	1. Eppendorf 8채널 100µL 멀티채널 고장으로 대체 피펫이 필요하며, Socorex 피펫을 부가세 포함 100만 원 이하로 제시할 경우 구매 의향이 있음. \r\n- JustTip 및 팁 장착이 Eppendorf보다 타이트하게 맞는 점을 좋게 평가\r\n- Eppendorf 멀티채널이 더 가볍다는 평가\r\n\r\n2. Socorex 리로드 10µL 팁은 Eppendorf 멀티채널과 호환이 잘 되지 않아 현재 Eppendorf 10µL 숏팁을 사용 중이며, 리로드형 롱팁 사용을 선호함.	2025-08-24 08:04:49.22081+00	176	2	193	\N	\N	\N	f		\N	2025-08-22	\N	\N	\N	\N	\N
187	customer_meeting	Ergo one 피펫 38자루\r\n에펜도르프 피펫 2자루\r\n바이오라드 5mL 1자루\r\n\r\n총 41자루 피펫 점검요청 (회수완)	2025-08-24 08:05:23.782204+00	41	2	194	\N	\N	\N	f		\N	2025-08-22	\N	\N	\N	\N	\N
180	customer_meeting	7/29일 납품한 1260-00 4PK 대금 카드결제	2025-08-24 07:30:39.559923+00	18	2	187	\N	\N	\N	f		\N	2025-08-19	\N	\N	\N	\N	\N
188	service	총 41 자루 서비스 완료	2025-08-29 21:50:23.415993+00	46	3	181	\N	\N	\N	f		\N	\N	completed	\N	\N	\N	\N
189	service	Acura 825.0020 바렐 파손으로 인한 수리 완료\r\n - 학생이 10Tip을 억지로 끼우다가 파손	2025-08-29 22:04:20.542637+00	6	3	199	\N	\N	\N	f		\N	\N	completed	\N	\N	\N	\N
190	service	825.0010 수리 완료\r\n - Cal 모드로 되어있어 볼륨을 돌려도 실제볼륨이 변경되지 않는 현상	2025-08-29 22:06:33.629781+00	30	3	198	\N	\N	\N	f		\N	\N	completed	\N	\N	\N	\N
192	service	순천향 대학교 Socorex 피펫 825.1000 0200 0010Y 총 68자루 서비스 의뢰\r\n\r\n- 수리 피펫 12자루 제외한 나머지 56자루 피펫은 Cal 완료	2025-08-29 22:09:59.751716+00	4	3	182	\N	\N	\N	f		\N	\N	in_progress	\N	\N	\N	\N
197	customer_meeting	1. 포스텍 / 생명공학과 / 김성철 교수 / 송유리\r\n▶ 신생 연구실로, 현재 장비 세팅의 마지막 단계에 있음. 다양한 팁 샘플을 테스트하며 사용할 제품을 결정 중이며, Paradigm 10 µL, 200 µL 팁 샘플을 요청함. ISOFreeze Rack에도 관심 있음.\r\n\r\n2. 서울대학교 / 생명과학부 / 최연희 교수 / 이소정\r\n▶ 디스펜서 10 mL 제품에 관심을 보임.\r\n\r\n3. 서울대학교 / 이일화 교수 / 이세현\r\n▶ Paradigm 200 µL 팁 샘플 요청.\r\n\r\n4. 서울대학교 / 김재범 교수 / 최지예\r\n▶ Paradigm 200 µL 팁 샘플 요청. 10 µL 팁은 숏팁이면서 로우리텐션(Low Retention) 기능을 원함. 디스펜서에도 관심을 보임.\r\n\r\n5. 서울대학교 / 약학대학 / 윤여준 교수 / 김기현\r\n▶ 에펜도르프 피펫 60자루 사용 중이며, 유기용매 취급. 분기마다 검교정을 진행하며 연간 100만 원 이상의 비용이 발생함.\r\n\r\n6. 서울대학교 / 생명과학부 / 이지영 교수 / 이성원\r\n▶ ISOFreeze Rack 중 4도 및 –20도 보관용 랙의 견적 요청. 요청 메일 주소: dabin920@snu.ac.kr\r\n (김다빈 연구원)\r\n\r\n7. 서울대학교 / 생명과학부 / 정충원 교수 / 손수표\r\n▶ Paradigm 팁 샘플 요청.\r\n\r\n8. 서울대학교 / 생명과학부 / 노성훈 교수 / 김민정\r\n▶ Paradigm 10 µL, 200 µL 팁 샘플 요청. 피펫 데모 요청하였으나, 구매 예정은 아니며 제품이 좋아 보여 테스트해보고 싶다고 응답함. ISOFreeze Rack 견적도 함께 요청함.\r\n\r\n9. 서울대학교 / 생명과학부 / 안광섭 교수 / 정동준\r\n▶ Vertax 팁 사용 중이며, 팁 가격이 비싸다는 의견. 연구실은 정년이 얼마 남지 않은 상황임.\r\n\r\n10. 서울대학교 / 생명과학부 / 허원기 교수 / 조경아\r\n▶ Paradigm 200 µL 팁 샘플 요청.\r\n\r\n11. 서울대학교 / 분자의학및바이오제약학과 / 신영기 교수 / 김한영\r\n▶ Paradigm 200 µL 팁 샘플 요청. 다양한 제품 소개를 더 듣고 싶다고 응답함. 샘플 및 안내는 홍다영 연구원(010-5305-3181)에게 연락 요청.	2025-08-29 22:31:22.646256+00	119	3	183	\N	\N	\N	f		\N	2025-08-27	\N	\N	\N	\N	\N
198	customer_meeting	<인사이드 방문 일정 계획>\r\n\r\n1. 순천향대학교 및 큐피크바이오 피펫 서비스 방문\r\n- 피펫 수리 및 점검 장비 직접 지참하여 방문\r\n- 방문 시 설명 항목:\r\n  - 특이사항 확인 및 수리 내역 안내\r\n  - 피펫 유지관리 방법 안내\r\n  - 순천향대의 경우, 피펫은 반드시 '세워서 보관' 해야 함\r\n\r\n---\r\n\r\n2. 피펫에이드 및 스테퍼 시연\r\n- 피펫에이드(Pipet Aid) 시연 진행\r\n- 교수님의 니즈 확인 후, 아래 솔루션 제공 여부 결정:\r\n  - 스테퍼(Stepper)\r\n  - 전자피펫 등 기타 대안\r\n\r\n---\r\n\r\n3. 유환 주임 요청 일정 반영\r\n- 유환 주임 요청에 따른 방문지 포함\r\n- 방문지가 많을 경우, 목~금 일정까지 확대 검토	2025-08-29 22:45:54.37049+00	4	3	196	\N	\N	\N	f		\N	2025-09-04	\N	\N	\N	\N	\N
199	customer_meeting	1. 점검된 피펫 반환\r\n2. 서비스 대금결제는 카드로 9/2일 예정\r\n3. Paradigm tips (리로드) 1CS 주문\r\n- empty rack 15~20 ea 요청	2025-09-01 00:27:36.313781+00	41	2	203	\N	\N	\N	f		\N	2025-08-27	\N	\N	\N	\N	\N
213	customer_meeting	1. PCR 튜브 / PCR 플레이트\r\n  - 현재 PCR 튜브 사용 시 결과값이 안좋음\r\n  - PCR 플레이트 사용을 고려 중이나, 개당 약 1만원으로 가격 부담이 있어 사용 제한\r\n  - 참고: 현재 사용 제품은 써머(Thermo) PCR 튜브\r\n\r\n2. 피펫 팁\r\n  - 현재 사용 제품: 악시젠(Axygen) 1mL 팁\r\n  - 가격: 약 25,000원 ~ 27,000원\r\n  - 가격이 현재 수준에 맞춰질 경우, 신규 제품 검토 가능\r\n\r\n3. 코니컬 튜브\r\n  - 15mL 및 50mL, 각각 5개 정도 견적 문의	2025-09-07 06:28:04.047318+00	181	2	216	\N	\N	\N	f		\N	2025-09-05	\N	\N	\N	\N	\N
201	customer_meeting	1. 청주대 이나연 교수님\r\n - 피펫에이드 시연\r\n\r\n2. 순천향대 조용훈교수님\r\n - 피펫 A/S건\r\n\r\n3. 춘천향대 이충성교수님\r\n - 피펫 설명\r\n\r\n4. 충북대학교 김민정 교수님\r\n 피펫에이드 시연	2025-09-04 07:47:55.8883+00	4	3	196	\N	\N	\N	f		\N	2025-09-04	\N	\N	\N	\N	\N
206	customer_meeting	1. 피펫에이드 서비스 결제 진행 완료  \r\n2. 소모품 사용 현황  \r\n  • 팁: Tarsons(탈슨)  \r\n  • PCR 튜브: Axygen(악시젠)  \r\n3. 7층 공용으로 주문 및 사용\r\n4. 피펫 서비스 검토중	2025-09-07 04:20:23.058942+00	133	2	205	\N	\N	\N	f		\N	2025-09-01	\N	\N	\N	\N	\N
207	customer_meeting	1. 피펫 점검 요청  \r\n   1) Eppendorf 3개  \r\n   2) Discovery 2개  \r\n2. 출처: 안과 연구실 정리 과정에서 인수한 피펫	2025-09-07 04:24:00.171728+00	39	2	206	\N	\N	\N	f		\N	2025-09-01	\N	\N	\N	\N	\N
208	customer_meeting	1. 전자 피펫 점검 요청  \r\n   - 증상: 버튼 작동 불량 \r\n2. 3070.1000T 견적 및 수량 문의	2025-09-07 04:29:49.935086+00	150	2	207	\N	\N	\N	f		\N	2025-09-02	\N	\N	\N	\N	\N
209	service	1. 835.05 (1개)  \r\n   - Lock 상태에서 Cal key로 이동됨  \r\n   - 볼륨 교정 완료  \r\n\r\n2. Micro tip은 Axygen, Macro tip은 Ratio 사용 중이며, 재고(2~3 box) 소진 후 Paradigm 팁으로 구매 검토 예정	2025-09-07 04:35:01.669613+00	13	2	213	\N	\N	\N	f		\N	\N	completed	\N	\N	\N	\N
211	service	1. 피펫 서비스 요청  \r\n   - 예정 수량: 30~40개  \r\n   - 1차, 2차로 나누어 점검 의뢰  \r\n   - Demo 지원 안내: 가능하다고 안내했으나, 팀원들이 험하게 다룰 위험이 있어 정중히 거절함  \r\n\r\n2. 1000 µL 팁 사용 현황  \r\n   - 기존 넵튠 팁을 먼저 사용 중, 롱팁 리로드 형식  \r\n   - SOCOREX 팁은 Rack 타입으로 부피가 있어 이후 사용 예정  \r\n   - 현재 재고: 4~5박스, 약 6개월 내 소진 예상  \r\n\r\n3. Paradigm 1 mL 팁 샘플 제공  \r\n   - 넵튠 대응용으로 샘플 제공  \r\n   - 1 mL 재고 소진 후 구매 검토 예정  \r\n   - 가격은 예산 범위 내 구매 예정으로, 큰 할인 필요 없음	2025-09-07 04:45:38.984407+00	155	2	215	\N	\N	\N	f		\N	\N	in_progress	\N	\N	\N	\N
214	customer_meeting	1. 현재 있는 재고 소진 후 Paradigm PCR TUBE 구매 예정\r\n2. 싱글 튜브와 8-STRIP 중 선택 검토 중, 가성비 측면에서 고민	2025-09-07 06:30:04.082639+00	11	2	212	\N	\N	\N	f		\N	2025-09-05	\N	\N	\N	\N	\N
215	customer_meeting	1. 기존 팁원(TipOne) 사용중였음\r\n\r\n2. 팁원 단종 소식으로 QSP, 넵튠(Neptune) 샘플 테스트 \r\n* PARADIGM 샘플도 제공 받아 검토 중  \r\n\r\n3. Paradigm은 가격과 품질이 우수하여, 리로드 팁으로 구매 예정  \r\n\r\n4. 재방문 시 팁원팁 리로드 다시 구매, Rack 새로 제공받음 ,다윈바이오(팁원 Excella)	2025-09-07 06:40:08.861085+00	183	2	218	\N	\N	\N	f		\N	2025-09-05	\N	\N	\N	\N	\N
216	service	완료 - 9/4 납품 완료	2025-09-07 23:00:41.243094+00	4	3	182	\N	\N	\N	f		\N	\N	completed	\N	\N	\N	\N
217	service	완료 9/4 납품 완료	2025-09-07 23:01:07.823131+00	4	3	200	\N	\N	\N	f		\N	\N	completed	\N	\N	\N	\N
218	service	전자피펫 서비스 건\r\n- 동작 버튼 인식 안됨	2025-09-07 23:11:34.635095+00	46	3	222	\N	\N	\N	f		\N	\N	in_progress	\N	\N	\N	\N
220	service	피펫 1자루 서비스 건\r\n- 이젝팅 안됨.\r\n- 바렐 조임으로 해결\r\n- 현재 5자루정도의 Socorex 파이펫 사용중\r\n- 방문하여 안내드리기로 함.	2025-09-07 23:13:06.391606+00	196	3	220	\N	\N	\N	f		\N	\N	completed	\N	\N	\N	\N
222	customer_meeting	고객 응대 요약 (심포지엄 후 방문)\r\n\r\n- 관심 제품: 10mL 디스펜서\r\n- 상황: 심포지엄 당시 제품에 대한 관심을 보였음\r\n- 조치: 방문하여 디스펜서 할인 이벤트 안내 및 제품 카탈로그 전달	2025-09-07 23:23:03.893949+00	185	3	224	\N	\N	\N	f		\N	2025-09-02	\N	\N	\N	\N	\N
219	service	피펫에이드 2자루 서비스 건\r\n- 동작하지 않음.\r\n- 보상판매 안내드림\r\n\r\n- 판매	2025-09-07 23:12:05.625168+00	6	3	221	\N	\N	\N	f		\N	\N	completed	\N	\N	\N	\N
221	service	피펫 서비스 건	2025-09-07 23:13:28.87657+00	197	3	219	\N	\N	\N	f		\N	\N	completed	\N	\N	\N	\N
232	customer_meeting	1. PCR TUBE 샘플 요청  \r\n   8-strip, flat cap, combipack & attached 2종류 모두 사용 중  \r\n\r\n2. 서비스 관련  \r\n- 실험실에서 Gilson 피펫 무상 점검 진행\r\n- 하나과학 서비스 검토중	2025-09-08 00:10:54.927173+00	52	2	234	\N	\N	\N	f		\N	2025-09-05	\N	\N	\N	\N	\N
241	delivery_schedule	1. 4136N00, 3400-00 1CS 납품 ( 3080.0100FRS 10PK+전에2PK) 미납있음, 세금계산서 발행\r\n\r\n2. 3080.0100FRS 는 10월 중순~말일 납품예정 안내드림	2025-09-13 08:26:06.840062+00	50	2	248	\N	\N	\N	t	\N	2025-09-11	\N	\N	\N	\N	\N	\N
238	customer_meeting	1. 이세현 연구원\r\n   - 현재 사용 팁: Axygen\r\n   - 불편 사항: 잔여량이 묻어나오는 문제 발생\r\n   - 요청 사항: 다른 팁 사용을 희망하며, 200 µL Low Retention 팁 샘플 요청\r\n\r\n2. 정대송 연구원\r\n   - 사용 장비: Capiller 846\r\n   - 사용 빈도: 많지 않으나 현재까지 만족스럽게 사용 중\r\n   - 문의 사항: 동일한 볼륨 조건에서 플런저 등 더 얇은 파츠가 있는지 문의함	2025-09-13 08:07:46.878353+00	57	2	247	\N	\N	\N	f		\N	2025-09-09	\N	\N	\N	\N	\N
235	memo	서울대학교 9월 15일 방문 리스트\n\n- 504동 김민석, 이수진 연구원님 팁 납품 (최희정교수님 랩) -- 구조생물학연구실\n- 504동 김혜원, 정동준 연구원님 팁 납품 (안광석교수님 랩) -- 면역제어시스템연구실\n\n- 이소정 연구원 (디스펜서 10mL 관심)\n>> 전화 안받음\n>> 식물배발생유전학연구실 - 502동 6층\n>> 최연희 교수님\n\n- 최지예 연구원 (10uL socorex Tip 로우리텐션 숏팁을 원하지만, 200팁 샘플제공)\n>> 본인말고 다른 연구원 분들이 많이 사용해보심\n>> 월요일에 방문드려서 피드백 받아보기로 함\n>> 지방세포 및 에너지대사 연구실 - 105동 333호\n>> 김재범 교수님\n\n- 김기현 연구원 (에펜 60정 사용, 피펫 유지보수 용이 설명 드림)\n>> 전화 안받으심\n>> 천연물 합성생물학 연구실 - 20동 519호\n>> 윤여준 교수님\n\n- 이성원 연구원 (ISO Freezer Rack 4 , -20 도 유지 랙 견적 요청, 관심 크게 없음)\n>> 월요일에 인사드리기로 함, 명함 전달드리기\n>> 식물시스템유전학 - 502동 630호\n>> 이지영 교수님\n\n- 손수표 연구원 (200팁 샘플 드림, 필터팁을 사용하셔서 아직 사용해볼 기회가 없음, 약간 밀어내는 듯한 느낌)\n>> 월요일에 인사드리기, 이분은 미리 연락드려야함 (수업이 하루종일 있음)\n>> 집단유전체학 연구실 - 502동 320호\n>> 정충원 교수님\n\n- 김민정 연구원 (10, 200 팁 샘플 드림, 실험이 당장 없어서 아직 사용 안해보심, 심포지엄 당시 피펫 데모도 요청하셨음, FreezeRack도 궁금해하심)\n>> 월요일에 인사드리기\n>> 분자 이미징 연구실 - 105동 102호\n>> 노성훈 교수님\n\n- 조경아 연구원 (200 팁 샘플 드림, 본인은 사용해봄 잘 빠져서 너무 좋음, 다른 연구원들에게도 소개해달라고 요청함)\n>> 월요일에 인사드리기\n>> 분자세포단백체학 연구실 504동 401호\n>> 허원기 교수님	2025-09-09 08:17:37.664168+00	\N	3	\N	\N	\N	\N	f	\N	\N	\N	received	\N	\N	\N	\N
236	service	완료	2025-09-12 08:59:42.237414+00	28	3	244	\N	\N	\N	f		\N	\N	completed	\N	\N	\N	\N
244	customer_meeting	1. 심포지엄에서 사용방법 및 가격 문의\r\n   - 바틀탑 디스펜서에 대한 문의 있었음\r\n   - 실험실에서 사용을 고려하는 단계\r\n\r\n2. 사용 계획\r\n   - 현재는 사용 중이지 않음\r\n   - 10 mL ~ 25 mL 범위에서 딜리버리 용도로 활용 예정\r\n   - 주 사용 목적: 유기용매 및 버퍼 분주\r\n\r\n3. 견적 관련\r\n   - 견적은 추후 검토 후 별도 연락 예정\r\n   - 단, 구매 의사가 크진 않은 것으로 판단됨	2025-09-13 13:45:07.219952+00	210	2	257	\N	\N	\N	f		\N	2025-09-09	\N	\N	\N	\N	\N
239	customer_meeting	1. 피펫 점검 및 클리닝\r\n   - 총 9자루 점검 및 클리닝 진행\r\n\r\n2. PCR Tube 관련\r\n   - 연구실 전체 부서 공용으로 사용 중\r\n   - 교체 시 전 부서 만족 필요\r\n   - 기존 제공된 샘플 양으로는 부족하다는 의견 있음\r\n\r\n3. Wide-bore 팁\r\n   - Low Binding 조건이어야 실험 가능\r\n   - Low Binding 팁은 생산라인에서 주로 사용됨\r\n\r\n4. Low Binding 팁 및 일반 팁 사용 현황\r\n   - 현재 사용 현황\r\n     - 200 µL: QSP\r\n     - 1000 µL: Neptune\r\n   - 제안 사항\r\n     - 리로드 팁은 멸균 및 Low Binding 조건이 필수는 아님\r\n     - 따라서 Socorex 리필 팁으로 제안 및 견적 전달함\r\n\r\n5. Low Binding 팁 (Paradigm)\r\n   - Paradigm 제품 샘플 전달 (200 µL, 1000 µL 멸균 Rack)\r\n   - 연구원 측에서 2개 검토 후 연락 주기로 함	2025-09-13 08:12:59.523009+00	154	2	235	\N	\N	\N	f		\N	2025-09-10	\N	\N	\N	\N	\N
233	delivery_schedule	1. 3070.1000T 납품\r\n2. 점검된 전자피펫 반환	2025-09-08 04:18:29.974983+00	150	2	239	\N	\N	476080	t	3070.1000T: 10개 (476,080원)	2025-09-09	\N	\N	\N	\N	\N	\N
242	customer_meeting	1. 연구실 인원 현황\r\n   - 현재 연구원: 3명\r\n   - 아직 계획된 실험이 많지 않은 상황\r\n\r\n2. 피펫 구매 의향\r\n   - 신입생 입실 시점에 맞추어 노후된 피펫 1세트 구매 의향 있음\r\n   - 현재 사용 제품: Gilson 피펫\r\n     - 노후도가 심함\r\n     - 서비스 경험은 방문 점검 외에는 거의 없음\r\n     - 피펫이 무겁고 사용 선호도 낮음	2025-09-13 13:38:06.681697+00	16	2	256	\N	\N	\N	f		\N	2025-09-09	\N	\N	\N	\N	\N
243	customer_meeting	1. 방우준 연구원 (곧 졸업 예정)\r\n   - Eppendorf 피펫에 대한 신뢰도 낮음\r\n   - 잦은 수리 비용 발생으로 부담을 느낌\r\n   - 직접 관리하기 어렵다고 판단\r\n   - 플런저가 여러 차례 휘어진 경험 있음\r\n\r\n2. 개인용 피펫 구매 계획\r\n   - 12월 이전 과제가 추가될 경우, 졸업 전 개인용 피펫 구매 예정\r\n   - Socorex 제품을 고려 중\r\n     - 유지보수가 용이해 보임\r\n     - 다양한 팁과의 호환성이 우수하다고 판단함\r\n\r\n3. 견적 요청\r\n   - 3+1 이벤트 기준 견적 요청\r\n   - 구매는 즉시 진행하지 않으며, 이벤트 기간 관련 문의함	2025-09-13 13:41:20.517167+00	212	2	258	\N	\N	\N	f		\N	2025-09-09	\N	\N	\N	\N	\N
245	customer_meeting	1. 연구원 현황\r\n   - 한지현 연구원, 김규민 연구원: 12월 마지막 학기\r\n\r\n2. 피펫 컨트롤러 사용 평가 (437, 447 모델)\r\n   - 만족도 높음\r\n   - 자동 피펫 에이드가 섬세한 조절은 조금 더 편리하나\r\n     익숙해지면 수동 사용만으로도 충분한 효과 있음\r\n   - 충전이 필요 없다는 점에서 편리함\r\n   - 고장 우려가 거의 없음	2025-09-13 13:47:07.037753+00	203	2	252	\N	\N	\N	f		\N	2025-09-10	\N	\N	\N	\N	\N
240	customer_meeting	1. 김명겸 교수님\r\n   -  교수님 연구실 위치가 다른 건물로 이전됨\r\n\r\n2. 파이펫 검교정\r\n   - 학부생들이 사용하는 파이펫 검교정 의뢰 예정\r\n   - 현재는 학기 중으로 사용 지속 중\r\n   - 학기 종료 후 검교정 의뢰 예정\r\n\r\n3. 피펫 구매 문의 (이학박사)\r\n   - 학부생용 저렴한 피펫 1세트 문의\r\n   - Socorex 이벤트 안내드렸으나, 개당 10만 원 미만 제품을 요청함\r\n\r\n4. 소모품 사용 현황\r\n   - 팁 및 기타 소모품: 전부 SPL 제품 사용 중	2025-09-13 08:16:08.677778+00	182	2	236	\N	\N	\N	f		\N	2025-09-10	\N	\N	\N	\N	\N
247	customer_meeting	1. 피펫 사용 현황\r\n   - Socorex 12채널 200 µL 사용 중\r\n   - 채널 변이가 3번에서 반복적으로 발생 → 간단한 실험 위주로 활용\r\n\r\n2. 팁 사용 및 재고\r\n   - 주 사용 볼륨: 10 µL, 200 µL 팁\r\n   - Socorex 리로드 팁 사용 중\r\n   - 현재 재고 소진이 임박하여 곧 재주문 예정\r\n   - 1 mL 팁은 Neptune 사용 중 (사용 가능한 Rack이 Neptune 전용)\r\n   - 1 mL SOCOREX 리로드 주문 시 → 1CS당 Empty Rack 1PK 무상 제공 약속\r\n\r\n3. 연구실 이전 계획\r\n   - 2동 3층으로 연구실 이전 준비 중\r\n   - 이전 완료 후 주문 진행 예정	2025-09-13 13:54:59.119573+00	208	2	253	\N	\N	\N	f		\N	2025-09-10	\N	\N	\N	\N	\N
248	customer_meeting	카달로그만 전달	2025-09-13 13:55:22.200646+00	205	2	255	\N	\N	\N	f		\N	2025-09-10	\N	\N	\N	\N	\N
250	customer_meeting	1. 피펫 사용 현황\r\n   - Eppendorf 싱글 및 멀티 채널 피펫 사용 중\r\n\r\n2. 팁 사용 현황\r\n   - Axygen 팁 사용, 큰 관심 없음\r\n\r\n3. 피펫 에이드 관련\r\n   - 필요성은 있으나 60~80 가격대로 비용 부담 → 망설임\r\n   - 이때 437 수동 피펫 에이드 소개, 관심 보임\r\n   - 견적 전달 완료	2025-09-13 14:01:14.08579+00	200	2	249	\N	\N	\N	f		\N	2025-09-11	\N	\N	\N	\N	\N
251	customer_meeting	1. 피펫 사용 현황\r\n   - 이전에는 Thermo Finnigan(써머핀) 제품을 메인으로 사용\r\n   - 최근 구매한 Socorex 피펫은 원래 벤치용으로 고려했으나, 사용 후 메인 피펫으로 선호하게 됨\r\n\r\n2. 구매 선택 및 후회\r\n   - 코니컬 튜브 사용 목적이면 825 모델을 안내받음\r\n   - 벤치용으로 826XS 모델 구매하였음 → 사용 후 벤치 외 실험에서 주로 사용하여 아쉬워함\r\n\r\n3. 추가 구매 계획\r\n   - 추후 추가 구매 시 825 모델로 검토 예정\r\n\r\n4. 팁 사용 현황\r\n   - 5월에 교체된 팁 사용 중 → 당분간 교체 계획 없음	2025-09-13 14:04:25.339638+00	148	2	250	\N	\N	\N	f		\N	2025-09-11	\N	\N	\N	\N	\N
252	customer_meeting	1. 전자피펫 사용 현황\r\n   - 현재 Demo 진행 중\r\n   - 사용해본 모델: Integra, Socorex, Thermo Finnigan(써머핀)\r\n   - 현재 Eppendorf 모델도 Demo 진행 중\r\n\r\n2. PCR 관련 장비 검토\r\n   - PCR 세팅 아직 진행 중\r\n   - 멀티채널 및 전자피펫 구매 검토 예정\r\n   - PCR 튜브는 천천히 알아보는 중	2025-09-13 14:06:30.169764+00	202	2	251	\N	\N	\N	f		\N	2025-09-11	\N	\N	\N	\N	\N
253	customer_meeting	1. 피펫 에이드 이벤트\r\n   - 현재 이벤트 문의 진행 중\r\n\r\n2. 447/437 피펫 소개\r\n   - 447 이벤트 안내\r\n   - 437 모델도 함께 소개\r\n   - 데모 가능 시 직접 보고 싶어함\r\n\r\n3. 시약 및 샘플 구매 현황\r\n   - 주로 화합물 취급\r\n   - 시약이나 샘플은 많이 구매하지 않음\r\n   - 기존 거래처에서 계속 구매 중\r\n   - 하나과학이 더 좋은 가격 제안 가능 → 견적 비교용으로 의뢰 요청	2025-09-13 14:15:13.200056+00	213	2	260	\N	\N	\N	f		\N	2025-09-12	\N	\N	\N	\N	\N
254	customer_meeting	1. 피펫 사용 및 관심\r\n   - 기존에 피펫 서비스 받은 경험 없음\r\n   - SOCOREX 826 모델에 관심 보임\r\n\r\n2. 추가 구매 계획\r\n   - 현재 추가 구매 계획은 없음\r\n   - 다만 향후 서비스 받을 때 사용해보고 싶어함\r\n\r\n3. 팁 안내 및 이미지 관리\r\n   - 사용 중인 팁 관련 문의 → 인근 신장내과 소개\r\n   - 임재빈 연구원이 지나가며 인사 → 긍정적 이미지 형성	2025-09-13 14:17:41.863836+00	216	2	262	\N	\N	\N	f		\N	2025-09-12	\N	\N	\N	\N	\N
256	service	865.1000	2025-09-14 06:16:23.105197+00	163	3	264	\N	\N	\N	f		\N	\N	completed	\N	\N	\N	\N
194	service	Socorex피펫 2자루, Axygen피펫 1자루 (1000 *2 , 50 *1)\r\n\r\n- 1000 피펫 두자루는 모두 수리해야함. Axypet은 랩가이드에 점검 요청\r\n\r\n- 50 uL 피펫도 함께 부품교체를 진행하려함 판매기록이 조회되지 않지만, 19년도 생산된 제품임.\r\n\r\n- 랩가이드에서 견적 오는대로 견적드리고 컨펌후 수리진행 예정	2025-08-29 22:14:24.601667+00	179	3	202	\N	\N	\N	f		\N	\N	completed	\N	\N	\N	\N
191	service	Research Plus 2/3 자루\r\n\r\n두 자루 모두 배지, 글리세롤, 트윈-20 등의 시료가 오버플로우 되어 피펫팅 시 플런저 작동이 매우 뻑뻑한 상태.\r\n\r\n50도 온수 및 소니케이터를 활용한 세척 시도에도 개선되지 않아 랩가이드에 점검 요청 보냄	2025-08-29 22:07:55.165165+00	178	3	201	\N	\N	\N	f		\N	\N	completed	\N	\N	\N	\N
249	delivery_schedule	1. 납품 현황\r\n   - 품목: 3070.0200T, 3070.1000T, 4135N00 각 1CS 납품\r\n\r\n2. 셀카운터 관련\r\n   - 현재 고장으로 PBMC(면역세포) 실험용 셀 카운팅 불가\r\n   - 타 업체에서 Luna 제품 추천받음\r\n   - 하나과학에서 추천 가능한 대체 제품 문의 요청	2025-09-13 13:59:44.046472+00	169	2	237	\N	\N	1392248	t	4135N00: 10개 (482,240원)\n3070.0200T: 10개 (488,664원)\n3070.1000T: 10개 (421,344원)	2025-09-11	\N	\N	\N	\N	\N	\N
257	memo	2025년9월12일 금요일\n이바이오젠 방문 및 납품\n\n- 855.08.010 1ea  납품\n- 지난번 드린 패러다임 샘플에 우리 socorex 멀티피펫 호환이 안된다는 얘기 들음\n- 채송아 차장을 만나지 못하고 돌아옴	2025-09-14 06:23:33.521552+00	\N	3	\N	\N	\N	\N	f	\N	\N	\N	received	\N	\N	\N	\N
258	memo	2025년 9월 11일 목요일 고려대학교 방문 영업 일지\r\n\r\n<하나과학관>\r\n- 220호 줄기세포및조직재생연구실\r\n>> 인턴에게 소개\r\n\r\n-  203호 안지은박사 분자종양학연구실\r\n>> 인사 및 소개\r\n\r\n- 205호 세포신호전달연구실 박사\r\n>> 인사 및 소개\r\n\r\n- 206호 염증및암세포생물학연구실 권수진 석사 연구원\r\n>> 인사 및 소개 >> 패러다임 1000팁 샘플 드림. >> 437 영상 보내달라고 하심	2025-09-14 06:26:13.53216+00	\N	3	\N	\N	\N	\N	f	\N	\N	\N	received	\N	\N	\N	\N
255	customer_meeting	1. 생활보건팀\r\n   - 피펫 설명은 거부하였으나 팁 안내 진행\r\n   - 현재 사용 팁: Sorenson, Neptune 필터팁 (Low Retention)\r\n   - Paradigm 팁 소개했으나 관심은 낮음\r\n\r\n2. 미생물팀\r\n   - Paradigm 1 mL 샘플 제공\r\n   - Socorex JustTip 유용하다고 평가\r\n   - 다만, Thermo Finnigan(써머핀)에 개인 선호도가 강함\r\n   - 전체 연구원의 의견 반영 필요 → 교체는 어려움\r\n\r\n3. 감염병조사팀\r\n   - 주 사용 피펫: Eppendorf, Thermo Finn\r\n   - 사용 팁: Sorenson 필터팁\r\n   - Socorex 피펫에 대해 긍정적, 호기심 있음\r\n   - 다만 기존 피펫 및 이젝터에 익숙하여 아직 완전 전환은 어려움	2025-09-13 14:21:43.371331+00	58	2	259	\N	\N	\N	f		\N	2025-09-12	\N	\N	\N	\N	\N
237	customer_meeting	1. 점검 피펫 반환 관련 안내\r\n \r\n  - 점검된 피펫에서 확인된 작동 속도 저하 증상은 보드 교체를 통해 정상 사용이 가능함을 안내함.\r\n   - 다만 보드 교체 비용이 높아 보상판매 가격도 함께 제안드림.\r\n\r\n2. Bio Team 팁 관련 문의 사항 (문정미 책임연구원)\r\n\r\n- 과거 Paradigm 팁 사용 경험 있음.\r\n- 사용 당시 팁이 휘거나 품질 저하 문제를 확인하여 긍정적인 인식은 부족한 상태로 보임.\r\n- 다른 팁을 구매하게 된 경위는 불명확\r\n* 자신도 모르는 상황에서 진행됨\r\n   \r\n3. 현재 선호 및 요청 사항\r\n- 범용적으로 많이 사용되는 Axygen, Neptune 팁을 고려 중.\r\n- Low Binding 리필 팁 사용 의향 확인됨.\r\n- 200 µL, 1000 µL 두 가지 용량만 사용 중.\r\n- 비교 자료 및 가격 견적 요청됨.	2025-09-13 07:53:22.761782+00	150	2	239	\N	\N	\N	f		2025-09-09	\N	\N	\N	\N	\N	\N
210	delivery_schedule	1. SOCOREX 멀티채널 납품  \r\n2. 타사 피펫 서비스 검토 (약 40~50자루)	2025-09-07 04:37:29.626608+00	176	2	214	\N	\N	1089000	t	855.08.100: 1개 (1,089,000원)	2025-09-04	\N	\N	\N	\N	\N	\N
157	delivery_schedule	MCT 4팩 납품 완료. 1CS 단위로 주문 시 보관 공간이 부족하고, 실험량에 따라 소량 주문이 관리 측면에서 효율적이므로 해당 방식으로 주문함.	2025-08-17 00:40:17.517416+00	18	2	147	\N	\N	63360	t	1260-00: 4개 (63,360원)	2025-08-07	\N	\N	\N	\N	\N	\N
144	delivery_schedule	1. Insert 13개씩 있는 거 안내드리기.\r\n2. 200짜리 데모 사용할 때 불편한 점 있었는지 물어보기\r\n3. 다른 데모는 어디 꺼 사용했었는지 물어보기	2025-08-15 23:51:30.360636+00	68	3	155	\N	\N	558415	f	3090.0010T: 10개 (558,415원)\\n3070.0210ER: 1개 (0원)	2025-08-19	\N	\N	\N	\N	\N	\N
288	customer_meeting	1. Paradigm 200 μL tips 샘플 요청 - 이세현 연구원\r\n2. Socorex 846 같은 볼륨에서 더 얇은 플런저가 있는지 문의 - 정대송 연구원	2025-09-21 13:24:16.312975+00	226	2	276	\N	\N	\N	f		\N	2025-09-15	\N	\N	\N	\N	\N
290	customer_meeting	1. Paradigm 200μL 제공\r\n2. 아직 사용 안해봄	2025-09-21 13:25:54.183675+00	218	2	272	\N	\N	\N	f		\N	2025-09-15	\N	\N	\N	\N	\N
291	customer_meeting	1. Paradigm 팁 구매 예정\r\n   1층에서는 이미 구매하여 사용 중\r\n   현재 위치에는 아직 재고가 있음\r\n\r\n2. Calibration 점검 여부 검토 중	2025-09-21 13:27:59.318182+00	225	2	271	\N	\N	\N	f		\N	2025-09-15	\N	\N	\N	\N	\N
274	customer_meeting	1. 실험은 10월 이후에 시작할 예정\r\n\r\n2. 현재까지는 팁과 멀티채널 피펫을 많이 사용해보지 않음\r\n   현재 사용 중인 Socorex 팁은 Eppendorf 멀티채널과 호환이 잘 안됨	2025-09-21 12:45:07.28602+00	176	2	284	\N	\N	\N	f		\N	2025-09-18	\N	\N	\N	\N	\N
306	customer_meeting	1. 주요 안내  \r\n   - Socorex 피펫 및 피펫컨트롤러 이벤트 소개 진행.  \r\n\r\n2. 연구실 현황 및 피드백  \r\n   - 현재 사용 중인 피펫은 여러 브랜드 혼용 중이며, 사용 연식이 다소 오래됨.  \r\n   - 피펫에이드는 추가 구매를 고려 중이나, 아직 내부 검토 단계.	2025-10-12 04:51:07.831962+00	18	2	318	\N	\N	\N	f		\N	2025-09-23	\N	\N	\N	\N	\N
308	customer_meeting	1. 셀카운터 시연\r\n- 참석자: 영인랩플러스 신혜진 차장, 마케팅팀 홍종무 대리\r\n- 내용: 셀카운터 제품 DEMO 진행\r\n- 현황: 현재 데모제품에서 에러 발생, 재시연 진행 대기 중\r\n\r\n2. SOCOREX 8채널 피펫 시연\r\n- 내용: SOCOREX 8CH 피펫 DEMO 진행\r\n- 현황: 연구실에서 현재 사용 중인 Eppendorf 피펫을 수리할지 신규 구매할지 검토 중\r\n- 후속 계획: 연휴 종료 후 피펫 회수 예정	2025-10-12 05:05:21.268124+00	169	2	313	\N	\N	\N	f		\N	2025-09-25	\N	\N	\N	\N	\N
310	customer_meeting	1. 연구실 이전\r\n- 이전 시기: 2025년 9월\r\n- 이전 전 위치: 한경대학교\r\n\r\n2. 실험 및 장비 사용 현황\r\n- 주력 실험: 병원균 관련 실험\r\n- 장비 세팅: Eppendorf 제품 중심\r\n- 소모품 사용: Eppendorf 팁과 악시젠 팁 병용, 소모품 구매 완료\r\n\r\n3. 인력 계획\r\n- 현재 학생 수: 2명\r\n- 향후 인원 추가 예상: 있음\r\n\r\n4. 장비 영업 포인트\r\n- 장비 소개 가능\r\n- 비교견적 제공 권유	2025-10-12 05:13:52.680338+00	243	2	315	\N	\N	\N	f		\N	2025-09-25	\N	\N	\N	\N	\N
313	customer_meeting	1. 기존 피펫 현황\r\n   - 2020년 구매한 Gilson 피펫, 현재까지 검교정 이력 없음.\r\n   - 저희 정기 검교정 서비스 안내 및 필요 시 데모 피펫 지원 가능.\r\n\r\n2. 팁 사용 현황\r\n   - Neptune Low Retention 팁 사용 중.\r\n   - 기존 재고가 충분하여 당장 구매 필요성 낮음.\r\n\r\n3. 비교 안내\r\n   - Paradigm 팁 사용 시 잔량 묻어남 현저히 감소 → 작업 효율 및 정확도 개선 가능 강조	2025-10-12 05:35:00.561026+00	248	2	322	\N	\N	\N	f		\N	2025-09-26	\N	\N	\N	\N	\N
281	delivery_schedule		2025-09-21 13:07:34.937861+00	155	2	293	\N	\N	6735300	t	3070.0200T: 5개 (2,720,300원)\\n3090.0010T: 5개 (4,015,000원)	2025-09-18	\N	\N	\N	\N	\N	\N
261	service	랩가이드에 수리 보냄	2025-09-16 04:37:01.013327+00	178	3	265	\N	\N	\N	f		\N	\N	completed	\N	\N	\N	\N
259	delivery_schedule	추후 팁 구매 계획을 확인한 결과, 현재 팁 사용량이 많지 않아 당분간 추가 구매 계획은 없다고 답변하였습니다. 향후 사용량이 증가할 경우 구매를 고려하겠다는 입장입니다.	2025-09-16 04:34:46.508995+00	198	3	242	\N	\N	58520	t	4236N00: 1개 (58,520원)	2025-09-15	\N	\N	\N	\N	\N	\N
280	delivery_schedule	1. 주문 품목 납품 완료  \r\n2. 셀카운터 데모 일정 조율 필요  \r\n3. Socorex 8채널(10μL, 200μL) 데모 요청, 9월 25일부터 진행 예정	2025-09-21 13:04:56.644301+00	158	2	287	\N	\N	1331352	t	3070.0200T: 1개 (488,664원)\\n3070.1000T: 2개 (842,688원)	2025-09-18	\N	\N	\N	\N	\N	\N
263	memo	- 855.08.010: 데모 예정, 10월 전 진행\r\n- 826.0010: 데모 예정, 10월 전 진행	2025-09-18 15:29:17.500728+00	229	2	\N	\N	\N	\N	f	\N	\N	\N	received	\N	\N	\N	\N
264	customer_meeting	Paradigm PCR 튜브 샘플 제공 및 미팅을 계획하였으나, 연구교수님과의 면담 결과 해당 과제를 수주하지 못하여 결제가 불가하며, 현재 연구실에서는 외상거래 상환 또한 어려운 상황임을 확인함.	2025-09-18 15:35:38.401448+00	230	2	283	\N	\N	\N	f		\N	2025-09-17	\N	\N	\N	\N	\N
265	customer_meeting	멀티채널 피펫 구매 검토\r\n\r\n- 연구실에서는 멀티채널 피펫 구매를 검토 중  \r\n- 구매 희망 금액: 100만 원 이하  \r\n- 주 용도 및 현재 사용 장비:  \r\n  - Eppendorf 8채널 1 mL 피펫 사용 중  \r\n  - Gilson 8채널 100 μL 피펫 사용 중  \r\n  - 10 μL 피펫은 보유하지 않아 신규 구매 검토 중  \r\n\r\n- 피펫 팁: 샘플로 제공받은 중국산 리로드형 사용  \r\n- 저점착(Low Retention) 특성 보유  \r\n- 점성이 높은 시약 사용 시 적합  \r\n- 리로드형 팁 구매 고려 중  \r\n\r\n- PCR 튜브: 8-STRIP 연결형 Flat Cap 사용  \r\n- 뚜껑은 평평한 형태 필요, 파이지 않아야 함  \r\n- 색상 구분 가능하여 네이밍 없이 사용 가능  \r\n- 품질 일부 아쉬움, 필요 시 교체 가능	2025-09-18 15:44:00.764491+00	229	2	282	\N	\N	\N	f		\N	2025-09-17	\N	\N	\N	\N	\N
266	service	완료	2025-09-21 04:56:21.136817+00	6	3	246	\N	\N	\N	f		\N	\N	completed	\N	\N	\N	\N
268	customer_meeting	437 피펫에이드 견적요청으로 견적서 작성	2025-09-21 07:07:26.590658+00	236	3	288	\N	\N	\N	f		\N	2025-09-15	\N	\N	\N	\N	\N
269	customer_meeting	437 피펫에이드 견적요청\r\n- 당장 구매할 계획은 아니며, 나중에 필요할 시 견적서를 참고하겠다고 견적을 요청하심	2025-09-21 07:08:34.407232+00	75	3	289	\N	\N	\N	f		\N	2025-09-15	\N	\N	\N	\N	\N
270	customer_meeting	피펫 5자루 견적요청(심포지엄 고객)\r\n- 보상판매 및 이벤트 견적 요청	2025-09-21 07:12:53.584353+00	237	3	290	\N	\N	\N	f		\N	2025-09-19	\N	\N	\N	\N	\N
271	customer_meeting	Paradigm 로우리텐션 벌크팁 견적요청하심\r\n단 10uL팁은 숏팁을 원하심\r\n숏팁은 Socorex에서 나오지만 랙팁으로 나오고 있음	2025-09-21 07:18:08.663141+00	186	3	291	\N	\N	\N	f		\N	2025-09-18	\N	\N	\N	\N	\N
272	customer_meeting	디스펜서 10mL 견적요청\r\n- 520.010 견적 드림.\r\n- 20% 할인하여 견적드렸는데 가격이 비싸서 반려되었다고 답변오심	2025-09-21 07:21:14.46324+00	185	3	292	\N	\N	\N	f		\N	2025-09-16	\N	\N	\N	\N	\N
275	customer_meeting	1. 이번 과제를 통해 약 10억 원 규모를 신규 수주하였음.  \r\n\r\n2. 멀티채널 855.12.200 장비의 O-ring 교체 후 채널 변동 문제가 정상화되어 안정적으로 사용 가능함을 확인함.  \r\n\r\n3. 연구실 이전 이후, 실험실 소모품 및 필요 물품을 구매할 예정	2025-09-21 12:50:50.542316+00	208	2	286	\N	\N	\N	f		\N	2025-09-18	\N	\N	\N	\N	\N
283	customer_meeting	일부 실험 진행 현황  \r\n   - 현재 몇 개월째 실험 중단 상태  \r\n   - 연구실 사정으로 인해 진행이 일시적으로 중단됨	2025-09-21 13:14:05.726736+00	227	2	277	\N	\N	\N	f		\N	2025-09-16	\N	\N	\N	\N	\N
284	customer_meeting	샘플 제공 관련  \r\n   - PCR 플레이트는 8팩 이상 요청 시 제공  \r\n   - 연구실 상황 보고: 과제를 수주하지 못해 외상 거래 미결제 상태  \r\n   - 결제 불가 상황으로, 연구실 상황이 개선되면 구매 검토 예정	2025-09-21 13:17:06.172073+00	230	2	278	\N	\N	\N	f		\N	2025-09-16	\N	\N	\N	\N	\N
285	customer_meeting	카달로그 전달	2025-09-21 13:17:31.089766+00	233	2	281	\N	\N	\N	f		\N	2025-09-16	\N	\N	\N	\N	\N
260	delivery_schedule	앞으로 추가 구매 계획이 있어서 바로 결제하지 않고 나중에 한번에 결제하신다고 함	2025-09-16 04:36:09.89849+00	199	3	243	\N	\N	396880	t	4235N00: 10개 (396,880원)	2025-09-15	\N	\N	\N	\N	\N	\N
282	customer_meeting	1. 447 장비 점검 완료\r\n   - 증상: 사용 중 디스플레이 먹통 및 장비 멈춤\r\n   - 구매일: 2024년 12월\r\n   - 조치: 점검 기간 중 증상 재현되지 않아 배터리 교체\r\n\r\n2. PCR 및 단백질 전기영동 관련 소모품 견적 요청\r\n   - DYP1082 Dyne 2X PreMIX (aliquot)-Taq, 960 tubes, 50만원대 구매 예정\r\n     - 현재 다인바이오 PCR 프리믹스 사용 중, DYE 포함으로 사용 편리\r\n     - 대응 가능한 제품 찾는 중\r\n   - IB23002 iBlot™ 2 Transfer Stacks, nitrocellulose, mini\r\n     - 단백질 전기영동 후 전이 단계 소모품, 견적 요청 중\r\n   - IB24002 iBlot™ 2 Transfer Stacks, PVDF, mini\r\n     - 단백질 전기영동 후 전이 단계 소모품, 견적 요청 중\r\n   - A25742 PowerUp™ SYBR™ Green Master Mix for qPCR\r\n     - 형광 염료 기반 qPCR DNA 증폭 실시간 검출용, 현재 견적 요청 중\r\n\r\n3. 437 데모 사용 후기\r\n   - 50 mL 주로 사용, 막 쓰기에는 좋으나 분주 속도가 느림\r\n   - 피펫에이드 필요\r\n   - 447 3pk 이상 구매 시 추가 할인 안내 가능	2025-09-21 13:13:26.201676+00	213	2	275	\N	\N	\N	f		\N	2025-09-16	\N	\N	\N	\N	\N
293	customer_meeting	1. 1260-00 발주요청	2025-09-21 13:38:51.156886+00	217	2	267	\N	\N	\N	f		\N	2025-09-15	\N	\N	\N	\N	\N
294	customer_meeting	socorex 데모 일정 검토 및 Paradigm 팁 샘플요청	2025-09-21 13:40:57.272319+00	201	2	\N	\N	\N	\N	f		\N	2025-09-11	received	\N	\N	\N	\N
267	delivery_schedule	🧾 납품 및 요청사항 요약\r\n1. 센트리퓨즈 납품 완료\r\n- 센트리퓨즈 납품 완료\r\n\r\n2. 납품건 1 (300만 원 미만 요청)\r\n- 해당 납품건은 300만 원 미만 금액으로 조정 요청 받음\r\n- 자재/소모품으로 처리될 수 있도록:\r\n1. 견적서\r\n2. 거래명세서\r\n3. 물품 증빙 사진\r\n요청받음\r\n\r\n3. 추가 납품건 요청 (총 3,000만 원 규모)\r\n- 동일한 방식으로, 총 3,000만 원에 대한 납품도\r\n- 300만 원 미만 단가 기준\r\n- 소모품 항목 중심 각 건별로 나눠서\r\n1. 견적서\r\n2. 타견적서\r\n3. 거래명세표\r\n4.물품 증빙 사진\r\n요청받음	2025-09-21 06:28:06.006458+00	156	3	245	\N	\N	\N	t		2025-09-17	\N	\N	\N	\N	\N	\N
305	customer_meeting	1. 소모품 관련 피드백  \r\n   - 연구실은 10월 중순 이후 실험 예정.  \r\n   - 연휴 및 출장 일정으로 인해 실험 일정이 지연될 예정.  \r\n\r\n2. 장비 사용 현황  \r\n   - Socorex 525 디스펜서는 정상적으로 사용 중이며 별다른 문제 없음.  \r\n   - Socorex 520 디스펜서는 Delivery jet 분실 상태.  \r\n     - 필요 시 주문 예정이라 했으나, 520용 Delivery jet 주문 필요성 지속 푸시 중.	2025-10-12 04:01:06.872716+00	17	2	317	\N	\N	\N	f		\N	2025-09-23	\N	\N	\N	\N	\N
307	customer_meeting	1. 피펫 관련 현황  \r\n   - 피펫의 수리 빈도가 높고, 노후된 피펫을 다수 보유하고 있음.  \r\n     (추후 구매 가능성이 충분히 있다고 판단됨)\r\n\r\n2. 대응 및 반응  \r\n   - 피펫 서비스 시 SOCOREX 데모 제공 가능하다고 안내하자 관심을 보임.  \r\n\r\n3. 연구실 운영 상황  \r\n   - 예산이 넉넉하지 않은 연구실로 파악됨.  \r\n   - 탈슨 등 저가형 소모품을 주로 사용 중이며, 가격 위주로 제품을 선택하고 있음.	2025-10-12 05:00:07.813196+00	246	2	319	\N	\N	\N	f		\N	2025-09-24	\N	\N	\N	\N	\N
311	customer_meeting	1. 현재 현황\r\n- 피펫에이드 대량 구매 후 고장 시 수리하지 않고 교체 방식으로 사용\r\n- 현재 사용 제품: 고려에이스(10만원 후반 ~ 20만원 초반) 피펫에이드\r\n\r\n2. 447 피펫에이드 소개\r\n- 안내 내용: 일부 파손이나 수리가 가능한 부분은 수리 가능, SOCOREX 447 장점 안내\r\n- 이벤트 안내: 진행 중이나 기존 제품 대비 가격 부담으로 고려 중\r\n\r\n3. 피펫 구매 계획\r\n- 현재 구매 계획은 없음\r\n- SOCOREX 826 피펫에 대해서는 긍정적 반응 확인	2025-10-12 05:24:55.523217+00	247	2	320	\N	\N	\N	f		\N	2025-09-24	\N	\N	\N	\N	\N
314	customer_meeting	기존 피펫 현황\r\n   - 구매 후 한번도 서비스 받지 않고 사용 중.\r\n   - 회사 위치와 서비스 절차 안내: 사용 중인 피펫이 많아도 1주 이상 소요되지 않음.\r\n   - 필요 시 Socorex 피펫으로 데모 지원 가능 안내	2025-10-12 05:41:32.16895+00	249	2	323	\N	\N	\N	f		\N	2025-09-26	\N	\N	\N	\N	\N
350	customer_meeting	연구실 방문 현황\r\n1. 구매 계획  \r\n   - 현재 실험 중단 상태로 특별한 구매 예정 없음.  \r\n   - 정기적인 방문은 지속적으로 진행 중임.	2025-10-25 14:10:47.728613+00	262	2	361	\N	\N	\N	f		\N	2025-10-22	\N	\N	\N	\N	\N
309	delivery_schedule	1. SOCOREX 855 8CH 피펫 납품 및 사용 안내\r\n- 내용: 855 8CH 피펫 2자루 납품\r\n- 추가 안내: SOCOREX 피펫 사용법 및 관리 방법 안내\r\n\r\n2. Paradigm Low Retention 팁 소개\r\n- 현황: 연구실에서 현재 악시젠 팁 사용 중\r\n- 문제점: 사용 시 잔여량이 묻어나는 현상 확인\r\n- 내용: Paradigm Low Retention 팁 기능 및 장점 소개	2025-10-12 05:10:58.413906+00	244	2	314	\N	\N	\N	t		2025-09-25	\N	\N	\N	\N	\N	\N
348	customer_meeting	11월 연구 일정 관련  \r\n   - 신장내과가 아닌 본인 과제 진행 예정임.  \r\n   - 과제 수행을 위해 필요한 소모품 선결제 계획 중임.	2025-10-25 14:08:56.275729+00	214	2	359	\N	\N	\N	f		\N	2025-10-22	\N	\N	\N	\N	\N
349	customer_meeting	Paradigm 10 샘플 테스트 결과\r\n\r\n1. 사용 결과  \r\n   - 샘플로 사용해본 결과, 유기성 용매 사용으로 인해 팁에 잔여량이 남음.  \r\n   - 기존 사용 팁과 성능 차이는 크게 나타나지 않음.	2025-10-25 14:10:05.743772+00	229	2	360	\N	\N	\N	f		\N	2025-10-22	\N	\N	\N	\N	\N
170	delivery_schedule	한은영 교수님 납품 및 후속 진행 보고\r\n\r\n1. 납품 현황\r\n▶ 첨부 견적서 내 제품은 주문이 접수되었으며, 납기는 45일 소요 예정이라고 안내드렸습니다.\r\n\r\n▶ 금번 납품 건은 정상적으로 완료되었습니다.\r\n\r\n2. Freezer 비교 및 고객 피드백\r\n\r\n▶ 준비해간 Freezer 3종 비교 자료(첨부)를 설명드렸습니다.\r\n\r\n▶ 한은영 교수님께서는 IVYX Scientific 제품 진행을 희망하셨으나, 동 제품은 한국 수출 불가로 확인되었습니다.\r\n\r\n▶ 따라서 추가 후보군을 검토하였으며, 현재 가능성 있는 제품은 아래와 같습니다.\r\n\r\n<후보 제품군>\r\n\r\n● 테크노마트 Stirling ULT25NEU\r\n\r\n - 특징 : 한국대리점 존재 (테크노마트)\r\n - 내부 크기 : 정보없음(69×35×46 cm --> 외부사이즈) / 무게 21 kg\r\n - 수입 가능 여부 : 가능하나 매우 비쌈 11,000,000원 (부가세 별도)\r\n\r\n● -86℃ Portable Ultra Low Temperature Vaccine Freezer DW-HL1.8\r\n\r\n - 특징: 1.8 L 초소형 모델\r\n - 내부 크기: 156 × 136 × 87 (mm) / 무게 11kg\r\n - 수입 가능 여부: 확인 중\r\n\r\n● Mini ULT Freezer\r\n\r\n - 특징: 이전 비교 모델과 유사\r\n - 내부 크기: 260 × 180 × 330 (mm) / 무게 30 kg\r\n - 수입 가능 여부: 확인 중\r\n\r\n● DW-86L30 -86℃ Ultra Low Temperature Medical Freezer\r\n\r\n - 특징: 다른 모델 대비 크고 무거움\r\n - 내부 크기: 330 × 350 × 260 (mm) / 무게 85 kg\r\n - 수입 가능 여부: 확인 중\r\n\r\n3. EcoFlow 대체 후보군\r\n\r\n한은영 교수님께서는 EcoFlow보다 가벼운 제품을 원하셨습니다.\r\n\r\n검토 결과, Anker SOLIX EverFrost 2 23L Electric Cooler (24QT)를 대체안으로 제시할 수 있습니다.\r\n\r\n - 무게 약 16 kg, 바퀴 장착으로 이동 용이\r\n - 사용자 리뷰가 우수하며, 한국 서비스 메일 존재 → 한국 수입 가능성이 높음\r\n\r\n4. 추가 요청 및 협력 논의\r\n\r\n한은영 교수님께 향후 저희와 지속 거래 의사를 밝혔으며, 교수님께서는 추가 선결제를 검토하겠다고 말씀하셨습니다.\r\n\r\n5. 추가 요청사항\r\n\r\n1) Kubota 소형 원심분리기(60 cm 미만)\r\n\r\n - 요청: 소형 원심분리기 소개\r\n - 대응: Kubota Model S300TR 제안 예정\r\n\r\n2) Vial Storage Box (100 holes)\r\n\r\n - 기존 납품된 50 holes 외 추가 요청\r\n - 대응: Corning® Storage Box for 1–2 mL 2D Barcoded Cryogenic Vials 제품 검토 중\r\n\r\n3) 실험실 정리 솔루션\r\n\r\n - 요청: 공간 활용 및 정리 방안 제시\r\n - 대응: 실험대 프레임에 이중 선반 장착 방식이 가장 효율적일 것으로 판단됨	2025-08-23 03:53:52.38945+00	156	3	177	\N	\N	1053800	t	5630-T6: 5개 (539,000원)\\n5182-0575: 26개 (514,800원)	2025-08-22	\N	\N	\N	\N	\N	\N
297	delivery_schedule	1. 5640-T4 납품\r\n2. Paradigm 200 팁 피드백 공유\r\n- 실험은 10월 중순 이후에 예정	2025-10-02 02:36:10.68653+00	226	2	309	\N	\N	\N	t		2025-09-30	\N	\N	\N	\N	\N	\N
296	customer_meeting	1. IsoFreeze rack 제품 소개\r\n\r\n2. Paradigm 4236N00 샘플 제공 예정 (주문 시에는 리로드로 진행, empty rack 지원)	2025-09-30 08:55:43.422427+00	226	2	303	\N	\N	\N	f		\N	2025-09-23	\N	\N	\N	\N	\N
300	customer_meeting	1. 현재 사용 중인 피펫\r\n- Eppendorf 및 Gilson 피펫 사용 중\r\n- socorex 구매 내역 있음\r\n\r\n3. 현재 사용 중인 팁\r\n- Axygen 팁 사용 중\r\n\r\n4. 피펫 구매 계획 및 반응\r\n- 현재 피펫 구매 계획은 없음\r\n- Socorex Justip 기능과 관리 서비스에 대해 긍정적 반응\r\n\r\n5. 영업 계획\r\n- 기존 피펫 브랜드와 비교 시 Socorex 장점 강조  \r\n  - Justip 호환성, 유지보수 및 관리 용이성  \r\n- 구매 결정권자(키맨 연구원)와의 접점 유지  \r\n  - 교수님 방문 필요 시 일정 조율 및 맞춤 안내  \r\n- 장기적 관계 구축 목표  \r\n  - 바로 구매가 아니더라도 연내 구매 가능성을 고려, 지속적 관심 유지	2025-10-02 02:50:59.45809+00	234	2	311	\N	\N	\N	f		\N	2025-09-30	\N	\N	\N	\N	\N
302	customer_meeting	3차 서비스 예정 피펫 회수 및 사용 현황\r\n\r\n1. 회수 대상 및 문제\r\n- 회수 예정 피펫: 에펜도르프 전자피펫 8채널 1200  \r\n- 문제: 배터리 접촉 불량 발생\r\n\r\n2. 피펫 사용 용도\r\n- 희석 기능 사용  \r\n- 가장 많이 사용하는 작업: 96well에 100µL씩 분주  \r\n- 현재 1200 팁은 Neptune 사용 중  \r\n- Socorex 1200 모델이 없어 해당 작업에서는 사용하지 않음  \r\n- 샘플로 Paradigm 팁을 시험 사용 예정\r\n\r\n3. 고객 반응 및 피드백\r\n- 배터리 무상 제공에 감사 표시  \r\n- 하나과학 제품을 더 주문해달라고 권유\r\n\r\n4. 영업/지원 스탠스 (도엽님 역할)\r\n- 문제 발생 시 원활한 회수 및 상태 점검 지원  \r\n- 고객 작업 패턴에 맞는 모델 안내 및 대체 가능성 안내  \r\n- 장기적 관계 유지 및 필요 시 데모·샘플 제공	2025-10-02 02:57:48.767918+00	155	2	306	\N	\N	\N	f		\N	2025-10-01	\N	\N	\N	\N	\N
298	customer_meeting	520.010과 530.010FC 데모 보고\r\n\r\n데모 참석자\r\n검은색 덩치 큰 여성 연구원\r\n- 오늘 처음 출근\r\n- 바틀탑 디스펜서 사용 경험 있음(이전 근무지, 스크류 커서 사용)\r\n- 단점: 과도하게 조이면 파손/잠금 해제 불가 발생\r\n\r\n이보람 연구원\r\n- 키맨, 구매 결정 중요 인물\r\n\r\n키 큰 단발 여성 연구원\r\n- 키포인트 인물\r\n\r\n바틀탑 디스펜서 현황\r\n- 직접 사용 경험 없음\r\n- 옆 연구실에서 브랜드 제품 사용 중\r\n\r\n제품 비교 요청\r\n- 대한과학 제품, Dlab 제품, 브랜드 제품 3종 비교 요청\r\n- 디엘텍 안내: 대한과학·Dlab 제품은 수입 후 판매만 가능, 관리 서비스 제공 없음\r\n\r\nSocorex 인지 경로\r\n- 대검찰청 레퍼런스 안내\r\n- 매년 많은 구매, 품질 평가 우수\r\n\r\n제품 기능 선호\r\n- FC 기능 있는 모델 선호\r\n- 유기용매 작업 다수 → 525 모델 구매 예정\r\n- 데모는 530 모델만 준비 → DW로 테스트 예정\r\n- 데모 회수 예정: 연휴 이후 주 화~수요일\r\n\r\n구매 계획\r\n- 즉시 구매하지 않음\r\n- 연내 구매 예정\r\n\r\n기존 소모품 사용 현황\r\n- Eppendorf 피펫/팁, Axygen 팁 사용\r\n- Low binding tip 간단 소개 (잔여량 남는 문제 대응)\r\n- Paradigm 제품은 데모 회수 시 자세히 소개 예정	2025-10-02 02:45:17.851148+00	245	2	304	\N	\N	\N	f		\N	2025-09-30	\N	\N	\N	\N	\N
330	customer_meeting	동수원 병원 방문\r\n- 피펫 한세트 납품\r\n- 사용법 설명\r\n- 팁 견적 요청	2025-10-20 01:17:56.481603+00	259	3	339	\N	\N	\N	f		\N	2025-10-17	\N	\N	\N	\N	\N
333	customer_meeting	구매 제품: Socorex 전자피펫 2대 (싱글모듈)\r\n- 목적: PCR 실험, 주로 200 μL 사용\r\n- 문제점:\r\n  1. 스테퍼 기능으로 멀티채널에서 활용하려면 1 mL 이상 모듈 필요 → Socorex는 최대 350 μL까지 지원\r\n  2. 결과적으로 멀티채널 기능 활용 불가 → 싱글채널만 사용\r\n  3. 일부 연구원들은 멀티채널 정확성 저하, 채널 간 Variation 발생으로 인해 싱글채널 선호\r\n- 현 상황: 멀티채널은 거의 사용하지 않고, 싱글채널 위주 사용	2025-10-25 06:24:02.568602+00	251	2	342	\N	\N	\N	f		\N	2025-10-14	\N	\N	\N	\N	\N
324	delivery_schedule	납품 완료 (다음주 결제 진행 예정)	2025-10-19 23:27:51.462995+00	199	3	336	\N	\N	\N	t		2025-10-14	\N	\N	\N	\N	\N	\N
334	customer_meeting	1. 현재 연구실 상황\r\n  - Rainin 팁을 Bulk 형태로 사용, 주 사용 용량: 200 μL, 1 mL\r\n  - Paradigm Filter Tip은 특정 실험에만 사용, 소모량 많지 않음\r\n\r\n2. 요청 사항\r\n  - 팁 대체 제품 검토 중 및 Paradigm Bulk 및 Reload 타입 견적 요청\r\n\r\n- 안내 내용\r\n  - Bulk: 200 μL 제품은 Rack(Insert + Empty Rack) 제공, 10 μL/1250 μL는 할인된 새 Rack tip 견적\r\n  - Reload: 10 μL, 200 μL, 1250 μL 각 1CS당 Empty Rack 1pack 무상 제공	2025-10-25 06:24:31.933124+00	217	2	343	\N	\N	\N	f		\N	2025-10-14	\N	\N	\N	\N	\N
335	customer_meeting	1. 525 디스펜서 데모 회수  \r\n2. 현재 사용 중인 팁: Eppendorf, Axygen  \r\n3. 테스트중인 팁: Sartorius  \r\n   - 플라스틱을 녹인 샘플 사용 시 잔여량이 많이 남음  \r\n   - Paradigm 200으로 테스트 시 하단에 소량의 잔여물 남음  \r\n4. 사용 중인 팁 용량은 1mL이 주로 사용되어, 동일 용량으로 샘플 요청	2025-10-25 06:27:03.991784+00	245	2	344	\N	\N	\N	f		\N	2025-10-14	\N	\N	\N	\N	\N
336	customer_meeting	1. 사용 제품\r\n\r\n피펫: Eppendorf\r\n팁: Neptune Low Retention (필터팁, 최근 교체)\r\n\r\n2. 영업 내용\r\n\r\nSocorex 피펫 제품 및 이벤트 안내\r\n추가 구매 계획 없음 (필요 시 연락 예정)\r\n\r\n3. 분석 및 대응 방향\r\n\r\nEppendorf 신뢰도 높음, 피펫 점검 및 서비스 시점에 재접촉 예정	2025-10-25 06:28:09.610497+00	253	2	346	\N	\N	\N	f		\N	2025-10-15	\N	\N	\N	\N	\N
337	customer_meeting	1. 장비 현황\r\n장비 : ICP-MS/MS, LC-MS\r\n피펫 : Thermo 피펫 (수리 잦음, 비용 불만)\r\n\r\n2. 영업 진행\r\n\r\n고장난 Thermo 피펫 보상판매 제안\r\n\r\n주요 피드백 :\r\n• 826XS의 그립감 및 부드러운 피펫팅에 높은 호감 \r\n• 다양한 팁 사용 가능성 긍정적 반응\r\n\r\n*서비스 후 내부 검토를 거쳐 구매 고려 예정	2025-10-25 06:28:49.296089+00	252	2	347	\N	\N	\N	f		\N	2025-10-15	\N	\N	\N	\N	\N
338	customer_meeting	1. 조류인플루엔자연구진단과\r\n- 대체 납품 완료\r\n\r\n2. 조류질병과\r\n- Paradigm 팁 테스트 결과\r\n  - 10, 200, 300 μL 사용 시 잔여량이 많이 남음\r\n  - 기존 Rainin 팁은 잔여량 미세하게 남음\r\n- 실험 환경\r\n  - 환경물질 및 ELISA 시료 사용\r\n  - 사용 중 피펫: Rainin 80%, Eppendorf 20%\r\n  - 멀티채널: Eppendorf 사용\r\n- 엑셀라 팁 호환 및 공급\r\n  - 1 mL 팁: Rainin 팁과 호환되지 않음\r\n  - 필요한 팁: 필터팁 → 발주 오류로 10, 300 μL 비멸균 팁 주문\r\n  - Rack 타입: 비멸균만 공급, 필터팁은 멸균\r\n  - 패키지 구성: 96x10x8 (다윈바이오 문의)	2025-10-25 06:31:50.991783+00	257	2	349	\N	\N	\N	f		\N	2025-10-17	\N	\N	\N	\N	\N
339	customer_meeting	1. 셀 카운터 데모  \r\n형광 모델은 금요일 회수 후 기본 모델로 데모를 연장하여 진행 예정.\r\n영인랩플러스 재고는 2대 남아 있으며, 진행이 원활하지 않아 새로 입고된 재고 구매 시  \r\n추가 할인을 적용하는 방향으로 검토 중.\r\n\r\n2. Socorex 멀티채널 피펫  \r\n연휴 기간 동안 세포 크기가 충분히 자라지 않아 테스트를 진행하지 못함.  \r\n테스트를 위해 데모 기간을 연장하여 진행할 예정.	2025-10-25 06:32:33.539412+00	169	2	350	\N	\N	\N	f		\N	2025-10-16	\N	\N	\N	\N	\N
340	customer_meeting	Socorex 피펫 소개 및 이벤트 안내  \r\n\r\n해당 연구실에서는 현재 Gilson 및 Eppendorf 피펫을 사용 중이며,  \r\n추가적인 피펫 구매 계획은 없는 상황.\r\n\r\n현재 Socorex 피펫 할인 이벤트를 진행 중이며,  \r\n구매 시 1년간 무상 점검 서비스를 제공할 예정	2025-10-25 06:33:09.050291+00	255	2	351	\N	\N	\N	f		\N	2025-10-16	\N	\N	\N	\N	\N
341	customer_meeting	1. 고객 정보\r\n   - 피펫: 최근에 에펜도르프 구매\r\n   - 사용 팁: QSP, 넵튠 멸균 RACK형\r\n   - 주 사용 용량: 10 μL (extended 모델), 200 μL\r\n   - 사용 환경: qPCR\r\n   - 문제점: 10짜리에서 잔여량 남음\r\n\r\n2. Paradigm 팁 소개\r\n   - 10 μL(롱팁) 및 200 μL 샘플 요청(월요일 배송예정)\r\n   - 멸균 팁 및 리로드 팁 공급 가능 안내	2025-10-25 06:34:14.127203+00	256	2	352	\N	\N	\N	f		\N	2025-10-16	\N	\N	\N	\N	\N
342	customer_meeting	1. 현재 상황\r\n   - 연구실은 에펜도르프 피펫 사용 중이며 A/S 대응 속도 및 만족도가 낮다는 의견 확인됨.  \r\n   - 자체 클리닝 절차가 복잡하고 실사용자의 유지관리 불편함\r\n   - 이로 인해 장비 신뢰도 저하 및 실험 효율 저해 요소로 작용하고 있음\r\n\r\n2. Socorex 제안 반응  \r\n   - Socorex 제품의 유지보수 편의성 및 관리 효율성에 대해 긍정적 반응 확인됨.  \r\n   - 특히 사용자 친화적 구조 및 클리닝 부담 경감 가능성에 관심을 보임.\r\n\r\n3. 서비스 수용 의향  \r\n   - 하나과학 서비스 제공 방식에 대해 신뢰감을 표했으며, 전환 시 서비스 품질 개선 기대감을 언급함.  \r\n   - 향후 제품 전환 및 서비스 이용에 대해 내부 검토 의사 확인됨.	2025-10-25 13:57:08.488213+00	231	2	354	\N	\N	\N	f		\N	2025-10-20	\N	\N	\N	\N	\N
343	customer_meeting	1. PCR Tube 니즈  \r\n   - 연구실은 PCR tube 사용 시 색상 다양성을 요구하며, 컬러 옵션 확장에 대한 관심이 높음.  \r\n   - 단일 컬러보다 목적별 색상 분류를 통한 시료 관리 효율 향상을 원함.\r\n\r\n2. 테스트 진행 일정  \r\n   - 현재 실험이 일시 중단된 상태이며, 재개 시점은 11월 이후로 예정됨.  \r\n   - 이에 따라 PCR tube 샘플 테스트는 실험 재개 후 진행 예정임.\r\n\r\n3. 피펫 장비 현황 및 데모 계획  \r\n   - 연구실은 에펜도르프 피펫을 사용 중이며, 유지관리 및 사용감 개선에 대한 니즈가 존재함.  \r\n   - Socorex 8채널 10 µl 및 싱글 10 µl 데모 진행 예정으로, 실사용 평가를 통한 장비 전환 가능성 검토 계획임.	2025-10-25 13:58:49.496565+00	229	2	353	\N	\N	\N	f		\N	2025-10-20	\N	\N	\N	\N	\N
344	delivery_schedule	1. 피펫 A/S 요청  \r\n   - 전자피펫 1대 및 매뉴얼 싱글채널 1대 A/S 요청 접수됨.  \r\n   - 점검 후 유지보수 및 성능 보정 필요 여부 확인 예정.\r\n\r\n2. 팁 납품 현황  \r\n   - 주문 물량 중 4236NS0(5 PK) 제품 3 PK 미납 상태 확인됨.  \r\n   - 미납분 우선 공급 필요하며, 납기 일정 재안내 필요함.\r\n\r\n3. 사용 안내 재교육 완료  \r\n   - Justip 올바른 사용방법에 대해 현장에서 재교육 진행 완료함.  \r\n   - 해당 연구실은 Low Binding Tip만 사용 중이며, 제품 특성 및 호환성 기준의 사용 가이드 제공함.	2025-10-25 14:03:14.850371+00	150	2	357	\N	\N	\N	t		\N	\N	\N	\N	\N	\N	\N
345	customer_meeting	1. 팁 사용 현황  \r\n   - 현재 Rainin 팁 사용 중이나 잔여 재고가 일부 남아 있음.  \r\n   - 차기 구매 시 대체 팁 검토 의향이 있으며, 제품 변경 가능성 존재함.\r\n\r\n2. 샘플 제공 및 테스트 계획  \r\n   - Paradigm 옐로우팁 및 블루팁 샘플 제공 완료함.  \r\n   - Low Retention은 필터팁으로 우선 사용해보기로 결정됨.  \r\n   - 사용 후 피드백 수집 예정.\r\n\r\n3. 기타 소모품 샘플  \r\n   - MCT 차광 튜브 샘플 공급 대기 중이며, 입고 시 전달 예정임.	2025-10-25 14:05:48.558048+00	217	2	355	\N	\N	\N	f		\N	2025-10-21	\N	\N	\N	\N	\N
346	customer_meeting	1. 팁 샘플 제공  \r\n   - 4340N00 TIP 샘플 전달 완료함.  \r\n   - 사용 후 피드백 수집 예정.\r\n\r\n2. 디스펜서 도입 검토  \r\n   - 디스펜서 장비 검토 중이며, 연말 구매 예정임.	2025-10-25 14:07:02.880554+00	245	2	356	\N	\N	\N	f		\N	2025-10-21	\N	\N	\N	\N	\N
347	customer_meeting	- 코스닥 상장 벤처, 약학대학 내 위치.  \r\n- SOCOREX 소개	2025-10-25 14:08:13.657+00	261	2	358	\N	\N	\N	f		\N	2025-10-21	\N	\N	\N	\N	\N
351	customer_meeting	연구실 현황\r\n1. 팁 선호  \r\n   - Paradigm 팁 선호하나, 멀티채널 사용 시 호환성 문제 존재.  \r\n   - Socorex 팁은 멀티채널 사용에 적합하며, 베벨 타입은 선호하지 않음.\r\n\r\n2. 피펫 오토클레이브 사용  \r\n   - 2~3개월마다 오토클레이브 진행하며, 볼륨 영향 우려 있음.  \r\n   - 스티커 부착 관리만 주의하면 안전하게 사용 가능함을 안내함.\r\n\r\n3. PCR 플레이트 만족도  \r\n   - SPL RACK과 호환이 매우 좋음.  \r\n   - 기존 건스타 플레이트는 튀어나와 사용 불편.  \r\n   - 향후 모든 PCR 플레이트를 Paradigm으로 교체 예정.	2025-10-25 14:13:09.983811+00	50	2	364	\N	\N	\N	f		\N	2025-10-23	\N	\N	\N	\N	\N
352	customer_meeting	연구실 현황\r\n1. 견적  \r\n   - 437 및 826.0002 제품 견적\r\n\r\n2. 선결제금 활용  \r\n   - 현재 남은 선결제금 41만원이 있으며, 해당 금액 소진 유도	2025-10-25 14:15:38.091073+00	209	2	363	\N	\N	\N	f		\N	2025-10-23	\N	\N	\N	\N	\N
353	customer_meeting	PCR Tube 및 PCR Plate 소개\r\n\r\n- 연구실 방문 시 PCR Tube와 PCR Plate를 간단히 소개함.  \r\n- 시간 제한으로 인해 자세한 설명보다는 핵심 포인트 위주로 안내함.	2025-10-25 14:16:33.080482+00	200	2	366	\N	\N	\N	f		\N	2025-10-23	\N	\N	\N	\N	\N
354	customer_meeting	연구실 현황\r\n1. 멀티채널 사용방법  \r\n   - 멀티채널 피펫 사용방법 재안내\r\n\r\n2. 팁 샘플 전달  \r\n   - 현재 악시젠 팁 사용 중이나 잔여량이 있어, 샘플 제공 예정	2025-10-25 14:17:43.251366+00	244	2	367	\N	\N	\N	f		\N	2025-10-23	\N	\N	\N	\N	\N
355	customer_meeting	연구실 현황\r\n1. 멀티채널 피펫  \r\n   - 기존 에펜도르프 수리 vs SOCOREX 신규 구매 검토 중이며, 내부 의견은 절반씩 나뉨.  \r\n   - 하나과학에서 전체 관리 및 서비스 제공에 대한 신뢰로 SOCOREX 검토 예정.\r\n\r\n2. 셀카운터  \r\n   - 현재 사용 장비 만족도가 높으나, 옆방 교수 추천으로 Luna2 데모 진행 계획.  \r\n   - 임상 샘플 50~80개 연속 처리 시 에러 발생 가능성이 있어, 이를 감당 가능한 장비 필요.  \r\n   - 기존 PBMC 카운팅 장비는 적혈구 포함 시 또는 세포 크기 조절 시 정확도가 낮아 신뢰하지 못함.  \r\n   - 과거 수작업 카운팅은 양이 많아 2명이서 수행하였으나 기준 차이 발생.  \r\n   - 이에 따라 PBMC 포함 연속 카운팅 가능 장비 구매 계획 중임.	2025-10-25 14:22:00.769912+00	169	2	362	\N	\N	\N	f		\N	2025-10-23	\N	\N	\N	\N	\N
357	customer_meeting	연구실 현황\r\n1. 방문 목적  \r\n   - PCR tube 재고 확인을 위해 방문하였으나, 10 µl 피펫 보상판매 문의가 있었음.\r\n\r\n2. 구매 계획  \r\n   - 20 µl 이하 볼륨 제품 2 µl와 10 µl 각 2개 구매 예정임.  \r\n   - 총 4개 구매 시 3+1 이벤트 적용 가능.\r\n\r\n3. 구매 유도 전략  \r\n   - 3+1 이벤트 적용 시 서비스 지원 및 스탠드 제공으로 구매 유도 중임.	2025-10-25 14:25:46.52636+00	11	2	369	\N	\N	\N	f		\N	2025-10-24	\N	\N	\N	\N	\N
358	customer_meeting	연구실 현황\r\n- PCR을 주로 수행하며 현재 Oxigen 팁과 튜브 사용 중임. 아직 바꿀 계획 없음.  \r\n- 신생랩은 아니나 연구원들의 연차가 낮음.	2025-10-25 14:29:37.597834+00	263	2	370	\N	\N	\N	f		\N	2025-10-24	\N	\N	\N	\N	\N
356	customer_meeting	연구실 현황\r\n1. PCR 플레이트 및 튜브  \r\n   - 현재 Thermo 제품 사용 중이며, 가격 부담으로 고민이 많았음.  \r\n   - Paradigm 샘플 요청하여 사용 후 평가 예정.\r\n\r\n2. SOCOREX 피펫  \r\n   - 4대 사용 중임. 연구실 구경 중 발견되었으며, 오래된 구형 제품임.  \r\n   - 수리가 필요할 수 있으며, 단종 부품 포함 시 보상판매 가능성 고려.  \r\n   - 현재 4대 기준으로 3+1 이벤트로 구매 유도 중이며, 우선 점검 필요.\r\n\r\n3. 동결건조기  \r\n   - 현재 사용 중인 장비는 신일 제품이며, 노화로 인해 온도가 자꾸 상승함.  \r\n   - 별도로 알아본 브랜드는 없음.  \r\n   - 스펙 및 정보는 메일로 다시 안내 예정임.	2025-10-25 14:24:34.262411+00	52	2	368	\N	\N	\N	f		\N	2025-10-24	\N	\N	\N	\N	\N
362	customer_meeting	1. 피펫 현황 및 서비스 안내  \r\n   - 현재 싱글 피펫만 사용, 길슨 20자루 보유  \r\n   - 악시젠 팁 사용 중  \r\n   - 볼륨 정확도 저하 문제 확인 → 하나과학 서비스 안내  \r\n   - Soxorex 826 체험 후 부드러운 사용감 호응  \r\n   - 서비스 시 데모 제공 가능, 사용 후 추가 구매 의향 시 Soxorex 권장  \r\n\r\n2. 검교정 및 데모 권유  \r\n   - 방문해서 간단한 검교정만 진행해봄(무료)\r\n   - 회수 후 정확한 검교정 진행 권유  \r\n   - 검교정 기간 중 Soxorex 데모 사용 권유	2025-11-02 00:38:43.718457+00	269	2	377	\N	\N	\N	f		\N	2025-10-28	\N	\N	\N	\N	\N
363	customer_meeting	1. 피펫 현황 및 안내  \r\n   - 사용 기기: 에펜도르프 피펫, QSP 팁 사용 중  \r\n   - Soxorex 소개 요청 → 짧게 안내  \r\n   - 패러다임 시연은 진행하지 못함  \r\n   - 카탈로그 전달 후 하나과학 서비스 안내	2025-11-02 00:39:15.027033+00	270	2	378	\N	\N	\N	f		\N	2025-10-28	\N	\N	\N	\N	\N
364	customer_meeting	1. socorex 피펫 점검 및 수리\r\n* 5개중 1개는 수리불가\r\n\r\n2. socorex 피펫 견적 (추가 1세트 구매예정)\r\n* 수리불가한 제품 보상판매 및 3+1 안내	2025-11-02 00:50:46.889035+00	52	2	385	\N	\N	\N	f		\N	2025-10-29	\N	\N	\N	\N	\N
365	service	1. 서비스한 피펫 반환, 에펜도르프\r\n2. 결제는 소형 디스펜서 501로 검수후 카드결제\r\n3. 1mL 팁은 넵튠에서 패러다임으로 변경은 아직 보류	2025-11-02 00:51:53.983628+00	155	2	372	\N	\N	\N	f		\N	\N	completed	\N	\N	\N	\N
366	customer_meeting	1. 연구실 현황\r\n- 9월 한경대 이전, 신생랩\r\n- 딥프리즈 없음, 손홍석 교수님 랩 공유 사용\r\n- 연구원 2명\r\n- 피펫·소모품 구매 완료\r\n- 장비 구매 계획: 내년 2~3월	2025-11-02 00:53:56.953935+00	243	2	382	\N	\N	\N	f		\N	2025-10-30	\N	\N	\N	\N	\N
367	customer_meeting	1. 이번에 새로 입사함\r\n2. 구매 및 결정은 박사님이\r\n3. 이분은 석사연구원, 실험만\r\n4. 있는게 SOCOREX라 이 피펫 많이쓰는중, 쓰는데 불편함은 없고 JUSTIP 기능 안내드림	2025-11-02 00:55:59.330479+00	264	2	388	\N	\N	\N	f		\N	2025-10-30	\N	\N	\N	\N	\N
368	customer_meeting	1. 셀카운터는 12월에 루나2 데모이후 구매 검토\r\n* 11월 교수님 학회로 부재(시카고, 보스턴 등)\r\n\r\n2.  SOCOREX 멀티채널도 조금 지연될듯함\r\n* 에펜 12채널 4자루정도 수리를할지, 새걸 2개로구매할지 검토중\r\n\r\n3. 10은 PARADIGM ,200,1000은 SOCOREX로 고정해서 사용예정 . 10은 추가 구매예정\r\n* 11월은 실험을 많이안함	2025-11-02 00:57:26.054074+00	169	2	383	\N	\N	\N	f		\N	2025-10-30	\N	\N	\N	\N	\N
369	customer_meeting	1. 10짜린 구매해서 좀 사용후 재구매 예정\r\n2. ISOFREEZE RACK은 검토중	2025-11-02 00:58:02.92659+00	256	2	381	\N	\N	\N	f		\N	2025-10-31	\N	\N	\N	\N	\N
370	customer_meeting	11월 이후에 실험 일정 잡는중	2025-11-02 00:58:13.796299+00	229	2	371	\N	\N	\N	f		\N	2025-10-31	\N	\N	\N	\N	\N
371	customer_meeting	1. 현재 재고가 많아 소진 시점에 연락 예정\r\n2. QSP 팁 사용 중\r\n   - 샘플 종류 다양하게 사용, 팁 잔여량 남는 경우 있음\r\n   - paradigm 4230N00과 비교 시연 시 반응 좋음\r\n   - 벌크 팁 구매 예정\r\n   - 1.5mL 튜브는 악시젠 사용, 뚜껑 문제 공감\r\n   - 4130N00, 4230N00, 1260-00 샘플 제공\r\n3. SOCOREX 이벤트 안내 및 PARADIGM PCR 튜브 및 플레이트 소개	2025-11-02 01:00:40.739662+00	183	2	389	\N	\N	\N	f		\N	2025-10-31	\N	\N	\N	\N	\N
372	customer_meeting	1. 과거 835 모델 사용했으나 현재 고장으로 다른 곳에 보관 중\r\n2. 사용 중인 피펫 브랜드는 다양하며, 고장 시 새로 구매하는 편\r\n3. 피펫 고장이 빈번해 관리가 어렵다고 느낌\r\n4. 피펫 관리 및 서비스는 하나과학에 의뢰하도록 권유\r\n5. 피펫 및 팁 구매량은 많지 않음	2025-11-02 01:10:30.37789+00	223	2	392	\N	\N	\N	f		\N	2025-10-28	\N	\N	\N	\N	\N
373	customer_meeting	- 꾸준한 방문을 통해 구매 기회를 모니터링 필요\r\n- 박사님은 SOCOREX와 PARADIGM 제품에 대해 매우 긍정적 평가	2025-11-02 01:11:12.043296+00	231	2	391	\N	\N	\N	f		\N	2025-10-31	\N	\N	\N	\N	\N
374	delivery_schedule	1. 피펫 보상판매: 3+1은 제외하고 2자루만 1:1 교환식으로 진행.\r\n2. 교수님께 카드결제 완료\r\n3. PCR tube 구매 예정.\r\n4. 10 μL 팁이 숏팁(랩콘팁)이라 15 mL 코니컬 튜브 끝에 닿지 않아 PARADIGM 10 μL 팁을 샘플로 제공함.	2025-11-09 12:12:21.117534+00	11	2	393	\N	\N	\N	f		2025-11-05	\N	\N	\N	\N	\N	\N
375	customer_meeting	1. PCR 세팅 중인 연구실이며, 장비·소모품 도입 계획은 아직 미정으로 장기 검토가 필요함	2025-11-09 12:14:57.866013+00	53	2	399	\N	\N	\N	f		\N	2025-11-03	\N	\N	\N	\N	\N
376	delivery_schedule	1. 9월분 결제 완료, 10월분 결제는 다음주 또는 다다음주 예정  \r\n2. 추가로 11월 납품 예정	2025-11-09 12:18:50.010034+00	220	2	397	\N	\N	\N	f		2025-11-04	\N	\N	\N	\N	\N	\N
377	delivery_schedule	1. 일단 구매 후 사용해보고 추가 구매 예정\r\n2. ISO Freeze rack 2개씩 판매됨, 단순 메일 홍보만 진행	2025-11-09 12:20:39.075691+00	256	2	396	\N	\N	\N	f		2025-11-04	\N	\N	\N	\N	\N	\N
378	service	1. 2차까지 서비스 완료  \r\n2. 3차 서비스 접수	2025-11-09 12:29:05.076204+00	274	2	394	\N	\N	\N	f		\N	\N	\N	\N	\N	\N	\N
379	service	1. 11월 1일 자 세금계산서 발행 완료 (서비스 완료)\r\n2. 3+1 피펫 프로모션 견적 제공\r\n3. 피펫 1자루 무상 수리 진행 중 (Dlab)	2025-11-09 12:30:24.125778+00	52	2	395	\N	\N	\N	f		\N	\N	in_progress	\N	\N	\N	\N
380	customer_meeting	1. 피펫은 최근 길슨 구매함\r\n2. 실험실이 1개에서 2개로 분리되어 새 실험실 세팅 중 (내년 초 추가 품목 구매 예정)\r\n3. 팁은 중국산 사용, 일회용으로만 사용\r\n4. PCR tube는 악시젠 사용, 장비는 Bio-Rad	2025-11-09 12:33:34.17853+00	275	2	400	\N	\N	\N	f		\N	2025-11-06	\N	\N	\N	\N	\N
381	customer_meeting	1. 이분만 실험실이 1층에 있고 나머지 연구원은 2층에 있음\r\n\r\n2. 피펫 사용 현황\r\n   길슨 사용 중, 826XS도 사용하지만 길슨이 더 손에 익음\r\n   기존 길슨은 볼륨이 계속 사용하면 틀어지는 문제 있어 이번에는 락 기능 있는 신형으로 구매\r\n   다만 신형은 피펫팅 시 엄지에 걸려 불편함 느낌\r\n   825의 존재는 몰라서 Socorex는 너무 부드러워서 길슨 선호\r\n\r\n3. 팁 사용 현황\r\n   잦은 교체 중, 잔여량 관리 필요\r\n   아직 정착할 팁을 못 써봄\r\n   Paradigm 팁 사용 경험 없음\r\n   현재 Neptune 팁 사용 중	2025-11-09 12:43:28.935039+00	277	2	402	\N	\N	\N	f		\N	2025-11-06	\N	\N	\N	\N	\N
382	customer_meeting	1. 피펫 에이드 2자루 니즈 있음\r\n- 보상판매 제안드림\r\n\r\n2. 피펫 한 세트 고민중\r\n\r\n3. 멀티 피펫 하나 고민중\r\n\r\n4. 전자피펫 멀티 고민중	2025-11-14 00:42:50.100555+00	290	3	408	\N	\N	\N	f		\N	2025-11-07	\N	\N	\N	\N	\N
383	customer_meeting	1. 피펫에이드 수리건 납품 완료\r\n2. 팁 4136N00 판매제안\r\n  - 다윈바이오텍에서 들어가는 200uL 팁은 그대로 사용하고  우리 10uL 팁을 만족해서 사용하셨다면 우리가 200uL팁 받고있는 가격이랑 동일한 가격으로 10uL 팁을 납품드릴 수 있다고 제안드림	2025-11-16 07:53:21.521813+00	142	3	418	\N	\N	\N	f		\N	2025-11-13	\N	\N	\N	\N	\N
384	customer_meeting	- ISO Freeze Rack 견적드림\r\n- 사용중인 길슨피펫을 Socorex피펫으로 데모 후 보상판매에 대해 제안드림	2025-11-16 07:57:12.362283+00	289	3	417	\N	\N	\N	f		\N	2025-11-10	\N	\N	\N	\N	\N
\.


--
-- Data for Name: reporting_historyfile; Type: TABLE DATA; Schema: public; Owner: postgres
--

COPY public.reporting_historyfile (id, file, original_filename, file_size, uploaded_at, history_id, uploaded_by_id) FROM stdin;
3	history_files/2025/08/서울대학교_미생물공생및면역연구실_견적서250814.PDF	서울대학교 미생물공생및면역연구실_견적서(250814).PDF	202901	2025-08-15 23:48:51.018289+00	143	3
4	history_files/2025/08/서울대학교_미생물공생및면역연구실_거래명세서250814.PDF	서울대학교 미생물공생및면역연구실_거래명세서(250814).PDF	168678	2025-08-15 23:51:30.369024+00	144	3
5	history_files/2025/08/유빅스_서비스.PDF	유빅스_서비스.PDF	90542	2025-08-16 22:32:44.297149+00	146	3
6	history_files/2025/08/동아하이텍_서비스전대박상익.PDF	동아하이텍_서비스(전대박상익).PDF	72625	2025-08-16 22:33:52.511904+00	147	3
7	history_files/2025/08/미르텍_서비스창원대학교.PDF	미르텍_서비스(창원대학교).PDF	105858	2025-08-16 22:35:49.08683+00	148	3
8	history_files/2025/08/보령_서비스.PDF	보령_서비스.PDF	86170	2025-08-16 22:43:32.379285+00	149	3
9	history_files/2025/08/바이옴에이츠_서비스.PDF	바이옴에이츠_서비스.PDF	101839	2025-08-16 22:57:15.824831+00	150	3
10	history_files/2025/08/바이옴에이츠_견적서.PDF	바이옴에이츠_견적서.PDF	197326	2025-08-16 22:57:15.882982+00	150	3
11	history_files/2025/08/덕성여자대학교_견적서다음납품건.PDF	덕성여자대학교_견적서(다음납품건).PDF	203656	2025-08-23 03:53:52.410093+00	170	3
12	history_files/2025/08/덕성여자대학교_거래명세서.PDF	덕성여자대학교_거래명세서.PDF	166166	2025-08-23 03:53:52.41993+00	170	3
13	history_files/2025/08/실험용_소형_냉동고_3종_비교_EcoFlow_Glacier_35L_vs_Stirling_ULT25NEU_vs_IVYX_-86C.docx	실험용 소형 냉동고 3종 비교 (EcoFlow Glacier 35L vs Stirling ULT25NEU vs IVYX -86°C).docx	875723	2025-08-23 03:53:52.428643+00	170	3
14	history_files/2025/08/2025_SNU_Bio_Symposium.xlsx	2025 SNU Bio Symposium.xlsx	28867	2025-08-29 22:31:22.672798+00	197	3
\.


--
-- Data for Name: reporting_opportunitytracking; Type: TABLE DATA; Schema: public; Owner: postgres
--

COPY public.reporting_opportunitytracking (id, current_stage, stage_entry_date, expected_revenue, weighted_revenue, probability, expected_close_date, stage_history, total_quotes_sent, total_meetings, avg_response_time_hours, won_date, lost_date, lost_reason, actual_revenue, updated_at, followup_id, backlog_amount, title, created_at) FROM stdin;
98	won	2025-11-14	0	0	100	2025-07-02	[{"note": "완료됨 납품 일정으로부터 자동 생성 (일정 ID: 32)", "stage": "won", "exited": null, "entered": "2025-07-02"}]	0	0	\N	\N	\N	\N	0	2025-11-14 02:33:58.386619+00	39	0	납품 - 07/02	2025-11-13 23:17:39.949459+00
91	won	2025-11-14	2266000	2266000	100	2024-09-27	[{"note": "완료됨 납품 일정으로부터 자동 생성 (일정 ID: 296)", "stage": "won", "exited": null, "entered": "2024-09-27"}]	0	0	\N	\N	\N	\N	2266000	2025-11-14 02:33:58.409633+00	118	0	납품 - 09/27	2025-11-13 23:17:39.743151+00
128	quote	2025-11-16	6096200	2438480	40	2025-10-30	[{"stage": "quote", "entered": "2025-11-16", "probability": 40}]	0	0	\N	\N	\N	\N	\N	2025-11-16 07:16:56.57657+00	169	0	\N	2025-11-16 07:16:56.57655+00
92	won	2025-11-14	1131240	1131240	100	2024-10-17	[{"note": "완료됨 납품 일정으로부터 자동 생성 (일정 ID: 298)", "stage": "won", "exited": null, "entered": "2024-10-17"}]	0	0	\N	\N	\N	\N	1131240	2025-11-14 02:33:58.436363+00	17	0	납품 - 10/17	2025-11-13 23:17:39.796926+00
93	won	2025-11-14	1324895	1324895	100	2024-10-28	[{"note": "완료됨 납품 일정으로부터 자동 생성 (일정 ID: 297)", "stage": "won", "exited": null, "entered": "2024-10-28"}]	0	0	\N	\N	\N	\N	1324895	2025-11-14 02:33:58.456787+00	118	0	납품 - 10/28	2025-11-13 23:17:39.838091+00
99	won	2025-11-14	63360	63360	100	2025-08-07	[{"note": "완료됨 납품 일정으로부터 자동 생성 (일정 ID: 147)", "stage": "won", "exited": null, "entered": "2025-08-07"}]	0	0	\N	\N	\N	\N	63360	2025-11-14 02:33:58.473464+00	18	0	납품 - 08/07	2025-11-13 23:17:39.996218+00
94	won	2025-11-14	528000	528000	100	2024-11-07	[{"note": "완료됨 납품 일정으로부터 자동 생성 (일정 ID: 299)", "stage": "won", "exited": null, "entered": "2024-11-07"}]	0	0	\N	\N	\N	\N	528000	2025-11-14 02:33:58.490055+00	240	0	납품 - 11/07	2025-11-13 23:17:39.860443+00
95	won	2025-11-14	1785300	1785300	100	2024-11-29	[{"note": "완료됨 납품 일정으로부터 자동 생성 (일정 ID: 300)", "stage": "won", "exited": null, "entered": "2024-11-29"}]	0	0	\N	\N	\N	\N	1785300	2025-11-14 02:33:58.505441+00	51	0	납품 - 11/29	2025-11-13 23:17:39.882683+00
109	won	2025-11-14	0	0	100	2025-09-15	[{"note": "완료됨 납품 일정으로부터 자동 생성 (일정 ID: 243)", "stage": "won", "exited": null, "entered": "2025-09-15"}]	0	0	\N	\N	\N	\N	0	2025-11-14 02:33:58.521583+00	199	0	납품 - 09/15	2025-11-13 23:17:40.342105+00
96	won	2025-11-14	1707698	1707698	100	2024-12-20	[{"note": "완료됨 납품 일정으로부터 자동 생성 (일정 ID: 302)", "stage": "won", "exited": null, "entered": "2024-12-20"}]	0	0	\N	\N	\N	\N	1707698	2025-11-14 02:33:58.535964+00	213	0	납품 - 12/20	2025-11-13 23:17:39.906607+00
100	won	2025-11-14	0	0	100	2025-08-19	[{"note": "완료됨 납품 일정으로부터 자동 생성 (일정 ID: 155)", "stage": "won", "exited": null, "entered": "2025-08-19"}]	0	0	\N	\N	\N	\N	0	2025-11-14 02:33:58.555994+00	68	0	납품 - 08/19	2025-11-13 23:17:40.041762+00
97	won	2025-11-14	63360	63360	100	2025-06-26	[{"note": "완료됨 납품 일정으로부터 자동 생성 (일정 ID: 18)", "stage": "won", "exited": null, "entered": "2025-06-26"}]	0	0	\N	\N	\N	\N	63360	2025-11-14 02:33:58.575207+00	18	0	납품 - 06/26	2025-11-13 23:17:39.929191+00
104	won	2025-11-14	0	0	100	2025-09-09	[{"note": "완료됨 납품 일정으로부터 자동 생성 (일정 ID: 239)", "stage": "won", "exited": null, "entered": "2025-09-09"}]	0	0	\N	\N	\N	\N	0	2025-11-14 02:33:58.600176+00	150	0	납품 - 09/09	2025-11-13 23:17:40.167758+00
101	won	2025-11-14	0	0	100	2025-08-22	[{"note": "완료됨 납품 일정으로부터 자동 생성 (일정 ID: 177)", "stage": "won", "exited": null, "entered": "2025-08-22"}]	0	0	\N	\N	\N	\N	0	2025-11-14 02:33:58.618923+00	156	0	납품 - 08/22	2025-11-13 23:17:40.067759+00
102	won	2025-11-14	396880	396880	100	2025-09-02	[{"note": "완료됨 납품 일정으로부터 자동 생성 (일정 ID: 208)", "stage": "won", "exited": null, "entered": "2025-09-02"}]	0	0	\N	\N	\N	\N	396880	2025-11-14 02:33:58.642422+00	41	0	납품 - 09/02	2025-11-13 23:17:40.106517+00
107	won	2025-11-14	0	0	100	2025-09-11	[{"note": "완료됨 납품 일정으로부터 자동 생성 (일정 ID: 248)", "stage": "won", "exited": null, "entered": "2025-09-11"}]	0	0	\N	\N	\N	\N	0	2025-11-14 02:33:58.660111+00	50	0	납품 - 09/11	2025-11-13 23:17:40.292022+00
105	won	2025-11-14	63360	63360	100	2025-09-09	[{"note": "완료됨 납품 일정으로부터 자동 생성 (일정 ID: 240)", "stage": "won", "exited": null, "entered": "2025-09-09"}]	0	0	\N	\N	\N	\N	63360	2025-11-14 02:33:58.676063+00	18	0	납품 - 09/09	2025-11-13 23:17:40.194247+00
108	won	2025-11-14	0	0	100	2025-09-15	[{"note": "완료됨 납품 일정으로부터 자동 생성 (일정 ID: 242)", "stage": "won", "exited": null, "entered": "2025-09-15"}]	0	0	\N	\N	\N	\N	0	2025-11-14 02:33:58.71328+00	198	0	납품 - 09/15	2025-11-13 23:17:40.316138+00
111	won	2025-11-14	6735300	6735300	100	2025-09-18	[{"note": "완료됨 납품 일정으로부터 자동 생성 (일정 ID: 293)", "stage": "won", "exited": null, "entered": "2025-09-18"}]	0	0	\N	\N	\N	\N	6735300	2025-11-14 02:33:58.733222+00	155	0	납품 - 09/18	2025-11-13 23:17:40.399082+00
103	won	2025-11-14	1089000	1089000	100	2025-09-04	[{"note": "완료됨 납품 일정으로부터 자동 생성 (일정 ID: 214)", "stage": "won", "exited": null, "entered": "2025-09-04"}]	0	0	\N	\N	\N	\N	1089000	2025-11-14 02:33:58.755895+00	176	0	납품 - 09/04	2025-11-13 23:17:40.137147+00
110	won	2025-11-14	8623340	8623340	100	2025-09-17	[{"note": "완료됨 납품 일정으로부터 자동 생성 (일정 ID: 245)", "stage": "won", "exited": null, "entered": "2025-09-17"}]	0	0	\N	\N	\N	\N	8623340	2025-11-14 02:33:58.777243+00	156	0	납품 - 09/17	2025-11-13 23:17:40.367196+00
112	won	2025-11-14	0	0	100	2025-09-18	[{"note": "완료됨 납품 일정으로부터 자동 생성 (일정 ID: 287)", "stage": "won", "exited": null, "entered": "2025-09-18"}]	0	0	\N	\N	\N	\N	0	2025-11-14 02:33:58.796829+00	158	0	납품 - 09/18	2025-11-13 23:17:40.422089+00
113	won	2025-11-14	1958000	1958000	100	2025-09-25	[{"note": "완료됨 납품 일정으로부터 자동 생성 (일정 ID: 314)", "stage": "won", "exited": null, "entered": "2025-09-25"}]	0	0	\N	\N	\N	\N	1958000	2025-11-14 02:33:58.81774+00	244	0	납품 - 09/25	2025-11-13 23:17:40.449177+00
114	won	2025-11-14	344960	344960	100	2025-09-30	[{"note": "완료됨 납품 일정으로부터 자동 생성 (일정 ID: 309)", "stage": "won", "exited": null, "entered": "2025-09-30"}]	0	0	\N	\N	\N	\N	344960	2025-11-14 02:33:58.835344+00	226	0	납품 - 09/30	2025-11-13 23:17:40.475936+00
3	quote	2025-11-02	1522950	1142213	75	2025-11-10	[{"note": "일정 생성으로 자동 생성 (일정 ID: 385)", "stage": "quote", "exited": null, "entered": "2025-11-02"}]	0	0	\N	\N	\N	\N	\N	2025-11-16 01:04:54.691331+00	52	0	견적 - 10/29	2025-11-02 00:43:57.765504+00
90	won	2025-11-14	2288000	2288000	100	2024-08-05	[{"note": "완료됨 납품 일정으로부터 자동 생성 (일정 ID: 295)", "stage": "won", "exited": null, "entered": "2024-08-05"}]	0	0	\N	\N	\N	\N	2288000	2025-11-14 02:33:58.367552+00	173	0	납품 - 08/05	2025-11-13 23:17:39.711339+00
115	won	2025-11-14	256960	256960	100	2025-10-14	[{"note": "완료됨 납품 일정으로부터 자동 생성 (일정 ID: 336)", "stage": "won", "exited": null, "entered": "2025-10-14"}]	0	0	\N	\N	\N	\N	256960	2025-11-14 02:33:58.858899+00	199	0	납품 - 10/14	2025-11-13 23:17:40.504245+00
116	won	2025-11-14	1938398	1938398	100	2025-10-16	[{"note": "완료됨 납품 일정으로부터 자동 생성 (일정 ID: 337)", "stage": "won", "exited": null, "entered": "2025-10-16"}]	0	0	\N	\N	\N	\N	1938398	2025-11-14 02:33:58.897408+00	156	0	납품 - 10/16	2025-11-13 23:17:40.557018+00
117	won	2025-11-14	912560	912560	100	2025-10-21	[{"note": "완료됨 납품 일정으로부터 자동 생성 (일정 ID: 357)", "stage": "won", "exited": null, "entered": "2025-10-21"}]	0	0	\N	\N	\N	\N	912560	2025-11-14 02:33:58.917046+00	150	0	납품 - 10/21	2025-11-13 23:17:40.589752+00
118	won	2025-11-14	685960	685960	100	2025-11-04	[{"note": "완료됨 납품 일정으로부터 자동 생성 (일정 ID: 396)", "stage": "won", "exited": null, "entered": "2025-11-04"}]	0	0	\N	\N	\N	\N	685960	2025-11-14 02:33:58.935775+00	256	0	납품 - 11/04	2025-11-13 23:17:40.614526+00
119	won	2025-11-14	63360	63360	100	2025-11-04	[{"note": "완료됨 납품 일정으로부터 자동 생성 (일정 ID: 397)", "stage": "won", "exited": null, "entered": "2025-11-04"}]	0	0	\N	\N	\N	\N	63360	2025-11-14 02:33:58.954715+00	220	0	납품 - 11/04	2025-11-13 23:17:40.647347+00
120	won	2025-11-14	826980	826980	100	2025-11-05	[{"note": "완료됨 납품 일정으로부터 자동 생성 (일정 ID: 393)", "stage": "won", "exited": null, "entered": "2025-11-05"}]	0	0	\N	\N	\N	\N	826980	2025-11-14 02:33:58.976116+00	11	0	납품 - 11/05	2025-11-13 23:17:40.674163+00
121	won	2025-11-14	256960	256960	100	2025-11-11	[{"note": "완료됨 납품 일정으로부터 자동 생성 (일정 ID: 406)", "stage": "won", "exited": null, "entered": "2025-11-11"}]	0	0	\N	\N	\N	\N	256960	2025-11-14 02:33:58.990761+00	199	0	납품 - 11/11	2025-11-13 23:17:40.702017+00
124	quote	2025-11-16	183040	91520	50	2025-11-07	[{"note": "일정 생성으로 자동 생성 (일정 ID: 409)", "stage": "contact", "exited": "2025-11-16", "entered": "2025-11-14"}, {"note": "납품 완료 (Schedule ID: 417)", "stage": "won", "exited": "2025-11-16", "entered": "2025-11-16"}, {"stage": "quote", "exited": null, "entered": "2025-11-16"}]	0	0	\N	\N	\N	\N	\N	2025-11-16 07:50:12.927329+00	289	0	고객 미팅 - 11/07	2025-11-14 00:44:59.357744+00
129	contact	2025-11-16	55000	27500	50	2025-11-13	[{"note": "일정 생성으로 자동 생성 (일정 ID: 418)", "stage": "lead", "exited": "2025-11-16", "entered": "2025-11-16"}, {"note": "고객 미팅 완료로 자동 전환 (일정 ID: 418)", "stage": "contact", "exited": null, "entered": "2025-11-16"}]	0	0	\N	\N	\N	\N	\N	2025-11-16 07:51:34.194255+00	142	0	고객 미팅 - 11/13	2025-11-16 07:51:29.724477+00
123	closing	2025-11-16	2708200	2708200	100	2025-11-20	[{"note": "일정 생성으로 자동 생성 (일정 ID: 408)", "stage": "contact", "exited": "2025-11-14", "entered": "2025-11-14"}, {"stage": "contact", "exited": "2025-11-16", "entered": "2025-11-14"}, {"note": "납품 완료 (Schedule ID: 413)", "stage": "won", "exited": "2025-11-16", "entered": "2025-11-16"}, {"stage": "quote", "exited": "2025-11-16", "entered": "2025-11-16"}, {"note": "납품 완료 (Schedule ID: 414)", "stage": "won", "exited": "2025-11-16", "entered": "2025-11-16"}, {"stage": "closing", "exited": "2025-11-16", "entered": "2025-11-16"}, {"note": "납품 완료로 자동 수주 (일정 ID: 414)", "stage": "won", "exited": "2025-11-16", "entered": "2025-11-16"}, {"note": "납품 완료로 자동 전환 (일정 ID: 414)", "stage": "won", "exited": "2025-11-16", "entered": "2025-11-16"}, {"stage": "quote", "exited": "2025-11-16", "entered": "2025-11-16"}, {"note": "납품 완료 (Schedule ID: 416)", "stage": "won", "exited": "2025-11-16", "entered": "2025-11-16"}, {"stage": "closing", "exited": "2025-11-16", "entered": "2025-11-16"}, {"note": "납품 완료로 자동 수주 (일정 ID: 416)", "stage": "won", "exited": "2025-11-16", "entered": "2025-11-16"}, {"note": "납품 완료로 자동 전환 (일정 ID: 416) → 완료 철회로 예정 복귀", "stage": "won", "exited": "2025-11-16", "entered": "2025-11-16"}, {"note": "완료 철회 후 납품 예정으로 클로징 (일정 ID: 416)", "stage": "closing", "exited": null, "entered": "2025-11-16"}]	0	0	\N	\N	\N	\N	\N	2025-11-18 02:51:49.259803+00	290	0	고객 미팅 - 11/07	2025-11-14 00:39:26.705646+00
122	closing	2025-11-24	2293060	1834448	80	2025-11-14	[{"note": "예정됨 납품 일정으로부터 자동 생성 (일정 ID: 266)", "stage": "closing", "exited": "2025-11-14", "entered": "2025-11-14"}, {"note": "납품일정 취소로 인한 실주 (일정 ID: 266) → 취소 철회로 복구", "stage": "lost", "exited": "2025-11-14", "entered": "2025-11-14"}, {"note": "취소 철회 후 납품 완료로 자동 수주 (일정 ID: 266)", "stage": "won", "exited": "2025-11-14", "entered": "2025-11-14"}, {"note": "납품 완료로 자동 전환 (일정 ID: 266) → 완료 철회로 예정 복귀", "stage": "won", "exited": "2025-11-14", "entered": "2025-11-14"}, {"note": "완료 철회 후 납품 예정으로 클로징 (일정 ID: 266)", "stage": "closing", "exited": "2025-11-14", "entered": "2025-11-14"}, {"note": "납품 완료로 자동 수주 (일정 ID: 266)", "stage": "won", "exited": "2025-11-14", "entered": "2025-11-14"}, {"note": "납품 완료로 자동 전환 (일정 ID: 266) → 완료 철회로 예정 복귀", "stage": "won", "exited": "2025-11-14", "entered": "2025-11-14"}, {"note": "완료 철회 후 납품 예정으로 클로징 (일정 ID: 266)", "stage": "closing", "exited": "2025-11-14", "entered": "2025-11-14"}, {"note": "납품 완료로 자동 수주 (일정 ID: 266)", "stage": "won", "exited": "2025-11-14", "entered": "2025-11-14"}, {"note": "납품 완료로 자동 전환 (일정 ID: 266) → 완료 철회로 예정 복귀", "stage": "won", "exited": "2025-11-14", "entered": "2025-11-14"}, {"note": "완료 철회 후 납품 예정으로 클로징 (일정 ID: 266)", "stage": "closing", "exited": null, "entered": "2025-11-24"}]	0	0	\N	\N	\N	\N	\N	2025-11-16 07:19:34.990775+00	156	2293060	납품 - 11/14	2025-11-13 23:17:40.72662+00
127	won	2025-11-14	323681	323681	100	2025-11-13	[{"note": "일정 생성으로 자동 생성 (일정 ID: 412)", "stage": "won", "exited": null, "entered": "2025-11-14"}]	0	0	\N	\N	\N	\N	323681	2025-11-14 02:33:59.041778+00	291	0	납품 - 11/13	2025-11-14 01:54:34.40487+00
\.


--
-- Data for Name: reporting_personalschedule; Type: TABLE DATA; Schema: public; Owner: postgres
--

COPY public.reporting_personalschedule (id, title, content, schedule_date, schedule_time, created_at, updated_at, company_id, user_id) FROM stdin;
1	한국독성학회	1. 박태원 : 200uL 팁 샘플 받고 싶어하심\r\n2. 김송연 : 피펫 2세트 구매예정임 --> 견적을 유도하는 메일 보내보기\r\n3. 안승현 : 멀티채널 8채널 200짜리 견적드리면서 어떤볼륨인지 물어보기\r\n4. 김은혜 : 팁, 피펫 세트로 구매예정  신생랩이며 싼 피펫을 원하심 견적을 유도하는 메일 보내보기\r\n5. 송희호 : 카탈로그 보내주기\r\n6. 박주연 : 카탈로그 보내주기 피펫을 20년된 것을 사용중이어서 바꿀 필요성을 느끼고 계신다고 함	2025-11-17	12:00:00	2025-11-17 07:46:35.953275+00	2025-11-17 07:46:35.953287+00	1	3
2	한국독성학회	1. 박태원 : 200uL 팁 샘플 받고 싶어하심\r\n2. 김송연 : 피펫 2세트 구매예정임 --> 견적을 유도하는 메일 보내보기\r\n3. 안승현 : 멀티채널 8채널 200짜리 견적드리면서 어떤볼륨인지 물어보기\r\n4. 김은혜 : 팁, 피펫 세트로 구매예정  신생랩이며 싼 피펫을 원하심 견적을 유도하는 메일 보내보기\r\n5. 송희호 : 카탈로그 보내주기\r\n6. 박주연 : 카탈로그 보내주기 피펫을 20년된 것을 사용중이어서 바꿀 필요성을 느끼고 계신다고 함	2025-11-17	12:00:00	2025-11-17 07:46:36.824917+00	2025-11-17 07:46:36.824927+00	1	3
\.


--
-- Data for Name: reporting_prepayment; Type: TABLE DATA; Schema: public; Owner: postgres
--

COPY public.reporting_prepayment (id, amount, balance, payment_date, payment_method, payer_name, memo, status, created_at, cancelled_at, cancel_reason, company_id, created_by_id, customer_id) FROM stdin;
1	2953588	2953588	2025-10-23	card	한은영		active	2025-10-31 07:55:58.685798+00	\N		49	3	156
2	2987375	2987375	2025-10-24	card	한은영		active	2025-10-31 07:56:45.06778+00	\N		49	3	156
3	2977920	2977920	2025-10-28	card	한은영		active	2025-10-31 07:57:20.861068+00	\N		49	3	156
4	2970000	2970000	2025-10-29	card	한은영		active	2025-10-31 07:57:45.838538+00	\N		49	3	156
5	2984300	2984300	2025-10-30	card	한은영		active	2025-10-31 07:58:25.834649+00	\N		49	3	156
6	2923800	2923800	2025-10-31	card	한은영		active	2025-10-31 07:58:47.130249+00	\N		49	3	156
7	2895200	2895200	2025-11-04	card	한은영		active	2025-11-04 01:28:19.213703+00	\N		49	3	156
8	2700000	2700000	2023-11-02	card	한은영		active	2025-11-04 01:29:14.482409+00	\N		49	3	156
\.


--
-- Data for Name: reporting_prepaymentusage; Type: TABLE DATA; Schema: public; Owner: postgres
--

COPY public.reporting_prepaymentusage (id, product_name, quantity, amount, remaining_balance, used_at, memo, prepayment_id, schedule_id, schedule_item_id) FROM stdin;
\.


--
-- Data for Name: reporting_product; Type: TABLE DATA; Schema: public; Owner: postgres
--

COPY public.reporting_product (id, product_code, standard_price, is_promo, promo_price, promo_start, promo_end, is_active, description, specifications, total_quoted, total_sold, created_at, updated_at) FROM stdin;
1	1260-00	14400	f	\N	\N	\N	t	1260-00	{}	0	0	2025-11-10 03:07:50.650408+00	2025-11-10 03:07:50.650432+00
2	3070.0200PRS (5/7)	90950	f	\N	\N	\N	t	3070.0200PRS (5/7)	{}	0	0	2025-11-10 03:07:50.663808+00	2025-11-10 03:07:50.663822+00
3	3070.0200T	344541	f	\N	\N	\N	t	3070.0200T	{}	0	0	2025-11-10 03:07:50.670204+00	2025-11-10 03:07:50.670219+00
4	3070.0210ER	0	f	\N	\N	\N	t	3070.0210ER	{}	0	0	2025-11-10 03:07:50.67851+00	2025-11-10 03:07:50.678523+00
5	3070.1000T	38304	f	\N	\N	\N	t	3070.1000T	{}	0	0	2025-11-10 03:07:50.683816+00	2025-11-10 03:07:50.683827+00
6	3090.0010T	503588	f	\N	\N	\N	t	3090.0010T	{}	0	0	2025-11-10 03:07:50.689228+00	2025-11-10 03:07:50.68924+00
7	3123000225	36970	f	\N	\N	\N	t	3123000225	{}	0	0	2025-11-10 03:07:50.697245+00	2025-11-10 03:07:50.697256+00
8	3123000233	36970	f	\N	\N	\N	t	3123000233	{}	0	0	2025-11-10 03:07:50.702888+00	2025-11-10 03:07:50.702898+00
9	3123000241	36970	f	\N	\N	\N	t	3123000241	{}	0	0	2025-11-10 03:07:50.708602+00	2025-11-10 03:07:50.708615+00
10	3123000250	36970	f	\N	\N	\N	t	3123000250	{}	0	0	2025-11-10 03:07:50.713976+00	2025-11-10 03:07:50.713985+00
11	3123000268	36970	f	\N	\N	\N	t	3123000268	{}	0	0	2025-11-10 03:07:50.719067+00	2025-11-10 03:07:50.719078+00
12	4135N00	41345	f	\N	\N	\N	t	4135N00	{}	0	0	2025-11-10 03:07:50.723517+00	2025-11-10 03:07:50.723528+00
13	4135N00 (1/21)	46580	f	\N	\N	\N	t	4135N00 (1/21)	{}	0	0	2025-11-10 03:07:50.731353+00	2025-11-10 03:07:50.731363+00
14	4135N00 (3/13)	46580	f	\N	\N	\N	t	4135N00 (3/13)	{}	0	0	2025-11-10 03:07:50.736676+00	2025-11-10 03:07:50.736687+00
15	4135N00 (4/30)	46580	f	\N	\N	\N	t	4135N00 (4/30)	{}	0	0	2025-11-10 03:07:50.750356+00	2025-11-10 03:07:50.750372+00
16	4135N00 (5/7)	46580	f	\N	\N	\N	t	4135N00 (5/7)	{}	0	0	2025-11-10 03:07:50.755923+00	2025-11-10 03:07:50.755938+00
17	4136NS0	58160	f	\N	\N	\N	t	4136NS0	{}	0	0	2025-11-10 03:07:50.761462+00	2025-11-10 03:07:50.761474+00
18	4235N00	36080	f	\N	\N	\N	t	4235N00	{}	0	0	2025-11-10 03:07:50.767675+00	2025-11-10 03:07:50.767684+00
19	4235N00  (4/30)	38335	f	\N	\N	\N	t	4235N00  (4/30)	{}	0	0	2025-11-10 03:07:50.773546+00	2025-11-10 03:07:50.773557+00
20	4235N00 (1/21)	38335	f	\N	\N	\N	t	4235N00 (1/21)	{}	0	0	2025-11-10 03:07:50.778551+00	2025-11-10 03:07:50.778562+00
21	4235N00 (3/13	38335	f	\N	\N	\N	t	4235N00 (3/13	{}	0	0	2025-11-10 03:07:50.783861+00	2025-11-10 03:07:50.783873+00
22	4235N00 (7/2)	38335	f	\N	\N	\N	t	4235N00 (7/2)	{}	0	0	2025-11-10 03:07:50.789102+00	2025-11-10 03:07:50.789115+00
23	4236NS0	60792	f	\N	\N	\N	t	4236NS0	{}	0	0	2025-11-10 03:07:50.794389+00	2025-11-10 03:07:50.7944+00
24	4345N00	46720	f	\N	\N	\N	t	4345N00	{}	0	0	2025-11-10 03:07:50.801081+00	2025-11-10 03:07:50.801092+00
25	4345N00 (2/27)	49640	f	\N	\N	\N	t	4345N00 (2/27)	{}	0	0	2025-11-10 03:07:50.806066+00	2025-11-10 03:07:50.806078+00
26	4345N00 (4/30)	49640	f	\N	\N	\N	t	4345N00 (4/30)	{}	0	0	2025-11-10 03:07:50.811481+00	2025-11-10 03:07:50.811493+00
27	4346NS0	59350	f	\N	\N	\N	t	4346NS0	{}	0	0	2025-11-10 03:07:50.818096+00	2025-11-10 03:07:50.818107+00
29	447.100E	408000	f	\N	\N	\N	t	447.100E	{}	0	0	2025-11-10 03:07:50.83005+00	2025-11-10 03:07:50.830059+00
30	447.100E (2/17)	38850	f	\N	\N	\N	t	447.100E (2/17)	{}	0	0	2025-11-10 03:07:50.836845+00	2025-11-10 03:07:50.836856+00
32	5182-0575	18000	f	\N	\N	\N	t	5182-0575	{}	0	0	2025-11-10 03:07:50.849259+00	2025-11-10 03:07:50.849275+00
33	520.002	468800	f	\N	\N	\N	t	520.002	{}	0	0	2025-11-10 03:07:50.856174+00	2025-11-10 03:07:50.856189+00
34	525.002.5FC	559600	f	\N	\N	\N	t	525.002.5FC	{}	0	0	2025-11-10 03:07:50.861607+00	2025-11-10 03:07:50.861618+00
38	5630-T4	78400	f	\N	\N	\N	t	5630-T4	{}	0	0	2025-11-10 03:07:50.881776+00	2025-11-10 03:07:50.881787+00
39	5630-T6	98000	f	\N	\N	\N	t	5630-T6	{}	0	0	2025-11-10 03:07:50.889997+00	2025-11-10 03:07:50.890008+00
40	5640-T4	88000	f	\N	\N	\N	t	5640-T4	{}	0	0	2025-11-10 03:07:50.895551+00	2025-11-10 03:07:50.895564+00
41	825.0010	351500	f	\N	\N	\N	t	825.0010	{}	0	0	2025-11-10 03:07:50.901423+00	2025-11-10 03:07:50.901432+00
42	825.0050	340500	f	\N	\N	\N	t	825.0050	{}	0	0	2025-11-10 03:07:50.90873+00	2025-11-10 03:07:50.908742+00
43	825.0100 (1/21)	294000	f	\N	\N	\N	t	825.0100 (1/21)	{}	0	0	2025-11-10 03:07:50.916573+00	2025-11-10 03:07:50.916593+00
44	825.0200	330250	f	\N	\N	\N	t	825.0200	{}	0	0	2025-11-10 03:07:50.921822+00	2025-11-10 03:07:50.921835+00
45	825.1000	330250	f	\N	\N	\N	t	825.1000	{}	0	0	2025-11-10 03:07:50.930566+00	2025-11-10 03:07:50.930583+00
46	825.1000 (1/21)	294000	f	\N	\N	\N	t	825.1000 (1/21)	{}	0	0	2025-11-10 03:07:50.94018+00	2025-11-10 03:07:50.94019+00
47	826.0002	375900	f	\N	\N	\N	t	826.0002	{}	0	0	2025-11-10 03:07:50.946263+00	2025-11-10 03:07:50.946275+00
48	826.0010	375900	f	\N	\N	\N	t	826.0010	{}	0	0	2025-11-10 03:07:50.952372+00	2025-11-10 03:07:50.952383+00
49	826.0200	350000	f	\N	\N	\N	t	826.0200	{}	0	0	2025-11-10 03:07:50.959872+00	2025-11-10 03:07:50.959885+00
50	826.1000	350000	f	\N	\N	\N	t	826.1000	{}	0	0	2025-11-10 03:07:50.965689+00	2025-11-10 03:07:50.9657+00
51	835.05	350000	f	\N	\N	\N	t	835.05	{}	0	0	2025-11-10 03:07:50.971717+00	2025-11-10 03:07:50.971726+00
52	835.10	330000	f	\N	\N	\N	t	835.10	{}	0	0	2025-11-10 03:07:50.978609+00	2025-11-10 03:07:50.978621+00
53	855.08.100	990000	f	\N	\N	\N	t	855.08.100	{}	0	0	2025-11-10 03:07:50.984921+00	2025-11-10 03:07:50.984936+00
54	855.08.200	890000	f	\N	\N	\N	t	855.08.200	{}	0	0	2025-11-10 03:07:50.990262+00	2025-11-10 03:07:50.990271+00
55	855.08.350	890000	f	\N	\N	\N	t	855.08.350	{}	0	0	2025-11-10 03:07:50.995624+00	2025-11-10 03:07:50.995634+00
56	Countess 3	5542000	f	\N	\N	\N	t	Countess 3	{}	0	0	2025-11-10 03:07:51.001442+00	2025-11-10 03:07:51.001462+00
57	GYGAS-c15(c50)	39300	f	\N	\N	\N	t	GYGAS-c15(c50)	{}	0	0	2025-11-10 03:07:51.008028+00	2025-11-10 03:07:51.008045+00
58	GYGFR-M-c50-8	2457300	f	\N	\N	\N	t	GYGFR-M-c50-8	{}	0	0	2025-11-10 03:07:51.01497+00	2025-11-10 03:07:51.014988+00
59	GYGREB-M-m2.0-24	930200	f	\N	\N	\N	t	GYGREB-M-m2.0-24	{}	0	0	2025-11-10 03:07:51.023758+00	2025-11-10 03:07:51.023775+00
60	GYLZ-1848R	5382100	f	\N	\N	\N	t	GYLZ-1848R	{}	0	0	2025-11-10 03:07:51.030609+00	2025-11-10 03:07:51.030629+00
61	NiMH Rechargeable batteries, AAA, 1.2V	15000	f	\N	\N	\N	t	NiMH Rechargeable batteries, AAA, 1.2V	{}	0	0	2025-11-10 03:07:51.037778+00	2025-11-10 03:07:51.037802+00
62	P4345N00	46720	f	\N	\N	\N	t	P4345N00	{}	0	0	2025-11-10 03:07:51.043788+00	2025-11-10 03:07:51.043803+00
63	PIPETMAN P10	360000	f	\N	\N	\N	t	PIPETMAN P10	{}	0	0	2025-11-10 03:07:51.051199+00	2025-11-10 03:07:51.051217+00
64	PIPETMAN P1000	360000	f	\N	\N	\N	t	PIPETMAN P1000	{}	0	0	2025-11-10 03:07:51.057666+00	2025-11-10 03:07:51.057683+00
65	PIPETMAN P200	360000	f	\N	\N	\N	t	PIPETMAN P200	{}	0	0	2025-11-10 03:07:51.06438+00	2025-11-10 03:07:51.064395+00
66	Spare battery, NiMH, 1.2V, rechargeable	30897	f	\N	\N	\N	t	Spare battery, NiMH, 1.2V, rechargeable	{}	0	0	2025-11-10 03:07:51.070571+00	2025-11-10 03:07:51.070585+00
67	검교정 12CH	45000	f	\N	\N	\N	t	검교정 12CH	{}	0	0	2025-11-10 03:07:51.076427+00	2025-11-10 03:07:51.076441+00
68	검교정 8CH	30000	f	\N	\N	\N	t	검교정 8CH	{}	0	0	2025-11-10 03:07:51.082075+00	2025-11-10 03:07:51.082091+00
69	검교정 싱글	15000	f	\N	\N	\N	t	검교정 싱글	{}	0	0	2025-11-10 03:07:51.088251+00	2025-11-10 03:07:51.088266+00
71	socorex_calibration	15000	f	\N	\N	\N	t	싱글 : 15000\r\n8ch : 30000\r\n12ch : 45000	{}	0	0	2025-11-12 00:41:19.000001+00	2025-11-12 00:41:19.000022+00
37	5610-43	143000	f	\N	\N	\N	t	5610-43	{}	0	0	2025-11-10 03:07:50.876852+00	2025-11-10 03:07:50.876863+00
28	447.100	480000	f	\N	\N	\N	t	447.100	{}	0	2	2025-11-10 03:07:50.824905+00	2025-11-10 03:07:50.824915+00
36	5580-01	60000	f	\N	\N	\N	t	5580-01	{}	0	0	2025-11-10 03:07:50.871715+00	2025-11-10 03:07:50.871728+00
31	511.707	18200	f	\N	\N	\N	t	511.707	{}	0	0	2025-11-10 03:07:50.843609+00	2025-11-10 03:07:50.843624+00
73	SO825.0020	454000	f	\N	\N	\N	t	Acura® manual 825 adjustable micropipette 2 - 20 μL, autoclavable [200 μL]	{}	0	0	2025-11-16 07:27:13.926225+00	2025-11-16 07:27:13.926242+00
72	SO826.1000	503000	f	\N	\N	\N	t	\N	{}	0	0	2025-11-14 00:59:34.126013+00	2025-11-14 00:59:34.126026+00
35	5570-02	60000	f	\N	\N	\N	t	5570-02	{}	0	0	2025-11-10 03:07:50.866519+00	2025-11-10 03:07:50.866528+00
74	SO855.08.010	1288000	f	\N	\N	\N	t	Acura® manual 855 adj. 8-channel pipette 0.5 - 10 µl, autoclavable	{}	0	0	2025-11-16 07:30:10.02075+00	2025-11-16 07:30:10.020775+00
75	P4136N00	63700	f	\N	\N	\N	t	RPT-10XLNS, 10 µL XL Low Retention Paradigm Tips, Racked, Non-Sterile, 10 x 96 / pk	{}	0	0	2025-11-16 07:31:22.398692+00	2025-11-16 07:31:22.398726+00
76	P4236N00	66500	f	\N	\N	\N	t	RPT-250NS, 200 µL Low Retention Paradigm Tips, Racked, Non-Sterile, 10 x 96 / pk	{}	0	0	2025-11-16 07:32:06.329118+00	2025-11-16 07:32:06.329131+00
77	5640-T6	110000	f	\N	\N	\N	t	IsoFreeze PCR Tube Rack,96 x 0.1 mL, 0.2\r\nmL and strip tubes, 96 plate, Green to\r\nYellow,2 / pk [96 x 0.1 and 0.2 mL tubes\r\nand strip tbes; plates up to 96 - well]	{}	0	0	2025-11-16 07:49:49.603208+00	2025-11-16 07:49:49.603222+00
\.


--
-- Data for Name: reporting_quote; Type: TABLE DATA; Schema: public; Owner: postgres
--

COPY public.reporting_quote (id, quote_number, quote_date, valid_until, stage, subtotal, discount_rate, discount_amount, tax_amount, total_amount, probability, expected_close_date, weighted_revenue, converted_to_delivery, notes, customer_feedback, created_at, updated_at, converted_history_id, followup_id, schedule_id, user_id) FROM stdin;
\.


--
-- Data for Name: reporting_quoteitem; Type: TABLE DATA; Schema: public; Owner: postgres
--

COPY public.reporting_quoteitem (id, quantity, unit_price, discount_rate, subtotal, description, "order", product_id, quote_id) FROM stdin;
\.


--
-- Data for Name: reporting_schedule; Type: TABLE DATA; Schema: public; Owner: postgres
--

COPY public.reporting_schedule (id, visit_date, visit_time, location, status, notes, created_at, updated_at, followup_id, user_id, activity_type, company_id, expected_close_date, expected_revenue, opportunity_id, probability, purchase_confirmed, prepayment_id, prepayment_amount, use_prepayment) FROM stdin;
174	2025-08-18	14:00:00	\N	completed	2차 서비스	2025-08-16 22:57:43.496952+00	2025-08-23 03:08:47.890153+00	142	3	service	\N	\N	\N	\N	\N	f	\N	\N	f
178	2025-08-22	15:00:00	\N	completed		2025-08-23 07:15:25.930841+00	2025-08-23 07:15:25.93086+00	119	3	customer_meeting	\N	\N	\N	\N	\N	f	\N	\N	f
8	2025-06-23	14:00:00	고려대학교	completed	서비스 건	2025-06-20 07:56:47.891614+00	2025-07-27 08:37:53.534377+00	7	3	service	\N	\N	\N	\N	\N	f	\N	\N	f
186	2025-08-19	15:47:00	\N	completed		2025-08-23 13:46:36.698607+00	2025-08-23 13:46:36.698622+00	41	2	customer_meeting	\N	\N	\N	\N	\N	f	\N	\N	f
7	2025-06-26	14:00:00	LG화학 오송공장 백신원제팀	completed	서비스 건	2025-06-20 07:54:07.852947+00	2025-07-27 08:38:23.540254+00	8	3	service	\N	\N	\N	\N	\N	f	\N	\N	f
190	2025-08-21	16:42:00	\N	completed		2025-08-23 14:42:32.842686+00	2025-08-23 14:42:32.842702+00	174	2	customer_meeting	\N	\N	\N	\N	\N	f	\N	\N	f
194	2025-08-22	15:16:00	\N	completed		2025-08-23 14:54:45.156101+00	2025-08-23 14:54:45.156119+00	41	2	customer_meeting	\N	\N	\N	\N	\N	f	\N	\N	f
3	2025-06-11	12:00:00	(주)원메디칼	completed	납품 서포트 일정	2025-06-19 08:15:25.062715+00	2025-08-23 19:57:40.774052+00	5	3	customer_meeting	\N	\N	\N	\N	\N	f	\N	\N	f
198	2025-08-29	15:00:00	\N	completed	전북대학교	2025-08-29 21:56:00.988613+00	2025-08-29 21:56:00.988634+00	30	3	service	\N	\N	\N	\N	\N	f	\N	\N	f
204	2025-08-27	11:26:00	\N	completed		2025-09-01 00:26:35.718008+00	2025-09-01 00:26:35.718023+00	180	2	customer_meeting	\N	\N	\N	\N	\N	f	\N	\N	f
207	2025-09-02	09:28:00	\N	completed		2025-09-01 00:28:46.654782+00	2025-09-07 04:28:24.682207+00	150	2	customer_meeting	\N	\N	\N	\N	\N	f	\N	\N	f
213	2025-09-03	14:31:00	\N	completed		2025-09-07 04:31:20.07256+00	2025-09-07 04:31:20.072575+00	13	2	service	\N	\N	\N	\N	\N	f	\N	\N	f
216	2025-09-05	15:43:00	\N	completed		2025-09-07 05:42:12.153772+00	2025-09-07 05:42:12.153786+00	181	2	customer_meeting	\N	\N	\N	\N	\N	f	\N	\N	f
182	2025-08-28	09:00:00	순천향대학교	completed	Socorex Pipette 68 자루	2025-08-23 07:28:34.367186+00	2025-09-07 23:00:46.945411+00	4	3	service	\N	\N	\N	\N	\N	f	\N	\N	f
224	2025-09-02	14:00:00	\N	completed		2025-09-07 23:17:24.944524+00	2025-09-07 23:17:24.944539+00	185	3	customer_meeting	\N	\N	\N	\N	\N	f	\N	\N	f
227	2025-09-02	15:30:00	\N	completed		2025-09-07 23:19:03.134712+00	2025-09-07 23:19:03.134727+00	189	3	customer_meeting	\N	\N	\N	\N	\N	f	\N	\N	f
230	2025-09-02	17:00:00	\N	completed		2025-09-07 23:20:17.185425+00	2025-09-07 23:20:17.185438+00	192	3	customer_meeting	\N	\N	\N	\N	\N	f	\N	\N	f
233	2025-09-02	17:35:00	\N	completed		2025-09-07 23:21:31.191511+00	2025-09-07 23:21:31.191525+00	67	3	customer_meeting	\N	\N	\N	\N	\N	f	\N	\N	f
222	2025-09-04	15:00:00	이모코그	completed	전자피펫	2025-09-07 23:08:15.326908+00	2025-09-09 08:58:58.972593+00	46	3	service	\N	\N	\N	\N	\N	f	\N	\N	f
235	2025-09-10	14:11:00	\N	completed		2025-09-08 00:11:33.648746+00	2025-09-13 08:13:02.443319+00	154	2	customer_meeting	\N	\N	\N	\N	\N	f	\N	\N	f
39	2025-07-02	14:00:00	\N	completed		2025-07-07 00:41:46.914108+00	2025-07-27 08:42:32.236323+00	43	3	service	\N	\N	\N	\N	\N	f	\N	\N	f
45	2025-07-04	17:00:00	\N	completed		2025-07-07 01:13:46.722084+00	2025-07-27 08:43:49.299069+00	47	3	service	\N	\N	\N	\N	\N	f	\N	\N	f
44	2025-07-07	09:00:00	엔코아그린웍스	completed	Acura 825 3자루 서비스	2025-07-07 00:49:03.598192+00	2025-07-27 08:44:13.925924+00	45	3	service	\N	\N	\N	\N	\N	f	\N	\N	f
43	2025-07-04	17:00:00	서울대학교	completed	Acura 956 전자피펫 서비스	2025-07-07 00:48:27.021036+00	2025-07-27 08:44:00.586138+00	46	3	service	\N	\N	\N	\N	\N	f	\N	\N	f
41	2025-07-03	17:00:00	인바이러스테크	completed	Acura 825 7자루 서비스	2025-07-07 00:46:08.899414+00	2025-07-27 08:43:07.368654+00	44	3	service	\N	\N	\N	\N	\N	f	\N	\N	f
46	2025-07-10	14:00:00	\N	completed	KOLAS 건	2025-07-13 08:55:04.069228+00	2025-07-27 08:44:35.437808+00	48	3	service	\N	\N	\N	\N	\N	f	\N	\N	f
62	2025-07-11	17:00:00	대한보건환경연구원	completed	서비스 완료	2025-07-15 08:16:34.600126+00	2025-07-27 08:45:15.940395+00	31	3	service	\N	\N	\N	\N	\N	f	\N	\N	f
25	2025-06-30	14:00:00	단국대학교 하정헌 교수님 랩	completed	825.0200 회수	2025-06-30 00:36:56.018047+00	2025-07-27 08:40:00.801887+00	4	3	service	\N	\N	\N	\N	\N	f	\N	\N	f
26	2025-06-30	14:00:00	카이스트 김범준교수님 연구실	completed	825.0200 한자루 (예정)	2025-06-30 00:42:22.805767+00	2025-07-27 08:40:12.41703+00	28	3	service	\N	\N	\N	\N	\N	f	\N	\N	f
27	2025-06-30	14:00:00	\N	completed	825 피펫 한 자루 서비스	2025-06-30 00:44:56.666855+00	2025-07-27 08:40:24.45294+00	30	3	service	\N	\N	\N	\N	\N	f	\N	\N	f
28	2025-07-02	14:00:00	\N	completed	서비스 건	2025-06-30 00:48:19.142917+00	2025-07-27 08:42:18.22643+00	31	3	service	\N	\N	\N	\N	\N	f	\N	\N	f
250	2025-09-11	16:03:00	\N	completed		2025-09-13 13:03:04.499329+00	2025-09-13 13:03:04.499345+00	148	2	customer_meeting	\N	\N	\N	\N	\N	f	\N	\N	f
11	2025-06-30	14:00:00	\N	completed	서비스 건	2025-06-20 08:35:48.664697+00	2025-07-27 08:39:40.9641+00	10	3	service	\N	\N	\N	\N	\N	f	\N	\N	f
252	2025-09-10	13:08:00	\N	completed		2025-09-13 13:07:55.719315+00	2025-09-13 13:07:55.719335+00	203	2	customer_meeting	\N	\N	\N	\N	\N	f	\N	\N	f
253	2025-09-10	15:23:00	\N	completed		2025-09-13 13:22:56.213146+00	2025-09-13 13:22:56.213163+00	208	2	customer_meeting	\N	\N	\N	\N	\N	f	\N	\N	f
255	2025-09-10	16:24:00	\N	completed		2025-09-13 13:24:14.293929+00	2025-09-13 13:24:14.293946+00	205	2	customer_meeting	\N	\N	\N	\N	\N	f	\N	\N	f
256	2025-09-09	13:26:00	\N	completed		2025-09-13 13:25:22.83236+00	2025-09-13 13:25:22.832377+00	16	2	customer_meeting	\N	\N	\N	\N	\N	f	\N	\N	f
408	2025-11-07	10:39:00	\N	completed		2025-11-14 00:39:26.701112+00	2025-11-14 00:39:26.71111+00	290	3	customer_meeting	\N	\N	1600000	123	50	f	\N	\N	f
246	2025-09-12	16:00:00	\N	completed	박근민 부장 - 전남대 박상익교수 피펫	2025-09-12 09:01:19.674833+00	2025-09-21 04:56:13.287393+00	6	3	service	\N	\N	\N	\N	\N	f	\N	\N	f
219	2025-09-05	15:00:00	\N	completed		2025-09-07 23:06:04.235289+00	2025-09-21 04:56:44.840729+00	197	3	service	\N	\N	\N	\N	\N	f	\N	\N	f
63	2025-07-10	14:00:00	랩가이드	completed	랩가이드로 수리 보냄	2025-07-15 08:17:58.440977+00	2025-07-27 08:44:51.175884+00	47	3	service	\N	\N	\N	\N	\N	f	\N	\N	f
47	2025-07-10	14:00:00	대건과학	completed	대건과학상사를 통해 들어온 서비스 건	2025-07-13 08:55:55.223752+00	2025-07-27 08:45:04.954224+00	49	3	service	\N	\N	\N	\N	\N	f	\N	\N	f
66	2025-07-15	17:00:00	엔코아그린웍스	completed	서비스 완료	2025-07-15 09:16:28.008052+00	2025-07-27 08:51:55.741669+00	45	3	service	\N	\N	\N	\N	\N	f	\N	\N	f
409	2025-11-07	11:44:00	\N	completed		2025-11-14 00:44:59.352356+00	2025-11-14 00:44:59.364049+00	289	3	customer_meeting	\N	\N	70000	124	50	f	\N	\N	f
10	2025-06-16	14:00:00	바이오에너지 소득식량작물연구소	completed	서비스 건	2025-06-20 08:00:58.422245+00	2025-07-27 08:37:05.644086+00	6	3	service	\N	\N	\N	\N	\N	f	\N	\N	f
9	2025-06-23	14:00:00	농림축산검역본부	completed	서비스 건 (강석진 박사)	2025-06-20 07:59:33.214023+00	2025-07-27 08:37:33.648502+00	9	3	service	\N	\N	\N	\N	\N	f	\N	\N	f
40	2025-07-03	17:00:00	한국과학기술원 이진우 교수님 랩	completed	Acura 825.0200 서비스 건	2025-07-07 00:45:14.97291+00	2025-07-27 08:42:50.99485+00	28	3	service	\N	\N	\N	\N	\N	f	\N	\N	f
68	2025-07-14	15:00:00	대건과학상사	completed	피펫 서비스 완료	2025-07-16 03:13:01.693871+00	2025-07-27 08:45:35.128967+00	49	3	service	\N	\N	\N	\N	\N	f	\N	\N	f
64	2025-07-15	13:00:00	소야그린텍	completed	랩가이드로부터 수리 피펫 수령함	2025-07-15 08:22:07.229385+00	2025-07-27 08:49:52.617852+00	47	3	service	\N	\N	\N	\N	\N	f	\N	\N	f
65	2025-07-16	14:00:00	삼덕과학	completed	KOLAS 검교정 (삼덕과학)	2025-07-15 08:22:45.123956+00	2025-07-27 08:53:06.005173+00	48	3	service	\N	\N	\N	\N	\N	f	\N	\N	f
52	2025-07-09	14:24:00	\N	completed		2025-07-13 13:24:17.774014+00	2025-07-13 13:24:17.774031+00	52	2	customer_meeting	\N	\N	\N	\N	\N	f	\N	\N	f
105	2025-07-25	14:59:00	\N	completed		2025-07-27 07:58:11.20714+00	2025-07-27 07:58:11.207157+00	121	2	customer_meeting	\N	\N	\N	\N	\N	f	\N	\N	f
106	2025-07-22	17:08:00	\N	completed		2025-07-27 08:06:19.877233+00	2025-07-27 08:06:19.877251+00	125	2	customer_meeting	\N	\N	\N	\N	\N	f	\N	\N	f
107	2025-07-23	11:18:00	\N	completed		2025-07-27 08:16:53.392+00	2025-07-27 08:16:53.392019+00	132	2	customer_meeting	\N	\N	\N	\N	\N	f	\N	\N	f
237	2025-09-11	10:13:00	\N	completed		2025-09-08 00:13:53.698293+00	2025-11-13 23:17:40.253851+00	169	2	delivery	\N	\N	\N	\N	\N	f	\N	\N	f
416	2025-11-20	09:00:00	\N	scheduled		2025-11-16 07:47:52.303717+00	2025-11-16 07:48:06.681455+00	290	3	delivery	\N	2025-11-20	2708200	123	100	f	\N	\N	f
175	2025-08-13	03:37:00	\N	completed		2025-08-18 01:00:15.557745+00	2025-08-18 01:00:15.557763+00	170	2	customer_meeting	\N	\N	\N	\N	\N	f	\N	\N	f
73	2025-07-15	01:38:00	\N	completed		2025-07-19 23:33:44.644733+00	2025-07-19 23:33:44.644751+00	65	2	customer_meeting	\N	\N	\N	\N	\N	f	\N	\N	f
179	2025-08-22	15:30:00	\N	completed		2025-08-23 07:15:51.373467+00	2025-08-23 07:15:51.373481+00	76	3	customer_meeting	\N	\N	\N	\N	\N	f	\N	\N	f
97	2025-07-23	16:00:00	\N	completed	전자피펫 956.12.350 긴급 서비스 요청	2025-07-22 06:30:42.221385+00	2025-07-27 09:47:36.250734+00	81	3	service	\N	\N	\N	\N	\N	f	\N	\N	f
187	2025-08-19	15:48:00	\N	completed		2025-08-23 13:46:56.545695+00	2025-08-23 13:46:56.545711+00	18	2	customer_meeting	\N	\N	\N	\N	\N	f	\N	\N	f
191	2025-08-22	10:00:00	\N	completed		2025-08-23 14:49:16.63488+00	2025-08-23 14:54:14.13906+00	175	2	customer_meeting	\N	\N	\N	\N	\N	f	\N	\N	f
195	2025-08-18	16:56:00	\N	completed		2025-08-24 06:55:31.150226+00	2025-08-24 06:55:31.150247+00	15	2	customer_meeting	\N	\N	\N	\N	\N	f	\N	\N	f
183	2025-08-27	09:00:00	서울대학교 38동 글로벌공학관 5층	completed	서울대학교 심포지엄	2025-08-23 07:29:43.829266+00	2025-08-29 21:50:30.967998+00	119	3	customer_meeting	\N	\N	\N	\N	\N	f	\N	\N	f
74	2025-07-16	09:51:00	\N	completed		2025-07-19 23:51:31.155511+00	2025-07-19 23:51:31.155529+00	13	2	customer_meeting	\N	\N	\N	\N	\N	f	\N	\N	f
108	2025-07-23	15:23:00	\N	completed		2025-07-27 08:23:25.34646+00	2025-07-27 08:23:25.346474+00	133	2	customer_meeting	\N	\N	\N	\N	\N	f	\N	\N	f
69	2025-07-29	14:00:00	LG화학 오송공장 백신원제팀	completed	피펫 11자루 서비스 건	2025-07-16 04:54:18.639035+00	2025-08-15 22:52:36.062708+00	61	3	service	\N	\N	\N	\N	\N	f	\N	\N	f
75	2025-07-17	10:13:00	\N	completed		2025-07-20 01:12:53.425301+00	2025-07-20 01:12:53.425319+00	66	2	customer_meeting	\N	\N	\N	\N	\N	f	\N	\N	f
109	2025-07-23	16:31:00	\N	completed		2025-07-27 08:31:40.493286+00	2025-07-27 08:31:40.493302+00	134	2	customer_meeting	\N	\N	\N	\N	\N	f	\N	\N	f
77	2025-07-18	13:00:00	\N	completed		2025-07-20 07:23:02.441032+00	2025-07-20 07:23:02.44105+00	67	3	customer_meeting	\N	\N	\N	\N	\N	f	\N	\N	f
78	2025-07-18	13:10:00	\N	completed		2025-07-20 07:30:34.014049+00	2025-07-20 07:30:34.014067+00	68	3	customer_meeting	\N	\N	\N	\N	\N	f	\N	\N	f
199	2025-08-29	15:00:00	\N	completed	전남대학교 / 수의학과 / 정복기 / 062-530-2849	2025-08-29 21:56:55.967727+00	2025-08-29 21:57:09.112368+00	6	3	service	\N	\N	\N	\N	\N	f	\N	\N	f
110	2025-07-23	17:42:00	\N	completed		2025-07-27 08:40:37.575767+00	2025-07-27 08:40:37.575786+00	15	2	customer_meeting	\N	\N	\N	\N	\N	f	\N	\N	f
42	2025-07-03	17:00:00	성균관대학교	completed	ErgoONE Pipette 2자루 서비스	2025-07-07 00:47:29.591602+00	2025-07-27 08:43:26.807139+00	46	3	service	\N	\N	\N	\N	\N	f	\N	\N	f
101	2025-07-25	11:05:00	\N	completed		2025-07-27 06:05:49.430825+00	2025-07-27 06:05:49.430841+00	117	2	customer_meeting	\N	\N	\N	\N	\N	f	\N	\N	f
102	2025-07-22	13:03:00	\N	completed		2025-07-27 06:44:13.863299+00	2025-07-27 06:44:13.863316+00	41	2	customer_meeting	\N	\N	\N	\N	\N	f	\N	\N	f
90	2025-07-21	14:00:00	\N	completed	200 갤로딩 팁 샘플 전달	2025-07-20 08:54:18.010631+00	2025-07-27 07:15:57.423869+00	119	3	customer_meeting	\N	\N	\N	\N	\N	f	\N	\N	f
103	2025-07-22	15:40:00	\N	completed		2025-07-27 07:50:55.94137+00	2025-07-27 07:50:55.941385+00	120	2	customer_meeting	\N	\N	\N	\N	\N	f	\N	\N	f
104	2025-07-25	15:54:00	\N	completed		2025-07-27 07:54:51.053791+00	2025-07-27 07:54:51.053805+00	118	2	customer_meeting	\N	\N	\N	\N	\N	f	\N	\N	f
70	2025-07-15	14:00:00	서울대학	completed	최도일 교수님 연구실 / 서예은 / 010-4488-7804 / yeeunee95@snu.ac.kr (전자피펫 수리건)	2025-07-16 05:40:57.339797+00	2025-07-27 08:50:07.548962+00	46	3	service	\N	\N	\N	\N	\N	f	\N	\N	f
96	2025-07-22	11:00:00	\N	completed	Acura 835.05 서비스	2025-07-22 06:15:31.399185+00	2025-07-27 08:53:27.992544+00	80	3	service	\N	\N	\N	\N	\N	f	\N	\N	f
95	2025-07-21	16:00:00	서울대학교	completed	방문 서비스 및 회수	2025-07-21 23:58:27.359515+00	2025-07-27 08:53:48.028759+00	80	3	service	\N	\N	\N	\N	\N	f	\N	\N	f
93	2025-07-22	17:00:00	서울대학교	completed	<서비스>\r\n멀티채널 피펫(전자) 상단컨트롤러 도착, 수리 및 Calibration 진행	2025-07-20 08:59:23.172462+00	2025-07-27 08:54:15.940576+00	46	3	service	\N	\N	\N	\N	\N	f	\N	\N	f
217	2025-09-04	15:35:00	\N	cancelled		2025-09-07 06:35:16.827159+00	2025-09-07 06:35:16.827177+00	182	2	customer_meeting	\N	\N	\N	\N	\N	f	\N	\N	f
111	2025-07-24	16:55:00	\N	completed		2025-07-27 08:55:19.635555+00	2025-07-27 08:55:19.635573+00	136	2	customer_meeting	\N	\N	\N	\N	\N	f	\N	\N	f
79	2025-07-18	13:20:00	\N	completed		2025-07-20 07:35:51.394362+00	2025-07-27 09:10:34.120565+00	69	3	customer_meeting	\N	\N	\N	\N	\N	f	\N	\N	f
76	2025-07-18	10:20:00	\N	completed		2025-07-20 01:19:49.295198+00	2025-07-27 09:13:06.205567+00	64	2	customer_meeting	\N	\N	\N	\N	\N	f	\N	\N	f
14	2025-06-23	15:30:00	작물생화학 실험실	completed		2025-06-29 08:06:15.246769+00	2025-06-29 08:13:42.378004+00	12	2	customer_meeting	\N	\N	\N	\N	\N	f	\N	\N	f
33	2025-07-03	14:13:00	\N	completed		2025-07-05 06:24:54.476085+00	2025-07-05 06:24:54.476107+00	11	2	customer_meeting	\N	\N	\N	\N	\N	f	\N	\N	f
12	2025-06-20	14:00:00	감염 및 염증질환 연구실	completed		2025-06-29 07:38:47.012989+00	2025-06-29 08:14:54.384261+00	11	2	customer_meeting	\N	\N	\N	\N	\N	f	\N	\N	f
13	2025-06-23	14:00:00	\N	completed		2025-06-29 07:58:30.384514+00	2025-06-29 08:16:24.122593+00	11	2	customer_meeting	\N	\N	\N	\N	\N	f	\N	\N	f
15	2025-06-23	16:12:00	식품오믹스학 연구실	completed	피펫 - Eppendorf\r\n팁 - Axygen	2025-06-29 08:10:54.441369+00	2025-06-29 08:17:55.180174+00	13	2	customer_meeting	\N	\N	\N	\N	\N	f	\N	\N	f
16	2025-06-25	15:23:00	세포치료 및 생물정보학 연구실	completed		2025-06-29 08:23:58.531098+00	2025-06-29 08:23:58.531121+00	15	2	customer_meeting	\N	\N	\N	\N	\N	f	\N	\N	f
17	2025-06-25	15:24:00	예방약학 연구실	completed		2025-06-29 08:24:28.453502+00	2025-06-29 08:24:28.453519+00	14	2	customer_meeting	\N	\N	\N	\N	\N	f	\N	\N	f
19	2025-06-23	14:17:00	\N	completed		2025-06-29 08:34:00.048683+00	2025-06-29 08:34:00.048698+00	19	2	customer_meeting	\N	\N	\N	\N	\N	f	\N	\N	f
80	2025-07-18	13:30:00	\N	completed		2025-07-20 07:41:41.003666+00	2025-07-20 07:41:41.003682+00	70	3	customer_meeting	\N	\N	\N	\N	\N	f	\N	\N	f
81	2025-07-18	13:40:00	\N	completed		2025-07-20 08:01:25.058353+00	2025-07-20 08:01:25.058369+00	71	3	customer_meeting	\N	\N	\N	\N	\N	f	\N	\N	f
82	2025-07-18	13:50:00	\N	completed		2025-07-20 08:06:13.349382+00	2025-07-20 08:06:13.349405+00	72	3	customer_meeting	\N	\N	\N	\N	\N	f	\N	\N	f
83	2025-07-18	14:00:00	\N	completed		2025-07-20 08:11:13.057436+00	2025-07-20 08:11:18.658701+00	73	3	customer_meeting	\N	\N	\N	\N	\N	f	\N	\N	f
84	2025-07-18	14:30:00	\N	completed		2025-07-20 08:13:54.195791+00	2025-07-20 08:13:54.195808+00	74	3	customer_meeting	\N	\N	\N	\N	\N	f	\N	\N	f
85	2025-07-18	14:50:00	\N	completed		2025-07-20 08:29:02.077589+00	2025-07-20 08:29:02.077606+00	75	3	customer_meeting	\N	\N	\N	\N	\N	f	\N	\N	f
86	2025-07-18	15:00:00	\N	completed		2025-07-20 08:32:50.296162+00	2025-07-20 08:32:50.296184+00	76	3	customer_meeting	\N	\N	\N	\N	\N	f	\N	\N	f
87	2025-07-18	15:15:00	\N	completed		2025-07-20 08:42:56.865286+00	2025-07-20 08:42:56.865304+00	77	3	customer_meeting	\N	\N	\N	\N	\N	f	\N	\N	f
205	2025-09-01	14:27:00	\N	completed		2025-09-01 00:28:05.517954+00	2025-09-07 04:20:27.606831+00	133	2	customer_meeting	\N	\N	\N	\N	\N	f	\N	\N	f
208	2025-09-02	11:29:00	\N	completed		2025-09-01 00:29:16.563619+00	2025-11-13 23:17:40.11645+00	41	2	delivery	\N	\N	\N	102	\N	f	\N	\N	f
196	2025-09-04	09:00:00	\N	completed	인사이드 동행 영업 일정	2025-08-29 21:51:07.08699+00	2025-09-07 23:11:40.086293+00	4	3	customer_meeting	\N	\N	\N	\N	\N	f	\N	\N	f
220	2025-09-05	15:00:00	\N	completed		2025-09-07 23:06:43.958316+00	2025-09-07 23:12:09.793532+00	196	3	service	\N	\N	\N	\N	\N	f	\N	\N	f
225	2025-09-02	14:30:00	\N	completed		2025-09-07 23:18:01.402742+00	2025-09-07 23:18:01.402761+00	186	3	customer_meeting	\N	\N	\N	\N	\N	f	\N	\N	f
228	2025-09-02	16:00:00	\N	completed		2025-09-07 23:19:22.98623+00	2025-09-07 23:19:22.986245+00	190	3	customer_meeting	\N	\N	\N	\N	\N	f	\N	\N	f
231	2025-09-02	17:10:00	\N	completed		2025-09-07 23:20:39.72829+00	2025-09-07 23:20:39.728306+00	193	3	customer_meeting	\N	\N	\N	\N	\N	f	\N	\N	f
20	2025-06-27	13:10:00	연구동 1동, 3동	completed		2025-06-29 08:36:22.386445+00	2025-06-29 08:36:22.386463+00	21	2	customer_meeting	\N	\N	\N	\N	\N	f	\N	\N	f
21	2025-06-24	11:34:00	\N	completed		2025-06-29 14:35:03.825495+00	2025-06-29 14:35:03.825516+00	25	2	customer_meeting	\N	\N	\N	\N	\N	f	\N	\N	f
24	2025-06-24	15:36:00	\N	completed		2025-06-29 14:36:59.58173+00	2025-06-29 14:36:59.581745+00	24	2	customer_meeting	\N	\N	\N	\N	\N	f	\N	\N	f
23	2025-06-24	13:36:00	\N	completed		2025-06-29 14:36:34.716463+00	2025-06-29 14:37:19.546985+00	23	2	customer_meeting	\N	\N	\N	\N	\N	f	\N	\N	f
22	2025-06-24	12:35:00	\N	completed		2025-06-29 14:35:40.374092+00	2025-06-30 00:44:34.567274+00	22	2	customer_meeting	\N	\N	\N	\N	\N	f	\N	\N	f
31	2025-07-01	14:00:00	유한양행 중앙연구소	completed	1. SRPT-250NS, 12 CS 납품 (2개월 정도사용)\r\n2. Empty rack (200μL) 회수\r\n3. 1000팁은 팁원 사용중 재고가 아직 많고 주로 200팁만 사용	2025-07-02 08:22:13.309567+00	2025-07-02 08:22:13.309583+00	38	2	customer_meeting	\N	\N	\N	\N	\N	f	\N	\N	f
35	2025-07-04	15:01:00	200동 1053호	completed		2025-07-05 07:00:51.279887+00	2025-07-05 07:00:51.279903+00	41	2	customer_meeting	\N	\N	\N	\N	\N	f	\N	\N	f
37	2025-07-04	16:26:00	\N	completed		2025-07-05 07:26:01.810261+00	2025-07-05 07:26:01.810275+00	17	2	customer_meeting	\N	\N	\N	\N	\N	f	\N	\N	f
4	2025-06-26	17:00:00	분당	completed	2 ~ 3 일 전 미리 연락드리기	2025-06-19 08:16:47.321085+00	2025-07-13 08:14:38.364076+00	3	3	customer_meeting	\N	\N	\N	\N	\N	f	\N	\N	f
6	2025-06-25	08:30:00	인사이드	completed	인사이드 고객지원 동행 방문\r\n충북대학교	2025-06-19 08:50:01.842492+00	2025-07-13 08:14:44.541323+00	4	3	customer_meeting	\N	\N	\N	\N	\N	f	\N	\N	f
5	2025-06-24	08:30:00	인사이드	completed	인사이드 고객지원 동행방문\r\n단국대, 선문대	2025-06-19 08:18:40.003516+00	2025-07-13 08:14:48.485221+00	4	3	customer_meeting	\N	\N	\N	\N	\N	f	\N	\N	f
53	2025-07-09	15:04:00	\N	completed		2025-07-13 13:39:54.719998+00	2025-07-13 13:40:36.401937+00	54	2	customer_meeting	\N	\N	\N	\N	\N	f	\N	\N	f
48	2025-07-08	14:22:00	200동 1053호	completed		2025-07-13 12:50:32.513962+00	2025-07-13 12:50:56.13235+00	41	2	customer_meeting	\N	\N	\N	\N	\N	f	\N	\N	f
50	2025-07-08	15:14:00	\N	completed		2025-07-13 13:14:18.918381+00	2025-07-13 13:14:18.918397+00	51	2	customer_meeting	\N	\N	\N	\N	\N	f	\N	\N	f
49	2025-07-08	15:07:00	\N	completed		2025-07-13 13:08:04.704466+00	2025-07-13 13:14:37.198229+00	50	2	customer_meeting	\N	\N	\N	\N	\N	f	\N	\N	f
51	2025-07-09	12:04:00	\N	completed		2025-07-13 13:20:05.718452+00	2025-07-13 13:20:05.718468+00	11	2	customer_meeting	\N	\N	\N	\N	\N	f	\N	\N	f
54	2025-07-09	16:40:00	\N	completed		2025-07-13 13:40:55.161179+00	2025-07-13 13:40:55.161202+00	55	2	customer_meeting	\N	\N	\N	\N	\N	f	\N	\N	f
55	2025-07-11	15:04:00	\N	completed		2025-07-13 14:04:11.102296+00	2025-07-13 14:04:11.102312+00	56	2	customer_meeting	\N	\N	\N	\N	\N	f	\N	\N	f
56	2025-07-11	10:02:00	\N	completed		2025-07-13 14:08:55.957692+00	2025-07-13 14:08:55.957707+00	58	2	customer_meeting	\N	\N	\N	\N	\N	f	\N	\N	f
57	2025-07-10	13:09:00	\N	completed		2025-07-13 14:09:09.786784+00	2025-07-13 14:09:09.786804+00	57	2	customer_meeting	\N	\N	\N	\N	\N	f	\N	\N	f
59	2025-07-10	17:24:00	\N	completed		2025-07-13 14:24:53.355388+00	2025-07-13 14:24:53.355402+00	59	2	customer_meeting	\N	\N	\N	\N	\N	f	\N	\N	f
88	2025-07-18	15:50:00	\N	completed		2025-07-20 08:46:25.515792+00	2025-07-20 08:46:25.515811+00	78	3	customer_meeting	\N	\N	\N	\N	\N	f	\N	\N	f
89	2025-07-18	16:00:00	\N	completed		2025-07-20 08:51:17.166312+00	2025-07-20 08:51:17.166335+00	79	3	customer_meeting	\N	\N	\N	\N	\N	f	\N	\N	f
91	2025-07-21	14:30:00	서울대학교	completed	견적서 전달	2025-07-20 08:54:46.536299+00	2025-07-21 23:46:16.665667+00	74	3	customer_meeting	\N	\N	\N	\N	\N	f	\N	\N	f
94	2025-07-21	14:00:00	\N	completed	피펫 가격 알려주러 가보자	2025-07-21 01:06:42.34826+00	2025-07-21 23:53:35.665729+00	78	3	customer_meeting	\N	\N	\N	\N	\N	f	\N	\N	f
176	2025-08-20	14:00:00	\N	completed		2025-08-23 03:07:41.14861+00	2025-08-23 03:07:41.148624+00	171	3	service	\N	\N	\N	\N	\N	f	\N	\N	f
99	2025-07-25	13:20:00	\N	completed	데모 연락옴 20 -200	2025-07-25 04:16:49.511673+00	2025-07-25 04:16:49.511687+00	74	3	customer_meeting	\N	\N	\N	\N	\N	f	\N	\N	f
100	2025-07-23	15:00:00	\N	completed	4110-00 샘플요청 및 855.08.010 , 855.08.200 데모요청, 한달 뒤 팁 발주 계획 중	2025-07-25 04:18:12.727268+00	2025-07-25 04:18:12.727283+00	68	3	customer_meeting	\N	\N	\N	\N	\N	f	\N	\N	f
98	2025-07-22	14:00:00	서울대 김민석 연구원	completed	소모품 담당자	2025-07-22 08:28:45.242898+00	2025-07-27 09:50:14.252116+00	119	3	customer_meeting	\N	\N	\N	\N	\N	f	\N	\N	f
112	2025-07-24	14:00:00	고려대학교 세포치료공학 김대성님	completed	826.0200 서비스 건	2025-07-27 09:51:13.59322+00	2025-07-27 09:51:21.519772+00	46	3	service	\N	\N	\N	\N	\N	f	\N	\N	f
113	2025-07-25	14:00:00	충북대학교 조성진 교수님 연구실 표인혁	completed	825.1000 서비스 건	2025-07-27 09:54:34.979814+00	2025-07-27 09:54:52.363976+00	4	3	service	\N	\N	\N	\N	\N	f	\N	\N	f
114	2025-07-25	15:00:00	\N	completed	창원대학교 / 환경에너지공학 / 류나영 / 010-2587-1343 / ryuna0_1026@kakao.com	2025-07-27 09:56:34.408958+00	2025-07-27 09:57:45.016036+00	137	3	service	\N	\N	\N	\N	\N	f	\N	\N	f
116	2025-07-25	13:00:00	\N	completed	디스펜서 530.010FC	2025-07-27 10:01:15.109374+00	2025-07-27 10:01:22.092987+00	139	3	service	\N	\N	\N	\N	\N	f	\N	\N	f
117	2025-07-25	15:00:00	\N	completed	상지대학교 / 스마트팜생명과학과 / 이홍주 / 010-9149-2817 / tlsdmstnr41@naver.com	2025-07-27 10:02:44.440577+00	2025-07-27 10:02:57.260698+00	140	3	service	\N	\N	\N	\N	\N	f	\N	\N	f
184	2025-08-18	15:28:00	\N	completed		2025-08-23 13:26:42.605907+00	2025-08-23 13:26:42.605926+00	56	2	customer_meeting	\N	\N	\N	\N	\N	f	\N	\N	f
122	2025-07-23	14:00:00	\N	completed		2025-07-27 10:29:25.722965+00	2025-07-27 10:29:25.722982+00	131	3	customer_meeting	\N	\N	\N	\N	\N	f	\N	\N	f
118	2025-07-29	15:00:00	\N	completed	피펫 13자루 (싱글 11 , 멀티 2)	2025-07-27 10:09:20.988271+00	2025-08-15 22:52:41.397327+00	142	3	service	\N	\N	\N	\N	\N	f	\N	\N	f
120	2025-07-29	14:00:00	\N	completed	4110-00 , 855.08.010 , 855.08.200 전달 & PCR랙 어디꺼 사용하시는지 물어보기	2025-07-27 10:19:34.926332+00	2025-08-15 22:52:31.775883+00	68	3	customer_meeting	\N	\N	\N	\N	\N	f	\N	\N	f
121	2025-07-29	15:00:00	\N	completed	4346N00 샘플 전달 & 가서 P팁 200짜리로 확인 한번 해보기	2025-07-27 10:22:05.915366+00	2025-08-15 22:52:46.174849+00	119	3	customer_meeting	\N	\N	\N	\N	\N	f	\N	\N	f
188	2025-08-20	15:10:00	\N	completed		2025-08-23 14:09:10.198748+00	2025-08-23 14:09:10.198775+00	173	2	customer_meeting	\N	\N	\N	\N	\N	f	\N	\N	f
192	2025-08-22	13:02:00	\N	completed		2025-08-23 14:49:40.418991+00	2025-08-23 14:49:40.419009+00	155	2	customer_meeting	\N	\N	\N	\N	\N	f	\N	\N	f
127	2025-07-28	15:16:00	\N	completed		2025-08-02 14:15:44.112617+00	2025-08-02 14:15:44.112632+00	149	2	customer_meeting	\N	\N	\N	\N	\N	f	\N	\N	f
126	2025-07-28	14:05:00	\N	completed	826xs 구매 하셨는데\r\n적합한건 825일듯,\r\n충분한 안내를 드렸으나 826으로 선택함\r\n\r\n셀투바이오 업체를 통해 주문	2025-08-02 14:05:18.581458+00	2025-08-02 14:05:18.581478+00	148	2	customer_meeting	\N	\N	\N	\N	\N	f	\N	\N	f
128	2025-07-29	15:21:00	\N	completed		2025-08-02 14:26:35.682146+00	2025-08-02 14:26:35.682161+00	41	2	customer_meeting	\N	\N	\N	\N	\N	f	\N	\N	f
129	2025-08-01	14:37:00	\N	completed		2025-08-02 14:34:00.408255+00	2025-08-02 14:34:00.40827+00	41	2	customer_meeting	\N	\N	\N	\N	\N	f	\N	\N	f
130	2025-08-06	13:00:00	\N	completed		2025-08-02 14:41:28.025864+00	2025-08-02 14:41:28.025878+00	50	2	customer_meeting	\N	\N	\N	\N	\N	f	\N	\N	f
133	2025-08-07	13:00:00	\N	completed		2025-08-02 14:43:59.887798+00	2025-08-02 14:43:59.887814+00	150	2	customer_meeting	\N	\N	\N	\N	\N	f	\N	\N	f
134	2025-08-08	00:05:00	\N	completed		2025-08-02 15:05:39.746547+00	2025-08-02 15:05:39.746565+00	151	2	customer_meeting	\N	\N	\N	\N	\N	f	\N	\N	f
136	2025-08-01	01:08:00	\N	completed		2025-08-02 15:07:24.534584+00	2025-08-02 15:07:24.534602+00	64	2	customer_meeting	\N	\N	\N	\N	\N	f	\N	\N	f
137	2025-07-30	14:10:00	\N	completed		2025-08-02 15:08:40.529361+00	2025-08-02 15:08:40.529375+00	153	2	customer_meeting	\N	\N	\N	\N	\N	f	\N	\N	f
138	2025-07-30	11:05:00	\N	completed		2025-08-02 15:08:58.710722+00	2025-08-02 15:08:58.710737+00	39	2	customer_meeting	\N	\N	\N	\N	\N	f	\N	\N	f
123	2025-07-30	14:00:00	\N	completed	영상통화 일정	2025-07-27 22:22:50.058599+00	2025-08-15 22:52:49.975037+00	141	3	customer_meeting	\N	\N	\N	\N	\N	f	\N	\N	f
139	2025-07-31	10:10:00	\N	completed		2025-08-02 15:10:13.13883+00	2025-08-02 15:10:13.138845+00	133	2	customer_meeting	\N	\N	\N	\N	\N	f	\N	\N	f
140	2025-07-31	02:12:00	\N	completed		2025-08-02 15:10:40.896607+00	2025-08-02 15:10:40.896625+00	15	2	customer_meeting	\N	\N	\N	\N	\N	f	\N	\N	f
143	2025-07-29	14:54:00	\N	completed		2025-08-04 00:48:27.489693+00	2025-08-04 00:48:27.489706+00	18	2	customer_meeting	\N	\N	\N	\N	\N	f	\N	\N	f
146	2025-08-06	15:13:00	\N	completed		2025-08-10 13:12:48.526951+00	2025-08-10 13:12:48.526967+00	158	2	customer_meeting	\N	\N	\N	\N	\N	f	\N	\N	f
142	2025-08-06	00:13:00	\N	completed		2025-08-02 15:13:07.068435+00	2025-08-10 13:13:44.104637+00	155	2	customer_meeting	\N	\N	\N	\N	\N	f	\N	\N	f
166	2025-08-14	14:00:00	\N	completed		2025-08-16 00:25:42.272574+00	2025-08-19 08:39:20.303796+00	167	3	service	\N	\N	\N	\N	\N	f	\N	\N	f
417	2025-11-10	17:49:00	\N	scheduled		2025-11-16 07:50:12.867134+00	2025-11-16 07:50:12.930795+00	289	3	quote	\N	2025-11-07	183040	124	50	f	\N	\N	f
164	2025-08-14	14:00:00	\N	completed		2025-08-16 00:24:31.493046+00	2025-08-23 03:08:52.817053+00	165	3	service	\N	\N	\N	\N	\N	f	\N	\N	f
115	2025-07-28	13:00:00	\N	completed	세종대학교 / 윤미용교수님실험실 / 이지현	2025-07-27 10:00:04.023201+00	2025-08-15 22:52:19.064478+00	138	3	service	\N	\N	\N	\N	\N	f	\N	\N	f
119	2025-07-29	13:00:00	\N	completed	855.08.200 데모 전달 & 나머지 견적에 대해 구매 일정 물어보기	2025-07-27 10:19:01.048326+00	2025-08-15 22:52:27.53493+00	74	3	customer_meeting	\N	\N	\N	\N	\N	f	\N	\N	f
149	2025-07-29	16:00:00	\N	completed		2025-08-15 23:13:48.586053+00	2025-08-15 23:13:48.586068+00	159	3	customer_meeting	\N	\N	\N	\N	\N	f	\N	\N	f
150	2025-07-29	17:00:00	\N	completed		2025-08-15 23:15:23.116606+00	2025-08-15 23:15:23.116625+00	160	3	customer_meeting	\N	\N	\N	\N	\N	f	\N	\N	f
160	2025-08-14	15:00:00	\N	completed	1차 완료	2025-08-16 00:20:31.049419+00	2025-08-16 22:57:09.243218+00	142	3	service	\N	\N	\N	\N	\N	f	\N	\N	f
144	2025-08-07	13:00:00	서울특별시 도봉구 삼양로 144길 33	completed	ISOFreezeRack 데모 일정	2025-08-07 00:40:09.47386+00	2025-08-15 23:17:55.157667+00	156	3	customer_meeting	\N	\N	\N	\N	\N	f	\N	\N	f
151	2025-08-12	15:00:00	\N	completed	못만나서 전화함	2025-08-15 23:25:46.913455+00	2025-08-15 23:25:46.913472+00	119	3	customer_meeting	\N	\N	\N	\N	\N	f	\N	\N	f
152	2025-08-12	15:20:00	\N	completed		2025-08-15 23:26:16.378795+00	2025-08-15 23:26:16.378814+00	76	3	customer_meeting	\N	\N	\N	\N	\N	f	\N	\N	f
153	2025-08-12	16:00:00	\N	completed	데모 피펫 회수	2025-08-15 23:26:45.787684+00	2025-08-15 23:26:54.891304+00	74	3	customer_meeting	\N	\N	\N	\N	\N	f	\N	\N	f
154	2025-08-12	16:30:00	\N	completed	데모피펫 회수	2025-08-15 23:27:25.059454+00	2025-08-15 23:27:25.05947+00	68	3	customer_meeting	\N	\N	\N	\N	\N	f	\N	\N	f
145	2025-08-05	14:00:00	\N	completed		2025-08-10 13:10:31.477064+00	2025-08-17 00:04:11.697395+00	157	2	service	\N	\N	\N	\N	\N	f	\N	\N	f
167	2025-08-14	15:05:00	\N	completed		2025-08-16 13:26:44.51166+00	2025-08-16 13:26:44.511681+00	168	2	customer_meeting	\N	\N	\N	\N	\N	f	\N	\N	f
168	2025-08-14	16:33:00	\N	completed		2025-08-16 13:27:01.931783+00	2025-08-16 13:27:01.931804+00	39	2	customer_meeting	\N	\N	\N	\N	\N	f	\N	\N	f
169	2025-08-12	13:34:00	\N	completed		2025-08-16 13:31:32.814995+00	2025-08-16 13:31:32.815013+00	41	2	customer_meeting	\N	\N	\N	\N	\N	f	\N	\N	f
170	2025-08-12	10:32:00	\N	completed		2025-08-16 13:31:56.435097+00	2025-08-16 13:31:56.435113+00	150	2	customer_meeting	\N	\N	\N	\N	\N	f	\N	\N	f
171	2025-08-11	15:03:00	\N	completed		2025-08-16 13:40:22.503271+00	2025-08-16 13:40:22.503293+00	133	2	customer_meeting	\N	\N	\N	\N	\N	f	\N	\N	f
172	2025-08-13	10:42:00	\N	completed		2025-08-16 13:41:46.553118+00	2025-08-16 13:41:46.553135+00	50	2	customer_meeting	\N	\N	\N	\N	\N	f	\N	\N	f
173	2025-08-13	13:11:00	\N	completed		2025-08-16 14:10:44.545547+00	2025-08-16 14:10:44.545563+00	169	2	customer_meeting	\N	\N	\N	\N	\N	f	\N	\N	f
156	2025-08-01	14:00:00	\N	completed		2025-08-16 00:16:44.938316+00	2025-08-16 22:32:53.251635+00	161	3	service	\N	\N	\N	\N	\N	f	\N	\N	f
157	2025-08-01	14:00:00	\N	completed	전남대학교 박상익교수 연구실 서비스 건	2025-08-16 00:17:48.130608+00	2025-08-16 22:33:28.342124+00	6	3	service	\N	\N	\N	\N	\N	f	\N	\N	f
158	2025-08-06	14:00:00	\N	completed	창원대학교 / 환경에너지공학 / 류나영 / 010-2587-1343 / ryuna0_1026@kakao.com	2025-08-16 00:18:46.550265+00	2025-08-16 22:35:08.142436+00	137	3	service	\N	\N	\N	\N	\N	f	\N	\N	f
185	2025-08-19	16:41:00	\N	completed		2025-08-23 13:46:06.874829+00	2025-08-23 13:46:06.874846+00	39	2	customer_meeting	\N	\N	\N	\N	\N	f	\N	\N	f
159	2025-08-08	14:00:00	\N	completed		2025-08-16 00:19:24.402366+00	2025-08-16 22:40:10.484407+00	162	3	service	\N	\N	\N	\N	\N	f	\N	\N	f
189	2025-08-20	16:14:00	\N	completed		2025-08-23 14:14:27.066275+00	2025-08-23 14:14:27.066297+00	172	2	customer_meeting	\N	\N	\N	\N	\N	f	\N	\N	f
193	2025-08-22	14:41:00	\N	completed		2025-08-23 14:53:57.707279+00	2025-08-23 14:53:57.707297+00	176	2	customer_meeting	\N	\N	\N	\N	\N	f	\N	\N	f
181	2025-08-25	13:00:00	서울대학교 식물면역연구센터	completed	총 41자루\r\nErgoOne Single Channel 화요일까지 완료해야함	2025-08-23 07:27:31.099496+00	2025-08-29 21:50:05.777863+00	46	3	service	\N	\N	\N	\N	\N	f	\N	\N	f
197	2025-08-29	15:00:00	\N	completed	서울의대 / 김승기교수님랩 / 하새힘 / 010-4024-5081 / gladl5081@hanmail.net	2025-08-29 21:54:40.723239+00	2025-08-29 21:54:40.723262+00	177	3	service	\N	\N	\N	\N	\N	f	\N	\N	f
162	2025-08-13	14:00:00	\N	completed		2025-08-16 00:23:21.163468+00	2025-08-29 22:34:44.199126+00	163	3	service	\N	\N	\N	\N	\N	f	\N	\N	f
203	2025-08-27	10:25:00	\N	completed		2025-09-01 00:25:27.308073+00	2025-09-01 00:25:27.308088+00	41	2	customer_meeting	\N	\N	\N	\N	\N	f	\N	\N	f
161	2025-08-12	14:00:00	\N	completed	한국과학기술원 / 이진우교수님 랩 / 박선혜 / 010-5779-0327 / seonhye.p@kaist.ac.kr	2025-08-16 00:22:55.09721+00	2025-08-19 08:38:58.116585+00	28	3	service	\N	\N	\N	\N	\N	f	\N	\N	f
163	2025-08-13	14:00:00	\N	completed		2025-08-16 00:23:46.276702+00	2025-08-19 08:39:07.224708+00	164	3	service	\N	\N	\N	\N	\N	f	\N	\N	f
200	2025-08-29	15:00:00	\N	completed	큐피크바이오 / 연구실 / 황현석	2025-08-29 21:57:44.576314+00	2025-09-07 23:00:56.769564+00	4	3	service	\N	\N	\N	\N	\N	f	\N	\N	f
212	2025-09-05	14:45:00	\N	completed		2025-09-05 05:45:36.804289+00	2025-09-05 05:45:36.804304+00	11	2	customer_meeting	\N	\N	\N	\N	\N	f	\N	\N	f
206	2025-09-01	14:28:00	\N	completed		2025-09-01 00:28:29.80015+00	2025-09-07 04:28:20.241382+00	39	2	customer_meeting	\N	\N	\N	\N	\N	f	\N	\N	f
215	2025-09-04	15:07:00	\N	completed		2025-09-07 04:40:05.915213+00	2025-09-07 04:40:05.915231+00	155	2	service	\N	\N	\N	\N	\N	f	\N	\N	f
218	2025-09-05	11:37:00	\N	completed		2025-09-07 06:36:54.770678+00	2025-09-07 06:36:54.770692+00	183	2	customer_meeting	\N	\N	\N	\N	\N	f	\N	\N	f
177	2025-08-22	10:00:00	\N	completed		2025-08-23 03:10:55.232099+00	2025-11-13 23:17:40.07617+00	156	3	delivery	\N	\N	\N	101	\N	f	\N	\N	f
226	2025-09-02	15:00:00	\N	completed		2025-09-07 23:18:34.482381+00	2025-09-07 23:18:34.482396+00	187	3	customer_meeting	\N	\N	\N	\N	\N	f	\N	\N	f
229	2025-09-02	16:30:00	\N	completed		2025-09-07 23:19:42.325127+00	2025-09-07 23:19:42.325143+00	191	3	customer_meeting	\N	\N	\N	\N	\N	f	\N	\N	f
232	2025-09-02	17:30:00	\N	completed		2025-09-07 23:20:59.039919+00	2025-09-07 23:20:59.039935+00	195	3	customer_meeting	\N	\N	\N	\N	\N	f	\N	\N	f
234	2025-09-05	17:38:00	\N	completed		2025-09-08 00:06:22.682321+00	2025-09-08 00:06:22.682336+00	52	2	customer_meeting	\N	\N	\N	\N	\N	f	\N	\N	f
165	2025-08-16	14:00:00	\N	cancelled		2025-08-16 00:25:10.594909+00	2025-09-09 08:59:15.210184+00	166	3	service	\N	\N	\N	\N	\N	f	\N	\N	f
244	2025-09-10	16:00:00	\N	completed		2025-09-10 00:18:57.009098+00	2025-09-12 08:59:38.22766+00	28	3	service	\N	\N	\N	\N	\N	f	\N	\N	f
242	2025-09-15	13:30:00	\N	completed		2025-09-09 08:52:03.581507+00	2025-11-13 23:17:40.32258+00	198	3	delivery	\N	\N	\N	108	\N	f	\N	\N	f
247	2025-09-09	15:05:00	\N	completed		2025-09-13 08:04:18.768079+00	2025-09-13 08:04:18.768093+00	57	2	customer_meeting	\N	\N	\N	\N	\N	f	\N	\N	f
236	2025-09-10	15:11:00	\N	completed		2025-09-08 00:12:08.726325+00	2025-09-13 08:13:10.510243+00	182	2	customer_meeting	\N	\N	\N	\N	\N	f	\N	\N	f
249	2025-09-11	15:49:00	\N	completed		2025-09-13 12:53:40.195166+00	2025-09-13 12:53:40.195181+00	200	2	customer_meeting	\N	\N	\N	\N	\N	f	\N	\N	f
251	2025-09-11	16:05:00	\N	completed		2025-09-13 13:04:15.18927+00	2025-09-13 13:04:15.189289+00	202	2	customer_meeting	\N	\N	\N	\N	\N	f	\N	\N	f
257	2025-09-09	14:31:00	\N	completed		2025-09-13 13:30:15.370413+00	2025-09-13 13:30:15.370428+00	210	2	customer_meeting	\N	\N	\N	\N	\N	f	\N	\N	f
258	2025-09-09	13:34:00	\N	completed		2025-09-13 13:34:12.702162+00	2025-09-13 13:34:12.702175+00	212	2	customer_meeting	\N	\N	\N	\N	\N	f	\N	\N	f
259	2025-09-12	13:08:00	\N	completed		2025-09-13 14:08:00.678861+00	2025-09-13 14:08:00.67888+00	58	2	customer_meeting	\N	\N	\N	\N	\N	f	\N	\N	f
260	2025-09-12	15:11:00	\N	completed		2025-09-13 14:10:48.57065+00	2025-09-13 14:10:48.570664+00	213	2	customer_meeting	\N	\N	\N	\N	\N	f	\N	\N	f
262	2025-09-12	15:13:00	\N	completed		2025-09-13 14:12:49.099495+00	2025-09-13 14:12:49.099512+00	216	2	customer_meeting	\N	\N	\N	\N	\N	f	\N	\N	f
264	2025-09-10	16:00:00	\N	completed		2025-09-14 06:16:03.785448+00	2025-09-14 06:16:03.785464+00	163	3	service	\N	\N	\N	\N	\N	f	\N	\N	f
202	2025-08-29	15:00:00	\N	completed	한양대학교	2025-08-29 22:02:11.185652+00	2025-09-14 06:17:03.539245+00	179	3	service	\N	\N	\N	\N	\N	f	\N	\N	f
201	2025-08-29	15:00:00	\N	completed	고려대학교 / 김경헌 교수님랩 / 김유담 / 010-2611-7013 / fogree@korea.ac.kr	2025-08-29 21:59:48.222833+00	2025-09-14 06:17:22.583848+00	178	3	service	\N	\N	\N	\N	\N	f	\N	\N	f
411	2025-11-11	11:47:00	\N	completed		2025-11-14 01:48:07.058868+00	2025-11-14 01:48:16.97559+00	291	3	quote	\N	\N	323681	\N	\N	f	\N	\N	f
307	2025-10-01	16:00:00	\N	completed		2025-10-02 02:30:30.355003+00	2025-10-02 02:30:30.355015+00	176	2	customer_meeting	\N	\N	\N	\N	\N	f	\N	\N	f
308	2025-10-01	16:34:00	\N	completed		2025-10-02 02:30:56.805693+00	2025-10-02 02:30:56.805708+00	206	2	customer_meeting	\N	\N	\N	\N	\N	f	\N	\N	f
267	2025-09-15	14:30:00	\N	completed		2025-09-18 14:29:14.287988+00	2025-09-18 14:29:14.288004+00	217	2	customer_meeting	\N	\N	\N	\N	\N	f	\N	\N	f
268	2025-09-15	15:02:00	\N	completed		2025-09-18 15:01:38.065704+00	2025-09-18 15:01:38.065722+00	223	2	customer_meeting	\N	\N	\N	\N	\N	f	\N	\N	f
269	2025-09-15	13:03:00	\N	completed		2025-09-18 15:01:57.081418+00	2025-09-18 15:01:57.081433+00	222	2	customer_meeting	\N	\N	\N	\N	\N	f	\N	\N	f
270	2025-09-15	04:06:00	\N	completed		2025-09-18 15:05:55.957265+00	2025-09-18 15:05:55.957283+00	224	2	customer_meeting	\N	\N	\N	\N	\N	f	\N	\N	f
271	2025-09-15	17:12:00	\N	completed		2025-09-18 15:08:51.516031+00	2025-09-18 15:08:51.516049+00	225	2	customer_meeting	\N	\N	\N	\N	\N	f	\N	\N	f
272	2025-09-15	16:11:00	\N	completed		2025-09-18 15:09:22.829621+00	2025-09-18 15:09:22.829639+00	218	2	customer_meeting	\N	\N	\N	\N	\N	f	\N	\N	f
273	2025-09-15	15:32:00	\N	completed		2025-09-18 15:09:45.79701+00	2025-09-18 15:09:45.797024+00	221	2	customer_meeting	\N	\N	\N	\N	\N	f	\N	\N	f
274	2025-09-15	14:17:00	\N	completed		2025-09-18 15:11:10.905148+00	2025-09-18 15:11:10.905166+00	220	2	customer_meeting	\N	\N	\N	\N	\N	f	\N	\N	f
263	2025-09-16	23:23:00	\N	completed		2025-09-13 14:22:27.780406+00	2025-09-18 15:11:28.860645+00	215	2	customer_meeting	\N	\N	\N	\N	\N	f	\N	\N	f
275	2025-09-16	13:13:00	\N	completed		2025-09-18 15:11:49.186399+00	2025-09-18 15:11:49.186415+00	213	2	customer_meeting	\N	\N	\N	\N	\N	f	\N	\N	f
276	2025-09-15	15:19:00	\N	completed		2025-09-18 15:14:15.039117+00	2025-09-18 15:14:15.039141+00	226	2	customer_meeting	\N	\N	\N	\N	\N	f	\N	\N	f
277	2025-09-16	14:23:00	\N	completed		2025-09-18 15:17:01.231477+00	2025-09-18 15:17:01.231494+00	227	2	customer_meeting	\N	\N	\N	\N	\N	f	\N	\N	f
278	2025-09-16	15:25:00	\N	completed		2025-09-18 15:24:02.361939+00	2025-09-18 15:24:02.361955+00	230	2	customer_meeting	\N	\N	\N	\N	\N	f	\N	\N	f
279	2025-09-16	16:35:00	\N	completed		2025-09-18 15:30:19.429399+00	2025-09-18 15:30:19.429416+00	216	2	customer_meeting	\N	\N	\N	\N	\N	f	\N	\N	f
281	2025-09-16	15:32:00	\N	completed		2025-09-18 15:31:15.208843+00	2025-09-18 15:31:15.208857+00	233	2	customer_meeting	\N	\N	\N	\N	\N	f	\N	\N	f
282	2025-09-17	13:33:00	\N	completed		2025-09-18 15:32:01.600229+00	2025-09-18 15:32:01.600245+00	229	2	customer_meeting	\N	\N	\N	\N	\N	f	\N	\N	f
283	2025-09-17	12:33:00	\N	completed		2025-09-18 15:32:32.702778+00	2025-09-18 15:32:32.702797+00	230	2	customer_meeting	\N	\N	\N	\N	\N	f	\N	\N	f
284	2025-09-18	13:02:00	\N	completed		2025-09-18 15:44:23.30727+00	2025-09-18 15:44:23.307288+00	176	2	customer_meeting	\N	\N	\N	\N	\N	f	\N	\N	f
286	2025-09-18	14:52:00	\N	completed		2025-09-18 15:49:06.949126+00	2025-09-18 15:49:06.949138+00	208	2	customer_meeting	\N	\N	\N	\N	\N	f	\N	\N	f
221	2025-09-05	15:00:00	\N	completed		2025-09-07 23:07:11.054328+00	2025-09-21 04:56:26.640564+00	6	3	service	\N	\N	\N	\N	\N	f	\N	\N	f
288	2025-09-15	17:00:00	\N	completed		2025-09-21 07:06:48.624318+00	2025-09-21 07:06:48.624335+00	236	3	customer_meeting	\N	\N	\N	\N	\N	f	\N	\N	f
289	2025-09-15	17:00:00	\N	completed		2025-09-21 07:07:47.81642+00	2025-09-21 07:07:47.816486+00	75	3	customer_meeting	\N	\N	\N	\N	\N	f	\N	\N	f
290	2025-09-19	17:00:00	\N	completed		2025-09-21 07:12:21.399237+00	2025-09-21 07:12:21.399253+00	237	3	customer_meeting	\N	\N	\N	\N	\N	f	\N	\N	f
291	2025-09-18	17:00:00	\N	completed		2025-09-21 07:17:03.453551+00	2025-09-21 07:17:03.453567+00	186	3	customer_meeting	\N	\N	\N	\N	\N	f	\N	\N	f
292	2025-09-16	17:00:00	\N	completed		2025-09-21 07:19:52.387057+00	2025-09-21 07:19:52.387073+00	185	3	customer_meeting	\N	\N	\N	\N	\N	f	\N	\N	f
294	2025-09-12	11:48:00	\N	completed		2025-09-22 02:48:25.718203+00	2025-09-22 02:48:25.718225+00	52	2	customer_meeting	\N	\N	\N	\N	\N	f	\N	\N	f
299	2024-11-07	13:48:00	\N	completed		2025-09-22 08:46:35.295616+00	2025-11-13 23:17:39.866345+00	240	2	delivery	\N	\N	\N	94	\N	f	\N	\N	f
309	2025-09-30	11:03:00	\N	completed		2025-10-02 02:31:20.552168+00	2025-11-13 23:17:40.481891+00	226	2	delivery	\N	\N	\N	114	\N	f	\N	\N	f
412	2025-11-13	10:55:00	\N	completed		2025-11-14 01:54:34.370653+00	2025-11-14 01:54:34.413782+00	291	3	delivery	\N	2025-11-13	323681	127	100	f	\N	\N	f
418	2025-11-13	10:00:00	\N	completed		2025-11-16 07:51:29.718118+00	2025-11-16 07:51:34.192602+00	142	3	customer_meeting	\N	\N	55000	129	50	f	\N	\N	f
301	2024-12-10	15:54:00	\N	completed		2025-09-22 08:54:41.544344+00	2025-09-22 08:54:41.544365+00	242	2	service	\N	\N	\N	\N	\N	f	\N	\N	f
265	2025-09-15	16:00:00	\N	completed	Research Plus 4자루	2025-09-14 06:18:32.754547+00	2025-09-30 00:30:16.86711+00	178	3	service	\N	\N	\N	\N	\N	f	\N	\N	f
303	2025-09-23	14:32:00	\N	completed		2025-09-30 08:33:08.272804+00	2025-09-30 08:33:08.272823+00	226	2	customer_meeting	\N	\N	\N	\N	\N	f	\N	\N	f
304	2025-09-30	13:30:00	\N	completed		2025-10-02 02:26:54.167946+00	2025-10-02 02:26:54.167964+00	245	2	customer_meeting	\N	\N	\N	\N	\N	f	\N	\N	f
306	2025-10-01	15:32:00	\N	completed		2025-10-02 02:28:19.865124+00	2025-10-02 02:28:19.86514+00	155	2	customer_meeting	\N	\N	\N	\N	\N	f	\N	\N	f
310	2025-09-30	13:33:00	\N	completed		2025-10-02 02:31:44.826142+00	2025-10-02 02:31:44.826156+00	217	2	customer_meeting	\N	\N	\N	\N	\N	f	\N	\N	f
311	2025-09-30	14:36:00	\N	completed		2025-10-02 02:34:16.320296+00	2025-10-02 02:34:16.320318+00	234	2	customer_meeting	\N	\N	\N	\N	\N	f	\N	\N	f
313	2025-09-25	10:30:00	\N	completed		2025-10-02 03:07:41.465192+00	2025-10-02 03:07:41.465208+00	169	2	customer_meeting	\N	\N	\N	\N	\N	f	\N	\N	f
315	2025-09-25	14:10:00	\N	completed		2025-10-02 03:09:54.0015+00	2025-10-02 03:09:54.001518+00	243	2	customer_meeting	\N	\N	\N	\N	\N	f	\N	\N	f
317	2025-09-23	12:57:00	\N	completed		2025-10-12 03:55:16.673218+00	2025-10-12 03:55:16.673234+00	17	2	customer_meeting	\N	\N	\N	\N	\N	f	\N	\N	f
318	2025-09-23	15:49:00	\N	completed		2025-10-12 04:47:21.068474+00	2025-10-12 04:47:21.068488+00	18	2	customer_meeting	\N	\N	\N	\N	\N	f	\N	\N	f
319	2025-09-24	15:00:00	\N	completed		2025-10-12 04:56:55.510662+00	2025-10-12 04:56:55.510685+00	246	2	customer_meeting	\N	\N	\N	\N	\N	f	\N	\N	f
320	2025-09-24	15:24:00	\N	completed		2025-10-12 05:21:18.659937+00	2025-10-12 05:21:18.659952+00	247	2	customer_meeting	\N	\N	\N	\N	\N	f	\N	\N	f
321	2025-09-24	14:05:00	\N	completed		2025-10-12 05:25:46.510722+00	2025-10-12 05:25:57.091735+00	155	2	customer_meeting	\N	\N	\N	\N	\N	f	\N	\N	f
322	2025-09-26	14:34:00	\N	completed		2025-10-12 05:32:28.163784+00	2025-10-12 05:32:28.163802+00	248	2	customer_meeting	\N	\N	\N	\N	\N	f	\N	\N	f
323	2025-09-26	16:40:00	\N	completed		2025-10-12 05:38:25.403681+00	2025-10-12 05:38:25.403696+00	249	2	customer_meeting	\N	\N	\N	\N	\N	f	\N	\N	f
338	2025-10-16	13:00:00	\N	completed		2025-10-19 23:35:19.514056+00	2025-10-19 23:35:26.354994+00	258	3	customer_meeting	\N	\N	\N	\N	\N	f	\N	\N	f
339	2025-10-17	10:00:00	\N	completed		2025-10-20 01:17:11.986028+00	2025-10-20 01:17:11.986043+00	259	3	customer_meeting	\N	\N	\N	\N	\N	f	\N	\N	f
340	2025-10-13	13:20:00	\N	completed		2025-10-25 06:20:07.857687+00	2025-10-25 06:20:07.857705+00	250	2	customer_meeting	\N	\N	\N	\N	\N	f	\N	\N	f
341	2025-10-13	13:59:00	\N	completed		2025-10-25 06:22:51.90047+00	2025-10-25 06:22:51.900487+00	15	2	customer_meeting	\N	\N	\N	\N	\N	f	\N	\N	f
342	2025-10-14	14:01:00	\N	completed		2025-10-25 06:23:51.326615+00	2025-10-25 06:23:51.326635+00	251	2	customer_meeting	\N	\N	\N	\N	\N	f	\N	\N	f
343	2025-10-14	15:24:00	\N	completed		2025-10-25 06:24:22.572872+00	2025-10-25 06:24:22.572891+00	217	2	customer_meeting	\N	\N	\N	\N	\N	f	\N	\N	f
344	2025-10-14	15:31:00	\N	completed		2025-10-25 06:26:54.504217+00	2025-10-25 06:26:54.50423+00	245	2	customer_meeting	\N	\N	\N	\N	\N	f	\N	\N	f
345	2025-10-14	15:31:00	\N	completed		2025-10-25 06:26:54.753133+00	2025-10-25 06:26:54.753146+00	245	2	customer_meeting	\N	\N	\N	\N	\N	f	\N	\N	f
346	2025-10-15	15:27:00	\N	completed		2025-10-25 06:27:57.205762+00	2025-10-25 06:27:57.205782+00	253	2	customer_meeting	\N	\N	\N	\N	\N	f	\N	\N	f
347	2025-10-15	15:34:00	\N	completed		2025-10-25 06:28:36.914471+00	2025-10-25 06:28:36.91449+00	252	2	customer_meeting	\N	\N	\N	\N	\N	f	\N	\N	f
348	2025-10-15	15:56:00	\N	completed		2025-10-25 06:29:25.878528+00	2025-10-25 06:29:25.878547+00	254	2	customer_meeting	\N	\N	\N	\N	\N	f	\N	\N	f
349	2025-10-17	11:29:00	\N	completed		2025-10-25 06:29:56.959419+00	2025-10-25 06:31:40.997895+00	257	2	customer_meeting	\N	\N	\N	\N	\N	f	\N	\N	f
350	2025-10-16	15:32:00	\N	completed		2025-10-25 06:32:20.671518+00	2025-10-25 06:32:20.671534+00	169	2	customer_meeting	\N	\N	\N	\N	\N	f	\N	\N	f
351	2025-10-16	13:35:00	\N	completed		2025-10-25 06:33:00.316123+00	2025-10-25 06:33:00.316143+00	255	2	customer_meeting	\N	\N	\N	\N	\N	f	\N	\N	f
352	2025-10-16	16:34:00	\N	completed		2025-10-25 06:33:49.621416+00	2025-10-25 06:33:49.621431+00	256	2	customer_meeting	\N	\N	\N	\N	\N	f	\N	\N	f
353	2025-10-20	14:00:00	\N	completed		2025-10-25 09:09:45.711964+00	2025-10-25 09:09:45.711982+00	229	2	customer_meeting	\N	\N	\N	\N	\N	f	\N	\N	f
354	2025-10-20	13:28:00	\N	completed		2025-10-25 13:13:47.6517+00	2025-10-25 13:13:47.651719+00	231	2	customer_meeting	\N	\N	\N	\N	\N	f	\N	\N	f
355	2025-10-21	13:14:00	\N	completed		2025-10-25 13:14:17.999944+00	2025-10-25 13:14:17.999962+00	217	2	customer_meeting	\N	\N	\N	\N	\N	f	\N	\N	f
356	2025-10-21	14:15:00	\N	completed		2025-10-25 13:15:47.558361+00	2025-10-25 13:15:47.558378+00	245	2	customer_meeting	\N	\N	\N	\N	\N	f	\N	\N	f
385	2025-10-29	14:46:00	\N	scheduled		2025-11-02 00:43:57.7522+00	2025-11-16 01:04:54.696393+00	52	2	quote	\N	2025-11-10	1522950	3	75	f	\N	\N	f
358	2025-10-21	16:31:00	\N	completed		2025-10-25 13:31:34.221279+00	2025-10-25 13:31:34.2213+00	261	2	customer_meeting	\N	\N	\N	\N	\N	f	\N	\N	f
359	2025-10-22	13:35:00	\N	completed		2025-10-25 13:34:13.978611+00	2025-10-25 13:34:13.978635+00	214	2	customer_meeting	\N	\N	\N	\N	\N	f	\N	\N	f
360	2025-10-22	14:35:00	\N	completed		2025-10-25 13:35:31.175859+00	2025-10-25 13:35:31.175878+00	229	2	customer_meeting	\N	\N	\N	\N	\N	f	\N	\N	f
361	2025-10-22	14:40:00	\N	completed		2025-10-25 13:36:11.702076+00	2025-10-25 13:36:11.702096+00	262	2	customer_meeting	\N	\N	\N	\N	\N	f	\N	\N	f
362	2025-10-23	23:39:00	\N	completed		2025-10-25 13:38:36.724544+00	2025-10-25 13:38:36.724563+00	169	2	customer_meeting	\N	\N	\N	\N	\N	f	\N	\N	f
363	2025-10-23	14:42:00	\N	completed		2025-10-25 13:39:40.821825+00	2025-10-25 13:39:40.82185+00	209	2	customer_meeting	\N	\N	\N	\N	\N	f	\N	\N	f
364	2025-10-23	13:43:00	\N	completed		2025-10-25 13:39:56.853951+00	2025-10-25 13:39:56.853971+00	50	2	customer_meeting	\N	\N	\N	\N	\N	f	\N	\N	f
366	2025-10-23	14:45:00	\N	completed		2025-10-25 13:41:27.259798+00	2025-10-25 13:41:27.259816+00	200	2	customer_meeting	\N	\N	\N	\N	\N	f	\N	\N	f
367	2025-10-23	14:46:00	\N	completed		2025-10-25 13:42:34.578048+00	2025-10-25 13:42:34.578065+00	244	2	customer_meeting	\N	\N	\N	\N	\N	f	\N	\N	f
368	2025-10-24	11:23:00	\N	completed		2025-10-25 13:45:30.485985+00	2025-10-25 13:45:30.485999+00	52	2	customer_meeting	\N	\N	\N	\N	\N	f	\N	\N	f
369	2025-10-24	13:47:00	\N	completed		2025-10-25 13:45:53.96181+00	2025-10-25 13:45:53.961827+00	11	2	customer_meeting	\N	\N	\N	\N	\N	f	\N	\N	f
370	2025-10-24	15:54:00	\N	completed		2025-10-25 13:51:28.203133+00	2025-10-25 13:51:28.203156+00	263	2	customer_meeting	\N	\N	\N	\N	\N	f	\N	\N	f
371	2025-10-31	14:34:00	\N	completed		2025-10-31 07:39:50.850615+00	2025-10-31 07:39:50.850632+00	229	2	customer_meeting	\N	\N	\N	\N	\N	f	\N	\N	f
372	2025-10-30	13:10:00	\N	completed		2025-10-31 07:40:51.411404+00	2025-10-31 07:40:51.411418+00	155	2	service	\N	\N	\N	\N	\N	f	\N	\N	f
374	2025-10-27	13:42:00	\N	completed		2025-10-31 07:42:29.574634+00	2025-10-31 07:42:29.574649+00	13	2	customer_meeting	\N	\N	\N	\N	\N	f	\N	\N	f
375	2025-10-27	15:33:00	\N	completed		2025-11-01 23:32:04.988667+00	2025-11-01 23:32:04.98868+00	267	2	customer_meeting	\N	\N	\N	\N	\N	f	\N	\N	f
376	2025-10-28	14:45:00	\N	completed		2025-11-01 23:45:00.3326+00	2025-11-01 23:45:00.332617+00	268	2	customer_meeting	\N	\N	\N	\N	\N	f	\N	\N	f
377	2025-10-28	15:17:00	\N	completed		2025-11-02 00:17:34.565524+00	2025-11-02 00:20:43.620201+00	269	2	customer_meeting	\N	\N	\N	\N	\N	f	\N	\N	f
378	2025-10-28	16:21:00	\N	completed		2025-11-02 00:21:36.536502+00	2025-11-02 00:21:36.536522+00	270	2	customer_meeting	\N	\N	\N	\N	\N	f	\N	\N	f
379	2025-10-28	16:27:00	\N	completed		2025-11-02 00:27:26.782024+00	2025-11-02 00:27:26.782045+00	271	2	customer_meeting	\N	\N	\N	\N	\N	f	\N	\N	f
413	2025-11-10	17:00:00	\N	completed		2025-11-16 07:22:58.85114+00	2025-11-16 07:22:58.892835+00	290	3	quote	\N	2025-11-07	739200	123	50	f	\N	\N	f
414	2025-11-12	15:24:00	\N	completed		2025-11-16 07:24:28.40118+00	2025-11-16 07:24:40.948457+00	290	3	delivery	\N	2025-11-12	739200	123	100	f	\N	\N	f
382	2025-10-30	16:32:00	\N	completed		2025-11-02 00:31:53.278943+00	2025-11-02 00:32:01.976844+00	243	2	customer_meeting	\N	\N	\N	\N	\N	f	\N	\N	f
386	2025-10-29	14:50:00	\N	completed		2025-11-02 00:45:33.198756+00	2025-11-02 00:47:49.334207+00	272	2	customer_meeting	\N	\N	\N	\N	\N	f	\N	\N	f
387	2025-10-29	15:54:00	\N	completed		2025-11-02 00:49:31.421437+00	2025-11-02 00:49:31.42145+00	273	2	customer_meeting	\N	\N	\N	\N	\N	f	\N	\N	f
388	2025-10-30	13:58:00	\N	completed		2025-11-02 00:54:25.246768+00	2025-11-02 00:54:25.246781+00	264	2	customer_meeting	\N	\N	\N	\N	\N	f	\N	\N	f
389	2025-10-31	14:04:00	\N	completed		2025-11-02 00:59:20.907595+00	2025-11-02 00:59:20.907614+00	183	2	customer_meeting	\N	\N	\N	\N	\N	f	\N	\N	f
391	2025-10-31	14:10:00	\N	completed		2025-11-02 01:06:34.639651+00	2025-11-02 01:06:34.639666+00	231	2	customer_meeting	\N	\N	\N	\N	\N	f	\N	\N	f
392	2025-10-28	15:10:00	\N	completed		2025-11-02 01:07:01.155762+00	2025-11-02 01:07:01.155773+00	223	2	customer_meeting	\N	\N	\N	\N	\N	f	\N	\N	f
394	2025-11-05	11:21:00	\N	completed		2025-11-09 10:22:01.900218+00	2025-11-09 10:22:15.054782+00	274	2	service	\N	\N	\N	\N	\N	f	\N	\N	f
402	2025-11-06	15:37:00	\N	completed		2025-11-09 12:36:33.992299+00	2025-11-09 12:36:33.992314+00	277	2	customer_meeting	\N	\N	\N	\N	\N	f	\N	\N	f
403	2025-11-07	14:46:00	\N	completed		2025-11-09 12:45:39.364829+00	2025-11-09 12:45:39.364851+00	278	2	customer_meeting	\N	\N	\N	\N	\N	f	\N	\N	f
395	2025-11-05	15:30:00	\N	completed		2025-11-09 10:23:43.581491+00	2025-11-09 10:30:06.439483+00	52	2	service	\N	\N	\N	\N	\N	f	\N	\N	f
399	2025-11-03	14:42:00	\N	completed		2025-11-09 10:39:39.961087+00	2025-11-09 10:39:39.961099+00	53	2	customer_meeting	\N	\N	\N	\N	\N	f	\N	\N	f
400	2025-11-06	15:28:00	\N	completed		2025-11-09 12:22:41.347748+00	2025-11-09 12:22:41.347765+00	275	2	customer_meeting	\N	\N	\N	\N	\N	f	\N	\N	f
401	2025-11-06	09:34:00	\N	completed		2025-11-09 12:34:15.014799+00	2025-11-09 12:34:15.014818+00	276	2	customer_meeting	\N	\N	\N	\N	\N	f	\N	\N	f
404	2025-11-07	11:52:00	\N	completed		2025-11-09 12:51:28.846221+00	2025-11-09 12:51:28.846237+00	279	2	customer_meeting	\N	\N	\N	\N	\N	f	\N	\N	f
405	2025-11-07	13:56:00	\N	completed		2025-11-09 12:55:05.879681+00	2025-11-09 12:55:05.879699+00	281	2	customer_meeting	\N	\N	\N	\N	\N	f	\N	\N	f
223	2025-09-23	10:00:00	\N	completed	피펫 안내	2025-09-07 23:14:30.954745+00	2025-11-10 08:10:42.903886+00	196	3	customer_meeting	\N	\N	\N	\N	\N	f	\N	\N	f
381	2025-10-31	09:01:00	\N	completed		2025-11-02 00:31:24.14607+00	2025-11-02 00:31:24.166633+00	256	2	quote	\N	2025-11-06	685960	\N	80	f	\N	\N	f
390	2025-10-29	15:07:00	\N	completed		2025-11-02 01:02:46.669967+00	2025-11-02 01:02:46.685201+00	11	2	quote	\N	\N	826980	\N	\N	f	\N	\N	f
398	2025-11-03	13:35:00	\N	completed		2025-11-09 10:34:55.838852+00	2025-11-09 10:34:55.855856+00	11	2	customer_meeting	\N	2025-11-05	\N	\N	100	f	\N	\N	f
295	2024-08-05	11:32:00	\N	completed		2025-09-22 08:32:37.935555+00	2025-11-13 23:17:39.717907+00	173	2	delivery	\N	\N	\N	90	\N	f	\N	\N	f
296	2024-09-27	10:40:00	\N	completed		2025-09-22 08:36:52.241552+00	2025-11-13 23:17:39.752893+00	118	2	delivery	\N	\N	\N	91	\N	f	\N	\N	f
298	2024-10-17	13:41:00	\N	completed		2025-09-22 08:41:41.242915+00	2025-11-13 23:17:39.808758+00	17	2	delivery	\N	\N	\N	92	\N	f	\N	\N	f
297	2024-10-28	10:44:00	\N	completed		2025-09-22 08:39:53.448751+00	2025-11-13 23:17:39.843792+00	118	2	delivery	\N	\N	\N	93	\N	f	\N	\N	f
300	2024-11-29	11:05:00	\N	completed		2025-09-22 08:49:19.301712+00	2025-11-13 23:17:39.889355+00	51	2	delivery	\N	\N	\N	95	\N	f	\N	\N	f
302	2024-12-20	10:00:00	\N	completed		2025-09-22 08:56:44.317338+00	2025-11-13 23:17:39.913278+00	213	2	delivery	\N	\N	\N	96	\N	f	\N	\N	f
18	2025-06-26	13:16:00	\N	completed		2025-06-29 08:32:02.883836+00	2025-11-13 23:17:39.935165+00	18	2	delivery	\N	\N	\N	97	\N	f	\N	\N	f
32	2025-07-02	13:30:00	\N	completed		2025-07-02 08:32:21.952545+00	2025-11-13 23:17:39.954303+00	39	2	delivery	\N	\N	\N	98	\N	f	\N	\N	f
147	2025-08-07	15:13:00	\N	completed		2025-08-10 13:13:15.402395+00	2025-11-13 23:17:40.010314+00	18	2	delivery	\N	\N	\N	99	\N	f	\N	\N	f
155	2025-08-19	10:00:00	\N	completed	Socorex 리필팁 10짜리 1CS	2025-08-15 23:45:06.780126+00	2025-11-13 23:17:40.048424+00	68	3	delivery	\N	\N	\N	100	\N	f	\N	\N	f
214	2025-09-04	14:02:00	\N	completed		2025-09-07 04:36:02.857397+00	2025-11-13 23:17:40.143755+00	176	2	delivery	\N	\N	\N	103	\N	f	\N	\N	f
239	2025-09-09	10:16:00	\N	completed		2025-09-08 00:16:36.797305+00	2025-11-13 23:17:40.173658+00	150	2	delivery	\N	\N	\N	104	\N	f	\N	\N	f
240	2025-09-09	14:18:00	\N	completed		2025-09-08 04:18:57.536306+00	2025-11-13 23:17:40.203112+00	18	2	delivery	\N	\N	\N	105	\N	f	\N	\N	f
248	2025-09-11	14:29:00	\N	completed		2025-09-13 08:22:33.497126+00	2025-11-13 23:17:40.299444+00	50	2	delivery	\N	\N	\N	107	\N	f	\N	\N	f
243	2025-09-15	14:30:00	\N	completed		2025-09-09 08:52:25.068119+00	2025-11-13 23:17:40.349034+00	199	3	delivery	\N	\N	\N	109	\N	f	\N	\N	f
245	2025-09-17	11:00:00	\N	completed		2025-09-10 21:37:50.41975+00	2025-11-13 23:17:40.375098+00	156	3	delivery	\N	\N	\N	110	\N	f	\N	\N	f
293	2025-09-18	11:08:00	\N	completed		2025-09-21 13:06:06.748156+00	2025-11-13 23:17:40.40482+00	155	2	delivery	\N	\N	\N	111	\N	f	\N	\N	f
287	2025-09-18	17:51:00	\N	completed		2025-09-18 15:49:24.805004+00	2025-11-13 23:17:40.428658+00	158	2	delivery	\N	\N	\N	112	\N	f	\N	\N	f
314	2025-09-25	13:08:00	\N	completed		2025-10-02 03:08:07.157001+00	2025-11-13 23:17:40.457381+00	244	2	delivery	\N	\N	\N	113	\N	f	\N	\N	f
336	2025-10-14	14:00:00	\N	completed		2025-10-19 23:26:19.354294+00	2025-11-13 23:17:40.516014+00	199	3	delivery	\N	\N	\N	115	\N	f	\N	\N	f
337	2025-10-16	10:30:00	\N	completed		2025-10-19 23:28:49.734064+00	2025-11-13 23:17:40.571216+00	156	3	delivery	\N	\N	\N	116	\N	f	\N	\N	f
357	2025-10-21	11:16:00	\N	completed		2025-10-25 13:16:27.277638+00	2025-11-13 23:17:40.595108+00	150	2	delivery	\N	\N	\N	117	\N	f	\N	\N	f
396	2025-11-04	15:26:00	\N	completed		2025-11-09 10:25:38.75+00	2025-11-13 23:17:40.62384+00	256	2	delivery	\N	2025-11-05	685960	118	100	t	\N	\N	f
397	2025-11-04	13:33:00	\N	completed		2025-11-09 10:33:15.380439+00	2025-11-13 23:17:40.653265+00	220	2	delivery	\N	2025-11-04	63360	119	100	t	\N	\N	f
393	2025-11-05	23:15:00	\N	completed		2025-11-09 10:15:43.19811+00	2025-11-13 23:17:40.680432+00	11	2	delivery	\N	2025-11-05	826980	120	100	t	\N	\N	f
406	2025-11-11	14:00:00	\N	completed		2025-11-10 03:16:24.634783+00	2025-11-13 23:17:40.707416+00	199	3	delivery	\N	2025-11-11	\N	121	100	f	\N	\N	f
383	2025-10-30	16:32:00	\N	scheduled		2025-11-02 00:35:53.251811+00	2025-11-16 01:04:54.703296+00	169	2	quote	\N	2025-12-05	6096200	\N	75	f	\N	\N	f
266	2025-11-24	11:00:00	\N	scheduled		2025-09-16 04:42:06.813437+00	2025-11-16 07:19:34.988307+00	156	3	delivery	\N	\N	\N	122	\N	f	\N	\N	f
415	2025-11-12	18:32:00	\N	completed		2025-11-16 07:32:31.394918+00	2025-11-16 07:32:31.452925+00	290	3	quote	\N	2025-11-12	2708200	123	40	f	\N	\N	f
\.


--
-- Data for Name: reporting_schedulefile; Type: TABLE DATA; Schema: public; Owner: postgres
--

COPY public.reporting_schedulefile (id, file, original_filename, file_size, uploaded_at, schedule_id, uploaded_by_id) FROM stdin;
\.


--
-- Data for Name: reporting_usercompany; Type: TABLE DATA; Schema: public; Owner: postgres
--

COPY public.reporting_usercompany (id, name, created_at, updated_at) FROM stdin;
1	하나과학	2025-09-21 05:24:51.360838+00	2025-09-21 05:24:51.360856+00
2	인사이드	2025-09-29 22:30:12.971211+00	2025-09-29 22:30:12.971229+00
3	성욱화학	2025-10-27 00:26:46.027059+00	2025-10-27 00:26:46.027077+00
\.


--
-- Data for Name: reporting_userprofile; Type: TABLE DATA; Schema: public; Owner: postgres
--

COPY public.reporting_userprofile (id, role, created_at, updated_at, created_by_id, user_id, can_download_excel, company_id) FROM stdin;
1	admin	2025-06-19 07:14:48.513+00	2025-06-19 07:18:57.86439+00	\N	1	f	\N
2	salesman	2025-06-19 07:19:23.290513+00	2025-09-21 05:24:51.375367+00	1	2	t	1
3	salesman	2025-06-19 07:19:51.204321+00	2025-09-21 05:25:02.318695+00	1	3	t	1
4	manager	2025-06-19 07:20:20.304456+00	2025-09-21 05:25:10.541385+00	1	4	t	1
9	manager	2025-09-29 22:30:12.97637+00	2025-09-29 22:30:12.976387+00	1	9	t	2
10	salesman	2025-09-29 22:31:12.953851+00	2025-09-29 22:31:12.953867+00	9	10	t	2
11	salesman	2025-09-29 22:31:45.393747+00	2025-09-29 22:31:45.393767+00	9	11	t	2
12	manager	2025-10-27 00:26:46.052895+00	2025-10-27 00:26:46.052913+00	1	12	t	3
13	salesman	2025-10-27 00:27:51.723695+00	2025-10-27 00:27:51.723715+00	12	13	t	3
\.


--
-- Name: auth_group_id_seq; Type: SEQUENCE SET; Schema: public; Owner: postgres
--

SELECT pg_catalog.setval('public.auth_group_id_seq', 1, false);


--
-- Name: auth_group_permissions_id_seq; Type: SEQUENCE SET; Schema: public; Owner: postgres
--

SELECT pg_catalog.setval('public.auth_group_permissions_id_seq', 1, false);


--
-- Name: auth_permission_id_seq; Type: SEQUENCE SET; Schema: public; Owner: postgres
--

SELECT pg_catalog.setval('public.auth_permission_id_seq', 96, true);


--
-- Name: auth_user_groups_id_seq; Type: SEQUENCE SET; Schema: public; Owner: postgres
--

SELECT pg_catalog.setval('public.auth_user_groups_id_seq', 1, false);


--
-- Name: auth_user_id_seq; Type: SEQUENCE SET; Schema: public; Owner: postgres
--

SELECT pg_catalog.setval('public.auth_user_id_seq', 13, true);


--
-- Name: auth_user_user_permissions_id_seq; Type: SEQUENCE SET; Schema: public; Owner: postgres
--

SELECT pg_catalog.setval('public.auth_user_user_permissions_id_seq', 1, false);


--
-- Name: django_admin_log_id_seq; Type: SEQUENCE SET; Schema: public; Owner: postgres
--

SELECT pg_catalog.setval('public.django_admin_log_id_seq', 1, false);


--
-- Name: django_content_type_id_seq; Type: SEQUENCE SET; Schema: public; Owner: postgres
--

SELECT pg_catalog.setval('public.django_content_type_id_seq', 24, true);


--
-- Name: django_migrations_id_seq; Type: SEQUENCE SET; Schema: public; Owner: postgres
--

SELECT pg_catalog.setval('public.django_migrations_id_seq', 99, true);


--
-- Name: reporting_company_id_seq; Type: SEQUENCE SET; Schema: public; Owner: postgres
--

SELECT pg_catalog.setval('public.reporting_company_id_seq', 91, true);


--
-- Name: reporting_deliveryitem_id_seq; Type: SEQUENCE SET; Schema: public; Owner: postgres
--

SELECT pg_catalog.setval('public.reporting_deliveryitem_id_seq', 133, true);


--
-- Name: reporting_department_id_seq; Type: SEQUENCE SET; Schema: public; Owner: postgres
--

SELECT pg_catalog.setval('public.reporting_department_id_seq', 234, true);


--
-- Name: reporting_followup_id_seq; Type: SEQUENCE SET; Schema: public; Owner: postgres
--

SELECT pg_catalog.setval('public.reporting_followup_id_seq', 291, true);


--
-- Name: reporting_funnelstage_id_seq; Type: SEQUENCE SET; Schema: public; Owner: postgres
--

SELECT pg_catalog.setval('public.reporting_funnelstage_id_seq', 7, true);


--
-- Name: reporting_history_id_seq; Type: SEQUENCE SET; Schema: public; Owner: postgres
--

SELECT pg_catalog.setval('public.reporting_history_id_seq', 384, true);


--
-- Name: reporting_historyfile_id_seq; Type: SEQUENCE SET; Schema: public; Owner: postgres
--

SELECT pg_catalog.setval('public.reporting_historyfile_id_seq', 15, true);


--
-- Name: reporting_opportunitytracking_id_seq; Type: SEQUENCE SET; Schema: public; Owner: postgres
--

SELECT pg_catalog.setval('public.reporting_opportunitytracking_id_seq', 129, true);


--
-- Name: reporting_personalschedule_id_seq; Type: SEQUENCE SET; Schema: public; Owner: postgres
--

SELECT pg_catalog.setval('public.reporting_personalschedule_id_seq', 2, true);


--
-- Name: reporting_prepayment_id_seq; Type: SEQUENCE SET; Schema: public; Owner: postgres
--

SELECT pg_catalog.setval('public.reporting_prepayment_id_seq', 8, true);


--
-- Name: reporting_prepaymentusage_id_seq; Type: SEQUENCE SET; Schema: public; Owner: postgres
--

SELECT pg_catalog.setval('public.reporting_prepaymentusage_id_seq', 1, false);


--
-- Name: reporting_product_id_seq; Type: SEQUENCE SET; Schema: public; Owner: postgres
--

SELECT pg_catalog.setval('public.reporting_product_id_seq', 77, true);


--
-- Name: reporting_quote_id_seq; Type: SEQUENCE SET; Schema: public; Owner: postgres
--

SELECT pg_catalog.setval('public.reporting_quote_id_seq', 1, false);


--
-- Name: reporting_quoteitem_id_seq; Type: SEQUENCE SET; Schema: public; Owner: postgres
--

SELECT pg_catalog.setval('public.reporting_quoteitem_id_seq', 1, false);


--
-- Name: reporting_schedule_id_seq; Type: SEQUENCE SET; Schema: public; Owner: postgres
--

SELECT pg_catalog.setval('public.reporting_schedule_id_seq', 418, true);


--
-- Name: reporting_schedulefile_id_seq; Type: SEQUENCE SET; Schema: public; Owner: postgres
--

SELECT pg_catalog.setval('public.reporting_schedulefile_id_seq', 1, false);


--
-- Name: reporting_usercompany_id_seq; Type: SEQUENCE SET; Schema: public; Owner: postgres
--

SELECT pg_catalog.setval('public.reporting_usercompany_id_seq', 3, true);


--
-- Name: reporting_userprofile_id_seq; Type: SEQUENCE SET; Schema: public; Owner: postgres
--

SELECT pg_catalog.setval('public.reporting_userprofile_id_seq', 13, true);


--
-- Name: auth_group auth_group_name_key; Type: CONSTRAINT; Schema: public; Owner: postgres
--

ALTER TABLE ONLY public.auth_group
    ADD CONSTRAINT auth_group_name_key UNIQUE (name);


--
-- Name: auth_group_permissions auth_group_permissions_group_id_permission_id_0cd325b0_uniq; Type: CONSTRAINT; Schema: public; Owner: postgres
--

ALTER TABLE ONLY public.auth_group_permissions
    ADD CONSTRAINT auth_group_permissions_group_id_permission_id_0cd325b0_uniq UNIQUE (group_id, permission_id);


--
-- Name: auth_group_permissions auth_group_permissions_pkey; Type: CONSTRAINT; Schema: public; Owner: postgres
--

ALTER TABLE ONLY public.auth_group_permissions
    ADD CONSTRAINT auth_group_permissions_pkey PRIMARY KEY (id);


--
-- Name: auth_group auth_group_pkey; Type: CONSTRAINT; Schema: public; Owner: postgres
--

ALTER TABLE ONLY public.auth_group
    ADD CONSTRAINT auth_group_pkey PRIMARY KEY (id);


--
-- Name: auth_permission auth_permission_content_type_id_codename_01ab375a_uniq; Type: CONSTRAINT; Schema: public; Owner: postgres
--

ALTER TABLE ONLY public.auth_permission
    ADD CONSTRAINT auth_permission_content_type_id_codename_01ab375a_uniq UNIQUE (content_type_id, codename);


--
-- Name: auth_permission auth_permission_pkey; Type: CONSTRAINT; Schema: public; Owner: postgres
--

ALTER TABLE ONLY public.auth_permission
    ADD CONSTRAINT auth_permission_pkey PRIMARY KEY (id);


--
-- Name: auth_user_groups auth_user_groups_pkey; Type: CONSTRAINT; Schema: public; Owner: postgres
--

ALTER TABLE ONLY public.auth_user_groups
    ADD CONSTRAINT auth_user_groups_pkey PRIMARY KEY (id);


--
-- Name: auth_user_groups auth_user_groups_user_id_group_id_94350c0c_uniq; Type: CONSTRAINT; Schema: public; Owner: postgres
--

ALTER TABLE ONLY public.auth_user_groups
    ADD CONSTRAINT auth_user_groups_user_id_group_id_94350c0c_uniq UNIQUE (user_id, group_id);


--
-- Name: auth_user auth_user_pkey; Type: CONSTRAINT; Schema: public; Owner: postgres
--

ALTER TABLE ONLY public.auth_user
    ADD CONSTRAINT auth_user_pkey PRIMARY KEY (id);


--
-- Name: auth_user_user_permissions auth_user_user_permissions_pkey; Type: CONSTRAINT; Schema: public; Owner: postgres
--

ALTER TABLE ONLY public.auth_user_user_permissions
    ADD CONSTRAINT auth_user_user_permissions_pkey PRIMARY KEY (id);


--
-- Name: auth_user_user_permissions auth_user_user_permissions_user_id_permission_id_14a6b632_uniq; Type: CONSTRAINT; Schema: public; Owner: postgres
--

ALTER TABLE ONLY public.auth_user_user_permissions
    ADD CONSTRAINT auth_user_user_permissions_user_id_permission_id_14a6b632_uniq UNIQUE (user_id, permission_id);


--
-- Name: auth_user auth_user_username_key; Type: CONSTRAINT; Schema: public; Owner: postgres
--

ALTER TABLE ONLY public.auth_user
    ADD CONSTRAINT auth_user_username_key UNIQUE (username);


--
-- Name: django_admin_log django_admin_log_pkey; Type: CONSTRAINT; Schema: public; Owner: postgres
--

ALTER TABLE ONLY public.django_admin_log
    ADD CONSTRAINT django_admin_log_pkey PRIMARY KEY (id);


--
-- Name: django_content_type django_content_type_app_label_model_76bd3d3b_uniq; Type: CONSTRAINT; Schema: public; Owner: postgres
--

ALTER TABLE ONLY public.django_content_type
    ADD CONSTRAINT django_content_type_app_label_model_76bd3d3b_uniq UNIQUE (app_label, model);


--
-- Name: django_content_type django_content_type_pkey; Type: CONSTRAINT; Schema: public; Owner: postgres
--

ALTER TABLE ONLY public.django_content_type
    ADD CONSTRAINT django_content_type_pkey PRIMARY KEY (id);


--
-- Name: django_migrations django_migrations_pkey; Type: CONSTRAINT; Schema: public; Owner: postgres
--

ALTER TABLE ONLY public.django_migrations
    ADD CONSTRAINT django_migrations_pkey PRIMARY KEY (id);


--
-- Name: django_session django_session_pkey; Type: CONSTRAINT; Schema: public; Owner: postgres
--

ALTER TABLE ONLY public.django_session
    ADD CONSTRAINT django_session_pkey PRIMARY KEY (session_key);


--
-- Name: reporting_company reporting_company_name_key; Type: CONSTRAINT; Schema: public; Owner: postgres
--

ALTER TABLE ONLY public.reporting_company
    ADD CONSTRAINT reporting_company_name_key UNIQUE (name);


--
-- Name: reporting_company reporting_company_pkey; Type: CONSTRAINT; Schema: public; Owner: postgres
--

ALTER TABLE ONLY public.reporting_company
    ADD CONSTRAINT reporting_company_pkey PRIMARY KEY (id);


--
-- Name: reporting_deliveryitem reporting_deliveryitem_pkey; Type: CONSTRAINT; Schema: public; Owner: postgres
--

ALTER TABLE ONLY public.reporting_deliveryitem
    ADD CONSTRAINT reporting_deliveryitem_pkey PRIMARY KEY (id);


--
-- Name: reporting_department reporting_department_company_id_name_unique; Type: CONSTRAINT; Schema: public; Owner: postgres
--

ALTER TABLE ONLY public.reporting_department
    ADD CONSTRAINT reporting_department_company_id_name_unique UNIQUE (company_id, name);


--
-- Name: reporting_department reporting_department_pkey; Type: CONSTRAINT; Schema: public; Owner: postgres
--

ALTER TABLE ONLY public.reporting_department
    ADD CONSTRAINT reporting_department_pkey PRIMARY KEY (id);


--
-- Name: reporting_followup reporting_followup_pkey; Type: CONSTRAINT; Schema: public; Owner: postgres
--

ALTER TABLE ONLY public.reporting_followup
    ADD CONSTRAINT reporting_followup_pkey PRIMARY KEY (id);


--
-- Name: reporting_funnelstage reporting_funnelstage_name_key; Type: CONSTRAINT; Schema: public; Owner: postgres
--

ALTER TABLE ONLY public.reporting_funnelstage
    ADD CONSTRAINT reporting_funnelstage_name_key UNIQUE (name);


--
-- Name: reporting_funnelstage reporting_funnelstage_pkey; Type: CONSTRAINT; Schema: public; Owner: postgres
--

ALTER TABLE ONLY public.reporting_funnelstage
    ADD CONSTRAINT reporting_funnelstage_pkey PRIMARY KEY (id);


--
-- Name: reporting_funnelstage reporting_funnelstage_stage_order_key; Type: CONSTRAINT; Schema: public; Owner: postgres
--

ALTER TABLE ONLY public.reporting_funnelstage
    ADD CONSTRAINT reporting_funnelstage_stage_order_key UNIQUE (stage_order);


--
-- Name: reporting_history reporting_history_pkey; Type: CONSTRAINT; Schema: public; Owner: postgres
--

ALTER TABLE ONLY public.reporting_history
    ADD CONSTRAINT reporting_history_pkey PRIMARY KEY (id);


--
-- Name: reporting_historyfile reporting_historyfile_pkey; Type: CONSTRAINT; Schema: public; Owner: postgres
--

ALTER TABLE ONLY public.reporting_historyfile
    ADD CONSTRAINT reporting_historyfile_pkey PRIMARY KEY (id);


--
-- Name: reporting_opportunitytracking reporting_opportunitytracking_pkey; Type: CONSTRAINT; Schema: public; Owner: postgres
--

ALTER TABLE ONLY public.reporting_opportunitytracking
    ADD CONSTRAINT reporting_opportunitytracking_pkey PRIMARY KEY (id);


--
-- Name: reporting_personalschedule reporting_personalschedule_pkey; Type: CONSTRAINT; Schema: public; Owner: postgres
--

ALTER TABLE ONLY public.reporting_personalschedule
    ADD CONSTRAINT reporting_personalschedule_pkey PRIMARY KEY (id);


--
-- Name: reporting_prepayment reporting_prepayment_pkey; Type: CONSTRAINT; Schema: public; Owner: postgres
--

ALTER TABLE ONLY public.reporting_prepayment
    ADD CONSTRAINT reporting_prepayment_pkey PRIMARY KEY (id);


--
-- Name: reporting_prepaymentusage reporting_prepaymentusage_pkey; Type: CONSTRAINT; Schema: public; Owner: postgres
--

ALTER TABLE ONLY public.reporting_prepaymentusage
    ADD CONSTRAINT reporting_prepaymentusage_pkey PRIMARY KEY (id);


--
-- Name: reporting_product reporting_product_pkey; Type: CONSTRAINT; Schema: public; Owner: postgres
--

ALTER TABLE ONLY public.reporting_product
    ADD CONSTRAINT reporting_product_pkey PRIMARY KEY (id);


--
-- Name: reporting_product reporting_product_product_code_key; Type: CONSTRAINT; Schema: public; Owner: postgres
--

ALTER TABLE ONLY public.reporting_product
    ADD CONSTRAINT reporting_product_product_code_key UNIQUE (product_code);


--
-- Name: reporting_quote reporting_quote_pkey; Type: CONSTRAINT; Schema: public; Owner: postgres
--

ALTER TABLE ONLY public.reporting_quote
    ADD CONSTRAINT reporting_quote_pkey PRIMARY KEY (id);


--
-- Name: reporting_quote reporting_quote_quote_number_key; Type: CONSTRAINT; Schema: public; Owner: postgres
--

ALTER TABLE ONLY public.reporting_quote
    ADD CONSTRAINT reporting_quote_quote_number_key UNIQUE (quote_number);


--
-- Name: reporting_quoteitem reporting_quoteitem_pkey; Type: CONSTRAINT; Schema: public; Owner: postgres
--

ALTER TABLE ONLY public.reporting_quoteitem
    ADD CONSTRAINT reporting_quoteitem_pkey PRIMARY KEY (id);


--
-- Name: reporting_schedule reporting_schedule_pkey; Type: CONSTRAINT; Schema: public; Owner: postgres
--

ALTER TABLE ONLY public.reporting_schedule
    ADD CONSTRAINT reporting_schedule_pkey PRIMARY KEY (id);


--
-- Name: reporting_schedulefile reporting_schedulefile_pkey; Type: CONSTRAINT; Schema: public; Owner: postgres
--

ALTER TABLE ONLY public.reporting_schedulefile
    ADD CONSTRAINT reporting_schedulefile_pkey PRIMARY KEY (id);


--
-- Name: reporting_usercompany reporting_usercompany_name_key; Type: CONSTRAINT; Schema: public; Owner: postgres
--

ALTER TABLE ONLY public.reporting_usercompany
    ADD CONSTRAINT reporting_usercompany_name_key UNIQUE (name);


--
-- Name: reporting_usercompany reporting_usercompany_pkey; Type: CONSTRAINT; Schema: public; Owner: postgres
--

ALTER TABLE ONLY public.reporting_usercompany
    ADD CONSTRAINT reporting_usercompany_pkey PRIMARY KEY (id);


--
-- Name: reporting_userprofile reporting_userprofile_pkey; Type: CONSTRAINT; Schema: public; Owner: postgres
--

ALTER TABLE ONLY public.reporting_userprofile
    ADD CONSTRAINT reporting_userprofile_pkey PRIMARY KEY (id);


--
-- Name: reporting_userprofile reporting_userprofile_user_id_key; Type: CONSTRAINT; Schema: public; Owner: postgres
--

ALTER TABLE ONLY public.reporting_userprofile
    ADD CONSTRAINT reporting_userprofile_user_id_key UNIQUE (user_id);


--
-- Name: auth_group_name_a6ea08ec_like; Type: INDEX; Schema: public; Owner: postgres
--

CREATE INDEX auth_group_name_a6ea08ec_like ON public.auth_group USING btree (name varchar_pattern_ops);


--
-- Name: auth_group_permissions_group_id_b120cbf9; Type: INDEX; Schema: public; Owner: postgres
--

CREATE INDEX auth_group_permissions_group_id_b120cbf9 ON public.auth_group_permissions USING btree (group_id);


--
-- Name: auth_group_permissions_permission_id_84c5c92e; Type: INDEX; Schema: public; Owner: postgres
--

CREATE INDEX auth_group_permissions_permission_id_84c5c92e ON public.auth_group_permissions USING btree (permission_id);


--
-- Name: auth_permission_content_type_id_2f476e4b; Type: INDEX; Schema: public; Owner: postgres
--

CREATE INDEX auth_permission_content_type_id_2f476e4b ON public.auth_permission USING btree (content_type_id);


--
-- Name: auth_user_groups_group_id_97559544; Type: INDEX; Schema: public; Owner: postgres
--

CREATE INDEX auth_user_groups_group_id_97559544 ON public.auth_user_groups USING btree (group_id);


--
-- Name: auth_user_groups_user_id_6a12ed8b; Type: INDEX; Schema: public; Owner: postgres
--

CREATE INDEX auth_user_groups_user_id_6a12ed8b ON public.auth_user_groups USING btree (user_id);


--
-- Name: auth_user_user_permissions_permission_id_1fbb5f2c; Type: INDEX; Schema: public; Owner: postgres
--

CREATE INDEX auth_user_user_permissions_permission_id_1fbb5f2c ON public.auth_user_user_permissions USING btree (permission_id);


--
-- Name: auth_user_user_permissions_user_id_a95ead1b; Type: INDEX; Schema: public; Owner: postgres
--

CREATE INDEX auth_user_user_permissions_user_id_a95ead1b ON public.auth_user_user_permissions USING btree (user_id);


--
-- Name: auth_user_username_6821ab7c_like; Type: INDEX; Schema: public; Owner: postgres
--

CREATE INDEX auth_user_username_6821ab7c_like ON public.auth_user USING btree (username varchar_pattern_ops);


--
-- Name: django_admin_log_content_type_id_c4bce8eb; Type: INDEX; Schema: public; Owner: postgres
--

CREATE INDEX django_admin_log_content_type_id_c4bce8eb ON public.django_admin_log USING btree (content_type_id);


--
-- Name: django_admin_log_user_id_c564eba6; Type: INDEX; Schema: public; Owner: postgres
--

CREATE INDEX django_admin_log_user_id_c564eba6 ON public.django_admin_log USING btree (user_id);


--
-- Name: django_session_expire_date_a5c62663; Type: INDEX; Schema: public; Owner: postgres
--

CREATE INDEX django_session_expire_date_a5c62663 ON public.django_session USING btree (expire_date);


--
-- Name: django_session_session_key_c0390e0f_like; Type: INDEX; Schema: public; Owner: postgres
--

CREATE INDEX django_session_session_key_c0390e0f_like ON public.django_session USING btree (session_key varchar_pattern_ops);


--
-- Name: reporting_company_created_by_id_50091bea; Type: INDEX; Schema: public; Owner: postgres
--

CREATE INDEX reporting_company_created_by_id_50091bea ON public.reporting_company USING btree (created_by_id);


--
-- Name: reporting_deliveryitem_history_id_9ac299bc; Type: INDEX; Schema: public; Owner: postgres
--

CREATE INDEX reporting_deliveryitem_history_id_9ac299bc ON public.reporting_deliveryitem USING btree (history_id);


--
-- Name: reporting_deliveryitem_product_id_965104d9; Type: INDEX; Schema: public; Owner: postgres
--

CREATE INDEX reporting_deliveryitem_product_id_965104d9 ON public.reporting_deliveryitem USING btree (product_id);


--
-- Name: reporting_deliveryitem_schedule_id_33a22fcf; Type: INDEX; Schema: public; Owner: postgres
--

CREATE INDEX reporting_deliveryitem_schedule_id_33a22fcf ON public.reporting_deliveryitem USING btree (schedule_id);


--
-- Name: reporting_department_created_by_id_e4fcfd92; Type: INDEX; Schema: public; Owner: postgres
--

CREATE INDEX reporting_department_created_by_id_e4fcfd92 ON public.reporting_department USING btree (created_by_id);


--
-- Name: reporting_followup_user_company_id_62a7cab4; Type: INDEX; Schema: public; Owner: postgres
--

CREATE INDEX reporting_followup_user_company_id_62a7cab4 ON public.reporting_followup USING btree (user_company_id);


--
-- Name: reporting_followup_user_id_b2dd2774; Type: INDEX; Schema: public; Owner: postgres
--

CREATE INDEX reporting_followup_user_id_b2dd2774 ON public.reporting_followup USING btree (user_id);


--
-- Name: reporting_funnelstage_name_dc106faa_like; Type: INDEX; Schema: public; Owner: postgres
--

CREATE INDEX reporting_funnelstage_name_dc106faa_like ON public.reporting_funnelstage USING btree (name varchar_pattern_ops);


--
-- Name: reporting_history_company_id_06a53fd5; Type: INDEX; Schema: public; Owner: postgres
--

CREATE INDEX reporting_history_company_id_06a53fd5 ON public.reporting_history USING btree (company_id);


--
-- Name: reporting_history_created_by_id_045b5605; Type: INDEX; Schema: public; Owner: postgres
--

CREATE INDEX reporting_history_created_by_id_045b5605 ON public.reporting_history USING btree (created_by_id);


--
-- Name: reporting_history_followup_id_832c265f; Type: INDEX; Schema: public; Owner: postgres
--

CREATE INDEX reporting_history_followup_id_832c265f ON public.reporting_history USING btree (followup_id);


--
-- Name: reporting_history_parent_history_id_3f5c09b2; Type: INDEX; Schema: public; Owner: postgres
--

CREATE INDEX reporting_history_parent_history_id_3f5c09b2 ON public.reporting_history USING btree (parent_history_id);


--
-- Name: reporting_history_personal_schedule_id_f8c29798; Type: INDEX; Schema: public; Owner: postgres
--

CREATE INDEX reporting_history_personal_schedule_id_f8c29798 ON public.reporting_history USING btree (personal_schedule_id);


--
-- Name: reporting_history_schedule_id_2ab8c3ac; Type: INDEX; Schema: public; Owner: postgres
--

CREATE INDEX reporting_history_schedule_id_2ab8c3ac ON public.reporting_history USING btree (schedule_id);


--
-- Name: reporting_history_user_id_48f3212e; Type: INDEX; Schema: public; Owner: postgres
--

CREATE INDEX reporting_history_user_id_48f3212e ON public.reporting_history USING btree (user_id);


--
-- Name: reporting_historyfile_history_id_ddcf34af; Type: INDEX; Schema: public; Owner: postgres
--

CREATE INDEX reporting_historyfile_history_id_ddcf34af ON public.reporting_historyfile USING btree (history_id);


--
-- Name: reporting_historyfile_uploaded_by_id_620cb0af; Type: INDEX; Schema: public; Owner: postgres
--

CREATE INDEX reporting_historyfile_uploaded_by_id_620cb0af ON public.reporting_historyfile USING btree (uploaded_by_id);


--
-- Name: reporting_opportunitytracking_followup_id_5ad908a6; Type: INDEX; Schema: public; Owner: postgres
--

CREATE INDEX reporting_opportunitytracking_followup_id_5ad908a6 ON public.reporting_opportunitytracking USING btree (followup_id);


--
-- Name: reporting_personalschedule_company_id_afbe74b5; Type: INDEX; Schema: public; Owner: postgres
--

CREATE INDEX reporting_personalschedule_company_id_afbe74b5 ON public.reporting_personalschedule USING btree (company_id);


--
-- Name: reporting_personalschedule_user_id_cce44a35; Type: INDEX; Schema: public; Owner: postgres
--

CREATE INDEX reporting_personalschedule_user_id_cce44a35 ON public.reporting_personalschedule USING btree (user_id);


--
-- Name: reporting_prepayment_company_id_6d306433; Type: INDEX; Schema: public; Owner: postgres
--

CREATE INDEX reporting_prepayment_company_id_6d306433 ON public.reporting_prepayment USING btree (company_id);


--
-- Name: reporting_prepayment_created_by_id_5f518685; Type: INDEX; Schema: public; Owner: postgres
--

CREATE INDEX reporting_prepayment_created_by_id_5f518685 ON public.reporting_prepayment USING btree (created_by_id);


--
-- Name: reporting_prepayment_customer_id_86e6d5b0; Type: INDEX; Schema: public; Owner: postgres
--

CREATE INDEX reporting_prepayment_customer_id_86e6d5b0 ON public.reporting_prepayment USING btree (customer_id);


--
-- Name: reporting_prepaymentusage_prepayment_id_99abf064; Type: INDEX; Schema: public; Owner: postgres
--

CREATE INDEX reporting_prepaymentusage_prepayment_id_99abf064 ON public.reporting_prepaymentusage USING btree (prepayment_id);


--
-- Name: reporting_prepaymentusage_schedule_id_b25b70a8; Type: INDEX; Schema: public; Owner: postgres
--

CREATE INDEX reporting_prepaymentusage_schedule_id_b25b70a8 ON public.reporting_prepaymentusage USING btree (schedule_id);


--
-- Name: reporting_prepaymentusage_schedule_item_id_992c8c83; Type: INDEX; Schema: public; Owner: postgres
--

CREATE INDEX reporting_prepaymentusage_schedule_item_id_992c8c83 ON public.reporting_prepaymentusage USING btree (schedule_item_id);


--
-- Name: reporting_product_product_code_89fe9be0_like; Type: INDEX; Schema: public; Owner: postgres
--

CREATE INDEX reporting_product_product_code_89fe9be0_like ON public.reporting_product USING btree (product_code varchar_pattern_ops);


--
-- Name: reporting_quote_converted_history_id_4250ff43; Type: INDEX; Schema: public; Owner: postgres
--

CREATE INDEX reporting_quote_converted_history_id_4250ff43 ON public.reporting_quote USING btree (converted_history_id);


--
-- Name: reporting_quote_followup_id_a4dcbb1d; Type: INDEX; Schema: public; Owner: postgres
--

CREATE INDEX reporting_quote_followup_id_a4dcbb1d ON public.reporting_quote USING btree (followup_id);


--
-- Name: reporting_quote_quote_number_fbb45235_like; Type: INDEX; Schema: public; Owner: postgres
--

CREATE INDEX reporting_quote_quote_number_fbb45235_like ON public.reporting_quote USING btree (quote_number varchar_pattern_ops);


--
-- Name: reporting_quote_schedule_id_b0b952c4; Type: INDEX; Schema: public; Owner: postgres
--

CREATE INDEX reporting_quote_schedule_id_b0b952c4 ON public.reporting_quote USING btree (schedule_id);


--
-- Name: reporting_quote_user_id_2ed4c5c7; Type: INDEX; Schema: public; Owner: postgres
--

CREATE INDEX reporting_quote_user_id_2ed4c5c7 ON public.reporting_quote USING btree (user_id);


--
-- Name: reporting_quoteitem_product_id_4916bc18; Type: INDEX; Schema: public; Owner: postgres
--

CREATE INDEX reporting_quoteitem_product_id_4916bc18 ON public.reporting_quoteitem USING btree (product_id);


--
-- Name: reporting_quoteitem_quote_id_7a2a07a1; Type: INDEX; Schema: public; Owner: postgres
--

CREATE INDEX reporting_quoteitem_quote_id_7a2a07a1 ON public.reporting_quoteitem USING btree (quote_id);


--
-- Name: reporting_schedule_company_id_ae6022a9; Type: INDEX; Schema: public; Owner: postgres
--

CREATE INDEX reporting_schedule_company_id_ae6022a9 ON public.reporting_schedule USING btree (company_id);


--
-- Name: reporting_schedule_followup_id_3922ae0e; Type: INDEX; Schema: public; Owner: postgres
--

CREATE INDEX reporting_schedule_followup_id_3922ae0e ON public.reporting_schedule USING btree (followup_id);


--
-- Name: reporting_schedule_opportunity_id_31d47d64; Type: INDEX; Schema: public; Owner: postgres
--

CREATE INDEX reporting_schedule_opportunity_id_31d47d64 ON public.reporting_schedule USING btree (opportunity_id);


--
-- Name: reporting_schedule_prepayment_id_788aca7a; Type: INDEX; Schema: public; Owner: postgres
--

CREATE INDEX reporting_schedule_prepayment_id_788aca7a ON public.reporting_schedule USING btree (prepayment_id);


--
-- Name: reporting_schedule_user_id_6c83684a; Type: INDEX; Schema: public; Owner: postgres
--

CREATE INDEX reporting_schedule_user_id_6c83684a ON public.reporting_schedule USING btree (user_id);


--
-- Name: reporting_schedulefile_schedule_id_1c925e0e; Type: INDEX; Schema: public; Owner: postgres
--

CREATE INDEX reporting_schedulefile_schedule_id_1c925e0e ON public.reporting_schedulefile USING btree (schedule_id);


--
-- Name: reporting_schedulefile_uploaded_by_id_3860e199; Type: INDEX; Schema: public; Owner: postgres
--

CREATE INDEX reporting_schedulefile_uploaded_by_id_3860e199 ON public.reporting_schedulefile USING btree (uploaded_by_id);


--
-- Name: reporting_usercompany_name_b321f507_like; Type: INDEX; Schema: public; Owner: postgres
--

CREATE INDEX reporting_usercompany_name_b321f507_like ON public.reporting_usercompany USING btree (name varchar_pattern_ops);


--
-- Name: reporting_userprofile_company_id_eed3e619; Type: INDEX; Schema: public; Owner: postgres
--

CREATE INDEX reporting_userprofile_company_id_eed3e619 ON public.reporting_userprofile USING btree (company_id);


--
-- Name: reporting_userprofile_created_by_id_570e289f; Type: INDEX; Schema: public; Owner: postgres
--

CREATE INDEX reporting_userprofile_created_by_id_570e289f ON public.reporting_userprofile USING btree (created_by_id);


--
-- Name: auth_group_permissions auth_group_permissio_permission_id_84c5c92e_fk_auth_perm; Type: FK CONSTRAINT; Schema: public; Owner: postgres
--

ALTER TABLE ONLY public.auth_group_permissions
    ADD CONSTRAINT auth_group_permissio_permission_id_84c5c92e_fk_auth_perm FOREIGN KEY (permission_id) REFERENCES public.auth_permission(id) DEFERRABLE INITIALLY DEFERRED;


--
-- Name: auth_group_permissions auth_group_permissions_group_id_b120cbf9_fk_auth_group_id; Type: FK CONSTRAINT; Schema: public; Owner: postgres
--

ALTER TABLE ONLY public.auth_group_permissions
    ADD CONSTRAINT auth_group_permissions_group_id_b120cbf9_fk_auth_group_id FOREIGN KEY (group_id) REFERENCES public.auth_group(id) DEFERRABLE INITIALLY DEFERRED;


--
-- Name: auth_permission auth_permission_content_type_id_2f476e4b_fk_django_co; Type: FK CONSTRAINT; Schema: public; Owner: postgres
--

ALTER TABLE ONLY public.auth_permission
    ADD CONSTRAINT auth_permission_content_type_id_2f476e4b_fk_django_co FOREIGN KEY (content_type_id) REFERENCES public.django_content_type(id) DEFERRABLE INITIALLY DEFERRED;


--
-- Name: auth_user_groups auth_user_groups_group_id_97559544_fk_auth_group_id; Type: FK CONSTRAINT; Schema: public; Owner: postgres
--

ALTER TABLE ONLY public.auth_user_groups
    ADD CONSTRAINT auth_user_groups_group_id_97559544_fk_auth_group_id FOREIGN KEY (group_id) REFERENCES public.auth_group(id) DEFERRABLE INITIALLY DEFERRED;


--
-- Name: auth_user_groups auth_user_groups_user_id_6a12ed8b_fk_auth_user_id; Type: FK CONSTRAINT; Schema: public; Owner: postgres
--

ALTER TABLE ONLY public.auth_user_groups
    ADD CONSTRAINT auth_user_groups_user_id_6a12ed8b_fk_auth_user_id FOREIGN KEY (user_id) REFERENCES public.auth_user(id) DEFERRABLE INITIALLY DEFERRED;


--
-- Name: auth_user_user_permissions auth_user_user_permi_permission_id_1fbb5f2c_fk_auth_perm; Type: FK CONSTRAINT; Schema: public; Owner: postgres
--

ALTER TABLE ONLY public.auth_user_user_permissions
    ADD CONSTRAINT auth_user_user_permi_permission_id_1fbb5f2c_fk_auth_perm FOREIGN KEY (permission_id) REFERENCES public.auth_permission(id) DEFERRABLE INITIALLY DEFERRED;


--
-- Name: auth_user_user_permissions auth_user_user_permissions_user_id_a95ead1b_fk_auth_user_id; Type: FK CONSTRAINT; Schema: public; Owner: postgres
--

ALTER TABLE ONLY public.auth_user_user_permissions
    ADD CONSTRAINT auth_user_user_permissions_user_id_a95ead1b_fk_auth_user_id FOREIGN KEY (user_id) REFERENCES public.auth_user(id) DEFERRABLE INITIALLY DEFERRED;


--
-- Name: django_admin_log django_admin_log_content_type_id_c4bce8eb_fk_django_co; Type: FK CONSTRAINT; Schema: public; Owner: postgres
--

ALTER TABLE ONLY public.django_admin_log
    ADD CONSTRAINT django_admin_log_content_type_id_c4bce8eb_fk_django_co FOREIGN KEY (content_type_id) REFERENCES public.django_content_type(id) DEFERRABLE INITIALLY DEFERRED;


--
-- Name: django_admin_log django_admin_log_user_id_c564eba6_fk_auth_user_id; Type: FK CONSTRAINT; Schema: public; Owner: postgres
--

ALTER TABLE ONLY public.django_admin_log
    ADD CONSTRAINT django_admin_log_user_id_c564eba6_fk_auth_user_id FOREIGN KEY (user_id) REFERENCES public.auth_user(id) DEFERRABLE INITIALLY DEFERRED;


--
-- Name: reporting_company reporting_company_created_by_id_50091bea_fk_auth_user_id; Type: FK CONSTRAINT; Schema: public; Owner: postgres
--

ALTER TABLE ONLY public.reporting_company
    ADD CONSTRAINT reporting_company_created_by_id_50091bea_fk_auth_user_id FOREIGN KEY (created_by_id) REFERENCES public.auth_user(id) DEFERRABLE INITIALLY DEFERRED;


--
-- Name: reporting_deliveryitem reporting_deliveryit_history_id_9ac299bc_fk_reporting; Type: FK CONSTRAINT; Schema: public; Owner: postgres
--

ALTER TABLE ONLY public.reporting_deliveryitem
    ADD CONSTRAINT reporting_deliveryit_history_id_9ac299bc_fk_reporting FOREIGN KEY (history_id) REFERENCES public.reporting_history(id) DEFERRABLE INITIALLY DEFERRED;


--
-- Name: reporting_deliveryitem reporting_deliveryit_product_id_965104d9_fk_reporting; Type: FK CONSTRAINT; Schema: public; Owner: postgres
--

ALTER TABLE ONLY public.reporting_deliveryitem
    ADD CONSTRAINT reporting_deliveryit_product_id_965104d9_fk_reporting FOREIGN KEY (product_id) REFERENCES public.reporting_product(id) DEFERRABLE INITIALLY DEFERRED;


--
-- Name: reporting_deliveryitem reporting_deliveryit_schedule_id_33a22fcf_fk_reporting; Type: FK CONSTRAINT; Schema: public; Owner: postgres
--

ALTER TABLE ONLY public.reporting_deliveryitem
    ADD CONSTRAINT reporting_deliveryit_schedule_id_33a22fcf_fk_reporting FOREIGN KEY (schedule_id) REFERENCES public.reporting_schedule(id) DEFERRABLE INITIALLY DEFERRED;


--
-- Name: reporting_department reporting_department_company_id_fkey; Type: FK CONSTRAINT; Schema: public; Owner: postgres
--

ALTER TABLE ONLY public.reporting_department
    ADD CONSTRAINT reporting_department_company_id_fkey FOREIGN KEY (company_id) REFERENCES public.reporting_company(id);


--
-- Name: reporting_department reporting_department_created_by_id_e4fcfd92_fk_auth_user_id; Type: FK CONSTRAINT; Schema: public; Owner: postgres
--

ALTER TABLE ONLY public.reporting_department
    ADD CONSTRAINT reporting_department_created_by_id_e4fcfd92_fk_auth_user_id FOREIGN KEY (created_by_id) REFERENCES public.auth_user(id) DEFERRABLE INITIALLY DEFERRED;


--
-- Name: reporting_followup reporting_followup_company_id_fk; Type: FK CONSTRAINT; Schema: public; Owner: postgres
--

ALTER TABLE ONLY public.reporting_followup
    ADD CONSTRAINT reporting_followup_company_id_fk FOREIGN KEY (company_id) REFERENCES public.reporting_company(id);


--
-- Name: reporting_followup reporting_followup_department_id_fk; Type: FK CONSTRAINT; Schema: public; Owner: postgres
--

ALTER TABLE ONLY public.reporting_followup
    ADD CONSTRAINT reporting_followup_department_id_fk FOREIGN KEY (department_id) REFERENCES public.reporting_department(id);


--
-- Name: reporting_followup reporting_followup_user_company_id_62a7cab4_fk_reporting; Type: FK CONSTRAINT; Schema: public; Owner: postgres
--

ALTER TABLE ONLY public.reporting_followup
    ADD CONSTRAINT reporting_followup_user_company_id_62a7cab4_fk_reporting FOREIGN KEY (user_company_id) REFERENCES public.reporting_usercompany(id) DEFERRABLE INITIALLY DEFERRED;


--
-- Name: reporting_followup reporting_followup_user_id_b2dd2774_fk_auth_user_id; Type: FK CONSTRAINT; Schema: public; Owner: postgres
--

ALTER TABLE ONLY public.reporting_followup
    ADD CONSTRAINT reporting_followup_user_id_b2dd2774_fk_auth_user_id FOREIGN KEY (user_id) REFERENCES public.auth_user(id) DEFERRABLE INITIALLY DEFERRED;


--
-- Name: reporting_history reporting_history_company_id_06a53fd5_fk_reporting; Type: FK CONSTRAINT; Schema: public; Owner: postgres
--

ALTER TABLE ONLY public.reporting_history
    ADD CONSTRAINT reporting_history_company_id_06a53fd5_fk_reporting FOREIGN KEY (company_id) REFERENCES public.reporting_usercompany(id) DEFERRABLE INITIALLY DEFERRED;


--
-- Name: reporting_history reporting_history_created_by_id_045b5605_fk_auth_user_id; Type: FK CONSTRAINT; Schema: public; Owner: postgres
--

ALTER TABLE ONLY public.reporting_history
    ADD CONSTRAINT reporting_history_created_by_id_045b5605_fk_auth_user_id FOREIGN KEY (created_by_id) REFERENCES public.auth_user(id) DEFERRABLE INITIALLY DEFERRED;


--
-- Name: reporting_history reporting_history_followup_id_832c265f_fk_reporting_followup_id; Type: FK CONSTRAINT; Schema: public; Owner: postgres
--

ALTER TABLE ONLY public.reporting_history
    ADD CONSTRAINT reporting_history_followup_id_832c265f_fk_reporting_followup_id FOREIGN KEY (followup_id) REFERENCES public.reporting_followup(id) DEFERRABLE INITIALLY DEFERRED;


--
-- Name: reporting_history reporting_history_parent_history_id_3f5c09b2_fk_reporting; Type: FK CONSTRAINT; Schema: public; Owner: postgres
--

ALTER TABLE ONLY public.reporting_history
    ADD CONSTRAINT reporting_history_parent_history_id_3f5c09b2_fk_reporting FOREIGN KEY (parent_history_id) REFERENCES public.reporting_history(id) DEFERRABLE INITIALLY DEFERRED;


--
-- Name: reporting_history reporting_history_personal_schedule_id_f8c29798_fk_reporting; Type: FK CONSTRAINT; Schema: public; Owner: postgres
--

ALTER TABLE ONLY public.reporting_history
    ADD CONSTRAINT reporting_history_personal_schedule_id_f8c29798_fk_reporting FOREIGN KEY (personal_schedule_id) REFERENCES public.reporting_personalschedule(id) DEFERRABLE INITIALLY DEFERRED;


--
-- Name: reporting_history reporting_history_schedule_id_2ab8c3ac_fk_reporting_schedule_id; Type: FK CONSTRAINT; Schema: public; Owner: postgres
--

ALTER TABLE ONLY public.reporting_history
    ADD CONSTRAINT reporting_history_schedule_id_2ab8c3ac_fk_reporting_schedule_id FOREIGN KEY (schedule_id) REFERENCES public.reporting_schedule(id) DEFERRABLE INITIALLY DEFERRED;


--
-- Name: reporting_history reporting_history_user_id_48f3212e_fk_auth_user_id; Type: FK CONSTRAINT; Schema: public; Owner: postgres
--

ALTER TABLE ONLY public.reporting_history
    ADD CONSTRAINT reporting_history_user_id_48f3212e_fk_auth_user_id FOREIGN KEY (user_id) REFERENCES public.auth_user(id) DEFERRABLE INITIALLY DEFERRED;


--
-- Name: reporting_historyfile reporting_historyfil_history_id_ddcf34af_fk_reporting; Type: FK CONSTRAINT; Schema: public; Owner: postgres
--

ALTER TABLE ONLY public.reporting_historyfile
    ADD CONSTRAINT reporting_historyfil_history_id_ddcf34af_fk_reporting FOREIGN KEY (history_id) REFERENCES public.reporting_history(id) DEFERRABLE INITIALLY DEFERRED;


--
-- Name: reporting_historyfile reporting_historyfile_uploaded_by_id_620cb0af_fk_auth_user_id; Type: FK CONSTRAINT; Schema: public; Owner: postgres
--

ALTER TABLE ONLY public.reporting_historyfile
    ADD CONSTRAINT reporting_historyfile_uploaded_by_id_620cb0af_fk_auth_user_id FOREIGN KEY (uploaded_by_id) REFERENCES public.auth_user(id) DEFERRABLE INITIALLY DEFERRED;


--
-- Name: reporting_opportunitytracking reporting_opportunit_followup_id_5ad908a6_fk_reporting; Type: FK CONSTRAINT; Schema: public; Owner: postgres
--

ALTER TABLE ONLY public.reporting_opportunitytracking
    ADD CONSTRAINT reporting_opportunit_followup_id_5ad908a6_fk_reporting FOREIGN KEY (followup_id) REFERENCES public.reporting_followup(id) DEFERRABLE INITIALLY DEFERRED;


--
-- Name: reporting_personalschedule reporting_personalsc_company_id_afbe74b5_fk_reporting; Type: FK CONSTRAINT; Schema: public; Owner: postgres
--

ALTER TABLE ONLY public.reporting_personalschedule
    ADD CONSTRAINT reporting_personalsc_company_id_afbe74b5_fk_reporting FOREIGN KEY (company_id) REFERENCES public.reporting_usercompany(id) DEFERRABLE INITIALLY DEFERRED;


--
-- Name: reporting_personalschedule reporting_personalschedule_user_id_cce44a35_fk_auth_user_id; Type: FK CONSTRAINT; Schema: public; Owner: postgres
--

ALTER TABLE ONLY public.reporting_personalschedule
    ADD CONSTRAINT reporting_personalschedule_user_id_cce44a35_fk_auth_user_id FOREIGN KEY (user_id) REFERENCES public.auth_user(id) DEFERRABLE INITIALLY DEFERRED;


--
-- Name: reporting_prepayment reporting_prepayment_company_id_6d306433_fk_reporting; Type: FK CONSTRAINT; Schema: public; Owner: postgres
--

ALTER TABLE ONLY public.reporting_prepayment
    ADD CONSTRAINT reporting_prepayment_company_id_6d306433_fk_reporting FOREIGN KEY (company_id) REFERENCES public.reporting_company(id) DEFERRABLE INITIALLY DEFERRED;


--
-- Name: reporting_prepayment reporting_prepayment_created_by_id_5f518685_fk_auth_user_id; Type: FK CONSTRAINT; Schema: public; Owner: postgres
--

ALTER TABLE ONLY public.reporting_prepayment
    ADD CONSTRAINT reporting_prepayment_created_by_id_5f518685_fk_auth_user_id FOREIGN KEY (created_by_id) REFERENCES public.auth_user(id) DEFERRABLE INITIALLY DEFERRED;


--
-- Name: reporting_prepayment reporting_prepayment_customer_id_86e6d5b0_fk_reporting; Type: FK CONSTRAINT; Schema: public; Owner: postgres
--

ALTER TABLE ONLY public.reporting_prepayment
    ADD CONSTRAINT reporting_prepayment_customer_id_86e6d5b0_fk_reporting FOREIGN KEY (customer_id) REFERENCES public.reporting_followup(id) DEFERRABLE INITIALLY DEFERRED;


--
-- Name: reporting_prepaymentusage reporting_prepayment_prepayment_id_99abf064_fk_reporting; Type: FK CONSTRAINT; Schema: public; Owner: postgres
--

ALTER TABLE ONLY public.reporting_prepaymentusage
    ADD CONSTRAINT reporting_prepayment_prepayment_id_99abf064_fk_reporting FOREIGN KEY (prepayment_id) REFERENCES public.reporting_prepayment(id) DEFERRABLE INITIALLY DEFERRED;


--
-- Name: reporting_prepaymentusage reporting_prepayment_schedule_id_b25b70a8_fk_reporting; Type: FK CONSTRAINT; Schema: public; Owner: postgres
--

ALTER TABLE ONLY public.reporting_prepaymentusage
    ADD CONSTRAINT reporting_prepayment_schedule_id_b25b70a8_fk_reporting FOREIGN KEY (schedule_id) REFERENCES public.reporting_schedule(id) DEFERRABLE INITIALLY DEFERRED;


--
-- Name: reporting_prepaymentusage reporting_prepayment_schedule_item_id_992c8c83_fk_reporting; Type: FK CONSTRAINT; Schema: public; Owner: postgres
--

ALTER TABLE ONLY public.reporting_prepaymentusage
    ADD CONSTRAINT reporting_prepayment_schedule_item_id_992c8c83_fk_reporting FOREIGN KEY (schedule_item_id) REFERENCES public.reporting_deliveryitem(id) DEFERRABLE INITIALLY DEFERRED;


--
-- Name: reporting_quote reporting_quote_converted_history_id_4250ff43_fk_reporting; Type: FK CONSTRAINT; Schema: public; Owner: postgres
--

ALTER TABLE ONLY public.reporting_quote
    ADD CONSTRAINT reporting_quote_converted_history_id_4250ff43_fk_reporting FOREIGN KEY (converted_history_id) REFERENCES public.reporting_history(id) DEFERRABLE INITIALLY DEFERRED;


--
-- Name: reporting_quote reporting_quote_followup_id_a4dcbb1d_fk_reporting_followup_id; Type: FK CONSTRAINT; Schema: public; Owner: postgres
--

ALTER TABLE ONLY public.reporting_quote
    ADD CONSTRAINT reporting_quote_followup_id_a4dcbb1d_fk_reporting_followup_id FOREIGN KEY (followup_id) REFERENCES public.reporting_followup(id) DEFERRABLE INITIALLY DEFERRED;


--
-- Name: reporting_quote reporting_quote_schedule_id_b0b952c4_fk_reporting_schedule_id; Type: FK CONSTRAINT; Schema: public; Owner: postgres
--

ALTER TABLE ONLY public.reporting_quote
    ADD CONSTRAINT reporting_quote_schedule_id_b0b952c4_fk_reporting_schedule_id FOREIGN KEY (schedule_id) REFERENCES public.reporting_schedule(id) DEFERRABLE INITIALLY DEFERRED;


--
-- Name: reporting_quote reporting_quote_user_id_2ed4c5c7_fk_auth_user_id; Type: FK CONSTRAINT; Schema: public; Owner: postgres
--

ALTER TABLE ONLY public.reporting_quote
    ADD CONSTRAINT reporting_quote_user_id_2ed4c5c7_fk_auth_user_id FOREIGN KEY (user_id) REFERENCES public.auth_user(id) DEFERRABLE INITIALLY DEFERRED;


--
-- Name: reporting_quoteitem reporting_quoteitem_product_id_4916bc18_fk_reporting_product_id; Type: FK CONSTRAINT; Schema: public; Owner: postgres
--

ALTER TABLE ONLY public.reporting_quoteitem
    ADD CONSTRAINT reporting_quoteitem_product_id_4916bc18_fk_reporting_product_id FOREIGN KEY (product_id) REFERENCES public.reporting_product(id) DEFERRABLE INITIALLY DEFERRED;


--
-- Name: reporting_quoteitem reporting_quoteitem_quote_id_7a2a07a1_fk_reporting_quote_id; Type: FK CONSTRAINT; Schema: public; Owner: postgres
--

ALTER TABLE ONLY public.reporting_quoteitem
    ADD CONSTRAINT reporting_quoteitem_quote_id_7a2a07a1_fk_reporting_quote_id FOREIGN KEY (quote_id) REFERENCES public.reporting_quote(id) DEFERRABLE INITIALLY DEFERRED;


--
-- Name: reporting_schedule reporting_schedule_company_id_ae6022a9_fk_reporting; Type: FK CONSTRAINT; Schema: public; Owner: postgres
--

ALTER TABLE ONLY public.reporting_schedule
    ADD CONSTRAINT reporting_schedule_company_id_ae6022a9_fk_reporting FOREIGN KEY (company_id) REFERENCES public.reporting_usercompany(id) DEFERRABLE INITIALLY DEFERRED;


--
-- Name: reporting_schedule reporting_schedule_followup_id_3922ae0e_fk_reporting; Type: FK CONSTRAINT; Schema: public; Owner: postgres
--

ALTER TABLE ONLY public.reporting_schedule
    ADD CONSTRAINT reporting_schedule_followup_id_3922ae0e_fk_reporting FOREIGN KEY (followup_id) REFERENCES public.reporting_followup(id) DEFERRABLE INITIALLY DEFERRED;


--
-- Name: reporting_schedule reporting_schedule_opportunity_id_31d47d64_fk_reporting; Type: FK CONSTRAINT; Schema: public; Owner: postgres
--

ALTER TABLE ONLY public.reporting_schedule
    ADD CONSTRAINT reporting_schedule_opportunity_id_31d47d64_fk_reporting FOREIGN KEY (opportunity_id) REFERENCES public.reporting_opportunitytracking(id) DEFERRABLE INITIALLY DEFERRED;


--
-- Name: reporting_schedule reporting_schedule_prepayment_id_788aca7a_fk_reporting; Type: FK CONSTRAINT; Schema: public; Owner: postgres
--

ALTER TABLE ONLY public.reporting_schedule
    ADD CONSTRAINT reporting_schedule_prepayment_id_788aca7a_fk_reporting FOREIGN KEY (prepayment_id) REFERENCES public.reporting_prepayment(id) DEFERRABLE INITIALLY DEFERRED;


--
-- Name: reporting_schedule reporting_schedule_user_id_6c83684a_fk_auth_user_id; Type: FK CONSTRAINT; Schema: public; Owner: postgres
--

ALTER TABLE ONLY public.reporting_schedule
    ADD CONSTRAINT reporting_schedule_user_id_6c83684a_fk_auth_user_id FOREIGN KEY (user_id) REFERENCES public.auth_user(id) DEFERRABLE INITIALLY DEFERRED;


--
-- Name: reporting_schedulefile reporting_schedulefi_schedule_id_1c925e0e_fk_reporting; Type: FK CONSTRAINT; Schema: public; Owner: postgres
--

ALTER TABLE ONLY public.reporting_schedulefile
    ADD CONSTRAINT reporting_schedulefi_schedule_id_1c925e0e_fk_reporting FOREIGN KEY (schedule_id) REFERENCES public.reporting_schedule(id) DEFERRABLE INITIALLY DEFERRED;


--
-- Name: reporting_schedulefile reporting_schedulefile_uploaded_by_id_3860e199_fk_auth_user_id; Type: FK CONSTRAINT; Schema: public; Owner: postgres
--

ALTER TABLE ONLY public.reporting_schedulefile
    ADD CONSTRAINT reporting_schedulefile_uploaded_by_id_3860e199_fk_auth_user_id FOREIGN KEY (uploaded_by_id) REFERENCES public.auth_user(id) DEFERRABLE INITIALLY DEFERRED;


--
-- Name: reporting_userprofile reporting_userprofil_company_id_eed3e619_fk_reporting; Type: FK CONSTRAINT; Schema: public; Owner: postgres
--

ALTER TABLE ONLY public.reporting_userprofile
    ADD CONSTRAINT reporting_userprofil_company_id_eed3e619_fk_reporting FOREIGN KEY (company_id) REFERENCES public.reporting_usercompany(id) DEFERRABLE INITIALLY DEFERRED;


--
-- Name: reporting_userprofile reporting_userprofile_created_by_id_570e289f_fk_auth_user_id; Type: FK CONSTRAINT; Schema: public; Owner: postgres
--

ALTER TABLE ONLY public.reporting_userprofile
    ADD CONSTRAINT reporting_userprofile_created_by_id_570e289f_fk_auth_user_id FOREIGN KEY (created_by_id) REFERENCES public.auth_user(id) DEFERRABLE INITIALLY DEFERRED;


--
-- Name: reporting_userprofile reporting_userprofile_user_id_a9b2e59d_fk_auth_user_id; Type: FK CONSTRAINT; Schema: public; Owner: postgres
--

ALTER TABLE ONLY public.reporting_userprofile
    ADD CONSTRAINT reporting_userprofile_user_id_a9b2e59d_fk_auth_user_id FOREIGN KEY (user_id) REFERENCES public.auth_user(id) DEFERRABLE INITIALLY DEFERRED;


--
-- PostgreSQL database dump complete
--

