[
{
  "model": "reporting.company",
  "pk": 7,
  "fields": {
    "name": "서울대학교",
    "created_by": 2,
    "created_at": "2025-07-20T06:50:40.224Z",
    "updated_at": "2025-07-20T06:50:40.224Z"
  }
},
{
  "model": "reporting.company",
  "pk": 8,
  "fields": {
    "name": "고려대학교",
    "created_by": 2,
    "created_at": "2025-07-22T06:07:35.991Z",
    "updated_at": "2025-07-22T06:07:35.991Z"
  }
},
{
  "model": "reporting.company",
  "pk": 9,
  "fields": {
    "name": "중앙대학교",
    "created_by": 2,
    "created_at": "2025-07-22T06:08:14.268Z",
    "updated_at": "2025-07-22T06:08:14.268Z"
  }
},
{
  "model": "reporting.company",
  "pk": 10,
  "fields": {
    "name": "아주대학교",
    "created_by": 2,
    "created_at": "2025-07-22T06:08:40.947Z",
    "updated_at": "2025-07-22T06:08:40.947Z"
  }
},
{
  "model": "reporting.company",
  "pk": 11,
  "fields": {
    "name": "경희대학교",
    "created_by": 2,
    "created_at": "2025-07-22T06:09:05.127Z",
    "updated_at": "2025-07-22T06:09:05.127Z"
  }
},
{
  "model": "reporting.company",
  "pk": 12,
  "fields": {
    "name": "건국대학교",
    "created_by": 2,
    "created_at": "2025-07-22T06:10:04.973Z",
    "updated_at": "2025-07-22T06:10:04.973Z"
  }
},
{
  "model": "reporting.company",
  "pk": 13,
  "fields": {
    "name": "123",
    "created_by": 2,
    "created_at": "2025-07-22T06:10:39.147Z",
    "updated_at": "2025-07-22T06:10:39.147Z"
  }
},
{
  "model": "reporting.company",
  "pk": 14,
  "fields": {
    "name": "123333",
    "created_by": 2,
    "created_at": "2025-07-22T06:10:54.530Z",
    "updated_at": "2025-07-22T06:10:54.530Z"
  }
},
{
  "model": "reporting.company",
  "pk": 15,
  "fields": {
    "name": "32ㅈ",
    "created_by": 2,
    "created_at": "2025-07-22T06:11:21.705Z",
    "updated_at": "2025-07-22T06:11:21.705Z"
  }
},
{
  "model": "reporting.company",
  "pk": 16,
  "fields": {
    "name": "4412",
    "created_by": 2,
    "created_at": "2025-07-22T06:11:36.329Z",
    "updated_at": "2025-07-22T06:11:36.329Z"
  }
},
{
  "model": "reporting.company",
  "pk": 17,
  "fields": {
    "name": "161616",
    "created_by": 2,
    "created_at": "2025-07-22T06:28:38.464Z",
    "updated_at": "2025-07-22T06:28:38.464Z"
  }
},
{
  "model": "reporting.company",
  "pk": 18,
  "fields": {
    "name": "77555",
    "created_by": 2,
    "created_at": "2025-07-22T06:28:56.872Z",
    "updated_at": "2025-07-22T06:28:56.872Z"
  }
},
{
  "model": "reporting.company",
  "pk": 19,
  "fields": {
    "name": "하나과학(주)",
    "created_by": 2,
    "created_at": "2025-07-22T06:31:34.751Z",
    "updated_at": "2025-07-22T06:31:34.751Z"
  }
},
{
  "model": "reporting.company",
  "pk": 20,
  "fields": {
    "name": "3131313",
    "created_by": 2,
    "created_at": "2025-07-22T06:34:35.401Z",
    "updated_at": "2025-07-22T06:34:35.401Z"
  }
},
{
  "model": "reporting.company",
  "pk": 21,
  "fields": {
    "name": "11233ㅈㄴㄷ",
    "created_by": 2,
    "created_at": "2025-07-22T06:34:46.988Z",
    "updated_at": "2025-07-22T06:34:46.988Z"
  }
},
{
  "model": "reporting.company",
  "pk": 22,
  "fields": {
    "name": "1313ㄴㄴㄴㄴ",
    "created_by": 2,
    "created_at": "2025-07-22T06:35:03.082Z",
    "updated_at": "2025-07-22T06:35:03.082Z"
  }
},
{
  "model": "reporting.company",
  "pk": 23,
  "fields": {
    "name": "ㄷㅇㅂㄷㅂㅂㄷㄱ",
    "created_by": 2,
    "created_at": "2025-07-22T06:35:26.472Z",
    "updated_at": "2025-07-22T06:35:26.472Z"
  }
},
{
  "model": "reporting.company",
  "pk": 24,
  "fields": {
    "name": "미등록 업체",
    "created_by": 2,
    "created_at": "2025-07-26T06:40:55.969Z",
    "updated_at": "2025-07-26T06:40:55.969Z"
  }
},
{
  "model": "reporting.department",
  "pk": 6,
  "fields": {
    "company": 7,
    "name": "세포소기관연구실",
    "created_by": 2,
    "created_at": "2025-07-20T06:59:03.328Z",
    "updated_at": "2025-07-20T06:59:03.328Z"
  }
},
{
  "model": "reporting.department",
  "pk": 7,
  "fields": {
    "company": 8,
    "name": "응용분석학과",
    "created_by": 2,
    "created_at": "2025-07-22T06:07:51.257Z",
    "updated_at": "2025-07-22T06:07:51.257Z"
  }
},
{
  "model": "reporting.department",
  "pk": 8,
  "fields": {
    "company": 9,
    "name": "중앙부서학과",
    "created_by": 2,
    "created_at": "2025-07-22T06:08:20.966Z",
    "updated_at": "2025-07-22T06:08:20.966Z"
  }
},
{
  "model": "reporting.department",
  "pk": 9,
  "fields": {
    "company": 10,
    "name": "아주친절학과",
    "created_by": 2,
    "created_at": "2025-07-22T06:08:47.794Z",
    "updated_at": "2025-07-22T06:08:47.794Z"
  }
},
{
  "model": "reporting.department",
  "pk": 10,
  "fields": {
    "company": 11,
    "name": "경희희덕덕학과",
    "created_by": 2,
    "created_at": "2025-07-22T06:09:18.731Z",
    "updated_at": "2025-07-22T06:09:18.731Z"
  }
},
{
  "model": "reporting.department",
  "pk": 11,
  "fields": {
    "company": 12,
    "name": "건국우유학과",
    "created_by": 2,
    "created_at": "2025-07-22T06:10:14.193Z",
    "updated_at": "2025-07-22T06:10:14.193Z"
  }
},
{
  "model": "reporting.department",
  "pk": 12,
  "fields": {
    "company": 13,
    "name": "123",
    "created_by": 2,
    "created_at": "2025-07-22T06:10:41.557Z",
    "updated_at": "2025-07-22T06:10:41.557Z"
  }
},
{
  "model": "reporting.department",
  "pk": 13,
  "fields": {
    "company": 14,
    "name": "333",
    "created_by": 2,
    "created_at": "2025-07-22T06:10:56.889Z",
    "updated_at": "2025-07-22T06:10:56.889Z"
  }
},
{
  "model": "reporting.department",
  "pk": 14,
  "fields": {
    "company": 15,
    "name": "3321",
    "created_by": 2,
    "created_at": "2025-07-22T06:11:24.809Z",
    "updated_at": "2025-07-22T06:11:24.809Z"
  }
},
{
  "model": "reporting.department",
  "pk": 15,
  "fields": {
    "company": 16,
    "name": "44123",
    "created_by": 2,
    "created_at": "2025-07-22T06:11:39.121Z",
    "updated_at": "2025-07-22T06:11:39.121Z"
  }
},
{
  "model": "reporting.department",
  "pk": 16,
  "fields": {
    "company": 17,
    "name": "1616161616",
    "created_by": 2,
    "created_at": "2025-07-22T06:28:41.219Z",
    "updated_at": "2025-07-22T06:28:41.219Z"
  }
},
{
  "model": "reporting.department",
  "pk": 17,
  "fields": {
    "company": 18,
    "name": "66555544",
    "created_by": 2,
    "created_at": "2025-07-22T06:28:59.802Z",
    "updated_at": "2025-07-22T06:28:59.802Z"
  }
},
{
  "model": "reporting.department",
  "pk": 18,
  "fields": {
    "company": 19,
    "name": "영업팀",
    "created_by": 2,
    "created_at": "2025-07-22T06:31:55.365Z",
    "updated_at": "2025-07-22T06:31:55.365Z"
  }
},
{
  "model": "reporting.department",
  "pk": 19,
  "fields": {
    "company": 20,
    "name": "13132231",
    "created_by": 2,
    "created_at": "2025-07-22T06:34:38.147Z",
    "updated_at": "2025-07-22T06:34:38.147Z"
  }
},
{
  "model": "reporting.department",
  "pk": 20,
  "fields": {
    "company": 21,
    "name": "ㅁㅇㅁㅇㄴㄴㅂ",
    "created_by": 2,
    "created_at": "2025-07-22T06:34:49.332Z",
    "updated_at": "2025-07-22T06:34:49.332Z"
  }
},
{
  "model": "reporting.department",
  "pk": 21,
  "fields": {
    "company": 22,
    "name": "ㄹㅇㄹㄹㅇㄹ",
    "created_by": 2,
    "created_at": "2025-07-22T06:35:05.706Z",
    "updated_at": "2025-07-22T06:35:05.706Z"
  }
},
{
  "model": "reporting.department",
  "pk": 22,
  "fields": {
    "company": 23,
    "name": "ㅂㅈㄷㅂㅈㄷ213",
    "created_by": 2,
    "created_at": "2025-07-22T06:35:29.296Z",
    "updated_at": "2025-07-22T06:35:29.296Z"
  }
},
{
  "model": "reporting.department",
  "pk": 23,
  "fields": {
    "company": 7,
    "name": "부서명테스트",
    "created_by": 2,
    "created_at": "2025-07-26T06:14:29.835Z",
    "updated_at": "2025-07-26T06:14:29.835Z"
  }
},
{
  "model": "reporting.department",
  "pk": 24,
  "fields": {
    "company": 24,
    "name": "미등록 부서",
    "created_by": 2,
    "created_at": "2025-07-26T06:40:55.986Z",
    "updated_at": "2025-07-26T06:40:55.986Z"
  }
},
{
  "model": "reporting.userprofile",
  "pk": 1,
  "fields": {
    "user": 1,
    "role": "admin",
    "created_by": null,
    "created_at": "2025-07-19T08:21:54.954Z",
    "updated_at": "2025-07-19T08:25:37.713Z"
  }
},
{
  "model": "reporting.userprofile",
  "pk": 2,
  "fields": {
    "user": 2,
    "role": "salesman",
    "created_by": 1,
    "created_at": "2025-07-19T08:29:10.603Z",
    "updated_at": "2025-07-19T08:29:10.603Z"
  }
},
{
  "model": "reporting.userprofile",
  "pk": 3,
  "fields": {
    "user": 3,
    "role": "manager",
    "created_by": 1,
    "created_at": "2025-07-19T08:29:19.975Z",
    "updated_at": "2025-07-19T08:29:19.975Z"
  }
},
{
  "model": "reporting.followup",
  "pk": 1,
  "fields": {
    "user": 2,
    "customer_name": "박민영",
    "company": 7,
    "department": 6,
    "manager": null,
    "phone_number": null,
    "email": null,
    "address": "",
    "notes": "",
    "status": "active",
    "priority": "medium",
    "created_at": "2025-07-20T06:59:16.031Z",
    "updated_at": "2025-07-20T06:59:16.031Z"
  }
},
{
  "model": "reporting.followup",
  "pk": 2,
  "fields": {
    "user": 2,
    "customer_name": "이관우",
    "company": 8,
    "department": 7,
    "manager": null,
    "phone_number": null,
    "email": null,
    "address": "",
    "notes": "",
    "status": "active",
    "priority": "medium",
    "created_at": "2025-07-22T06:07:55.733Z",
    "updated_at": "2025-07-22T06:07:55.733Z"
  }
},
{
  "model": "reporting.followup",
  "pk": 3,
  "fields": {
    "user": 2,
    "customer_name": "이다민",
    "company": 9,
    "department": 8,
    "manager": null,
    "phone_number": null,
    "email": null,
    "address": "",
    "notes": "",
    "status": "active",
    "priority": "medium",
    "created_at": "2025-07-22T06:08:24.905Z",
    "updated_at": "2025-07-22T06:08:24.905Z"
  }
},
{
  "model": "reporting.followup",
  "pk": 4,
  "fields": {
    "user": 2,
    "customer_name": "유수민",
    "company": 10,
    "department": 9,
    "manager": null,
    "phone_number": null,
    "email": null,
    "address": "",
    "notes": "",
    "status": "active",
    "priority": "medium",
    "created_at": "2025-07-22T06:08:51.017Z",
    "updated_at": "2025-07-22T06:08:51.017Z"
  }
},
{
  "model": "reporting.followup",
  "pk": 5,
  "fields": {
    "user": 2,
    "customer_name": "최준하",
    "company": 11,
    "department": 10,
    "manager": null,
    "phone_number": null,
    "email": null,
    "address": "",
    "notes": "",
    "status": "active",
    "priority": "medium",
    "created_at": "2025-07-22T06:09:44.311Z",
    "updated_at": "2025-07-22T06:09:44.311Z"
  }
},
{
  "model": "reporting.followup",
  "pk": 6,
  "fields": {
    "user": 2,
    "customer_name": "박민영",
    "company": 12,
    "department": 11,
    "manager": null,
    "phone_number": null,
    "email": null,
    "address": "",
    "notes": "",
    "status": "active",
    "priority": "medium",
    "created_at": "2025-07-22T06:10:17.437Z",
    "updated_at": "2025-07-22T06:10:17.437Z"
  }
},
{
  "model": "reporting.followup",
  "pk": 7,
  "fields": {
    "user": 2,
    "customer_name": "1",
    "company": 13,
    "department": 12,
    "manager": null,
    "phone_number": null,
    "email": null,
    "address": "",
    "notes": "",
    "status": "active",
    "priority": "medium",
    "created_at": "2025-07-22T06:10:44.058Z",
    "updated_at": "2025-07-22T06:10:44.058Z"
  }
},
{
  "model": "reporting.followup",
  "pk": 8,
  "fields": {
    "user": 2,
    "customer_name": "2",
    "company": 14,
    "department": 13,
    "manager": null,
    "phone_number": null,
    "email": null,
    "address": "",
    "notes": "",
    "status": "active",
    "priority": "medium",
    "created_at": "2025-07-22T06:10:58.740Z",
    "updated_at": "2025-07-22T06:10:58.740Z"
  }
},
{
  "model": "reporting.followup",
  "pk": 9,
  "fields": {
    "user": 2,
    "customer_name": "3",
    "company": 15,
    "department": 14,
    "manager": null,
    "phone_number": null,
    "email": null,
    "address": "",
    "notes": "",
    "status": "active",
    "priority": "medium",
    "created_at": "2025-07-22T06:11:26.674Z",
    "updated_at": "2025-07-22T06:11:26.674Z"
  }
},
{
  "model": "reporting.followup",
  "pk": 10,
  "fields": {
    "user": 2,
    "customer_name": "4",
    "company": 16,
    "department": 15,
    "manager": null,
    "phone_number": null,
    "email": null,
    "address": "",
    "notes": "",
    "status": "active",
    "priority": "medium",
    "created_at": "2025-07-22T06:11:41.030Z",
    "updated_at": "2025-07-22T06:11:41.030Z"
  }
},
{
  "model": "reporting.followup",
  "pk": 11,
  "fields": {
    "user": 2,
    "customer_name": "6",
    "company": 17,
    "department": 16,
    "manager": null,
    "phone_number": null,
    "email": null,
    "address": "",
    "notes": "",
    "status": "active",
    "priority": "medium",
    "created_at": "2025-07-22T06:28:43.163Z",
    "updated_at": "2025-07-22T06:28:43.163Z"
  }
},
{
  "model": "reporting.followup",
  "pk": 12,
  "fields": {
    "user": 2,
    "customer_name": "7",
    "company": 18,
    "department": 17,
    "manager": null,
    "phone_number": null,
    "email": null,
    "address": "",
    "notes": "",
    "status": "active",
    "priority": "medium",
    "created_at": "2025-07-22T06:29:01.663Z",
    "updated_at": "2025-07-22T06:29:01.663Z"
  }
},
{
  "model": "reporting.followup",
  "pk": 13,
  "fields": {
    "user": 2,
    "customer_name": "안도연",
    "company": 19,
    "department": 18,
    "manager": null,
    "phone_number": null,
    "email": null,
    "address": "",
    "notes": "",
    "status": "active",
    "priority": "medium",
    "created_at": "2025-07-22T06:32:26.207Z",
    "updated_at": "2025-07-22T06:32:26.207Z"
  }
},
{
  "model": "reporting.followup",
  "pk": 14,
  "fields": {
    "user": 2,
    "customer_name": "12",
    "company": 20,
    "department": 19,
    "manager": null,
    "phone_number": null,
    "email": null,
    "address": "",
    "notes": "",
    "status": "active",
    "priority": "medium",
    "created_at": "2025-07-22T06:34:39.967Z",
    "updated_at": "2025-07-22T06:34:39.967Z"
  }
},
{
  "model": "reporting.followup",
  "pk": 15,
  "fields": {
    "user": 2,
    "customer_name": "4444",
    "company": 21,
    "department": 20,
    "manager": null,
    "phone_number": null,
    "email": null,
    "address": "",
    "notes": "",
    "status": "active",
    "priority": "medium",
    "created_at": "2025-07-22T06:34:52.031Z",
    "updated_at": "2025-07-22T06:34:52.031Z"
  }
},
{
  "model": "reporting.followup",
  "pk": 16,
  "fields": {
    "user": 2,
    "customer_name": "ㅇㅂㅂㅇㅂ",
    "company": 22,
    "department": 21,
    "manager": null,
    "phone_number": null,
    "email": null,
    "address": "",
    "notes": "",
    "status": "active",
    "priority": "medium",
    "created_at": "2025-07-22T06:35:07.563Z",
    "updated_at": "2025-07-22T06:35:07.563Z"
  }
},
{
  "model": "reporting.followup",
  "pk": 17,
  "fields": {
    "user": 2,
    "customer_name": "ㄷㅇㅈㅇㄷㅇㄷㅇ",
    "company": 23,
    "department": 22,
    "manager": null,
    "phone_number": null,
    "email": null,
    "address": "",
    "notes": "",
    "status": "active",
    "priority": "medium",
    "created_at": "2025-07-22T06:35:31.190Z",
    "updated_at": "2025-07-22T06:35:31.190Z"
  }
},
{
  "model": "reporting.followup",
  "pk": 18,
  "fields": {
    "user": 2,
    "customer_name": "안재똥",
    "company": 7,
    "department": 23,
    "manager": "책임자 테스트",
    "phone_number": null,
    "email": null,
    "address": "",
    "notes": "",
    "status": "active",
    "priority": "medium",
    "created_at": "2025-07-26T06:14:37.747Z",
    "updated_at": "2025-07-26T06:14:37.747Z"
  }
},
{
  "model": "reporting.schedule",
  "pk": 5,
  "fields": {
    "user": 2,
    "followup": 16,
    "visit_date": "2025-07-01",
    "visit_time": "01:00:00",
    "location": null,
    "status": "scheduled",
    "activity_type": "customer_meeting",
    "notes": "",
    "created_at": "2025-07-22T07:10:20.872Z",
    "updated_at": "2025-07-22T23:40:18.782Z"
  }
},
{
  "model": "reporting.schedule",
  "pk": 6,
  "fields": {
    "user": 2,
    "followup": 12,
    "visit_date": "2025-07-23",
    "visit_time": "02:00:00",
    "location": null,
    "status": "scheduled",
    "activity_type": "delivery",
    "notes": "",
    "created_at": "2025-07-22T22:29:03.725Z",
    "updated_at": "2025-07-22T23:40:34.460Z"
  }
},
{
  "model": "reporting.schedule",
  "pk": 7,
  "fields": {
    "user": 2,
    "followup": 5,
    "visit_date": "2025-07-02",
    "visit_time": "07:40:00",
    "location": null,
    "status": "scheduled",
    "activity_type": "meeting",
    "notes": "",
    "created_at": "2025-07-22T22:38:44.278Z",
    "updated_at": "2025-07-22T22:38:44.278Z"
  }
},
{
  "model": "reporting.schedule",
  "pk": 9,
  "fields": {
    "user": 2,
    "followup": 1,
    "visit_date": "2025-07-07",
    "visit_time": "01:00:00",
    "location": null,
    "status": "scheduled",
    "activity_type": "service",
    "notes": "",
    "created_at": "2025-07-22T23:23:06.885Z",
    "updated_at": "2025-07-22T23:23:06.885Z"
  }
},
{
  "model": "reporting.schedule",
  "pk": 10,
  "fields": {
    "user": 2,
    "followup": 1,
    "visit_date": "2025-07-08",
    "visit_time": "01:00:00",
    "location": null,
    "status": "scheduled",
    "activity_type": "service",
    "notes": "",
    "created_at": "2025-07-24T23:01:58.290Z",
    "updated_at": "2025-07-24T23:01:58.290Z"
  }
},
{
  "model": "reporting.schedule",
  "pk": 11,
  "fields": {
    "user": 2,
    "followup": 5,
    "visit_date": "2025-07-19",
    "visit_time": "01:00:00",
    "location": null,
    "status": "scheduled",
    "activity_type": "customer_meeting",
    "notes": "",
    "created_at": "2025-07-26T04:30:31.404Z",
    "updated_at": "2025-07-26T04:30:31.404Z"
  }
},
{
  "model": "reporting.history",
  "pk": 3,
  "fields": {
    "user": 2,
    "followup": 16,
    "schedule": 5,
    "action_type": "customer_meeting",
    "service_status": null,
    "content": "ㅋㅌㅊㅌㅋㅊ",
    "delivery_amount": null,
    "delivery_items": "",
    "delivery_date": null,
    "meeting_date": "2025-07-01",
    "tax_invoice_issued": false,
    "old_value": null,
    "new_value": null,
    "created_at": "2025-07-22T23:57:28.921Z"
  }
},
{
  "model": "reporting.history",
  "pk": 4,
  "fields": {
    "user": 2,
    "followup": 12,
    "schedule": 6,
    "action_type": "delivery_schedule",
    "service_status": null,
    "content": "ㅁㄴㅇㅁㅇㅁㄴㅇ",
    "delivery_amount": "123444",
    "delivery_items": "231231",
    "delivery_date": "2025-07-23",
    "meeting_date": null,
    "tax_invoice_issued": false,
    "old_value": null,
    "new_value": null,
    "created_at": "2025-07-22T23:57:41.849Z"
  }
},
{
  "model": "reporting.history",
  "pk": 5,
  "fields": {
    "user": 2,
    "followup": 1,
    "schedule": 9,
    "action_type": "service",
    "service_status": "completed",
    "content": "ㅁㄴㅇㅁㄴㅇ",
    "delivery_amount": null,
    "delivery_items": "",
    "delivery_date": null,
    "meeting_date": null,
    "tax_invoice_issued": false,
    "old_value": null,
    "new_value": null,
    "created_at": "2025-07-22T23:58:26.897Z"
  }
},
{
  "model": "reporting.history",
  "pk": 8,
  "fields": {
    "user": 2,
    "followup": 1,
    "schedule": 10,
    "action_type": "service",
    "service_status": "completed",
    "content": "ㅁㄴㅇㅁㄴㅇㅁㄴㅇㅁㄴㅇㅁㄴㅇㄴ",
    "delivery_amount": null,
    "delivery_items": "",
    "delivery_date": null,
    "meeting_date": null,
    "tax_invoice_issued": false,
    "old_value": null,
    "new_value": null,
    "created_at": "2025-07-24T23:17:43.505Z"
  }
},
{
  "model": "reporting.history",
  "pk": 9,
  "fields": {
    "user": 2,
    "followup": 16,
    "schedule": 5,
    "action_type": "customer_meeting",
    "service_status": "received",
    "content": "미팅 추가 테스트",
    "delivery_amount": null,
    "delivery_items": "",
    "delivery_date": "2025-07-01",
    "meeting_date": "2025-07-01",
    "tax_invoice_issued": false,
    "old_value": null,
    "new_value": null,
    "created_at": "2025-07-24T23:45:03.330Z"
  }
},
{
  "model": "reporting.history",
  "pk": 10,
  "fields": {
    "user": 2,
    "followup": 5,
    "schedule": 11,
    "action_type": "customer_meeting",
    "service_status": null,
    "content": "ㅁㄴㅇㅁㄴㅇㅇ",
    "delivery_amount": null,
    "delivery_items": "",
    "delivery_date": null,
    "meeting_date": "2025-07-19",
    "tax_invoice_issued": false,
    "old_value": null,
    "new_value": null,
    "created_at": "2025-07-26T04:30:38.025Z"
  }
},
{
  "model": "reporting.history",
  "pk": 12,
  "fields": {
    "user": 2,
    "followup": 12,
    "schedule": null,
    "action_type": "memo",
    "service_status": "received",
    "content": "메모입니다.",
    "delivery_amount": null,
    "delivery_items": null,
    "delivery_date": null,
    "meeting_date": null,
    "tax_invoice_issued": false,
    "old_value": null,
    "new_value": null,
    "created_at": "2025-07-26T05:50:25.399Z"
  }
},
{
  "model": "reporting.history",
  "pk": 13,
  "fields": {
    "user": 2,
    "followup": 17,
    "schedule": null,
    "action_type": "memo",
    "service_status": "received",
    "content": "즐 입니다.",
    "delivery_amount": null,
    "delivery_items": null,
    "delivery_date": null,
    "meeting_date": null,
    "tax_invoice_issued": false,
    "old_value": null,
    "new_value": null,
    "created_at": "2025-07-26T06:00:53.954Z"
  }
},
{
  "model": "reporting.history",
  "pk": 14,
  "fields": {
    "user": 2,
    "followup": null,
    "schedule": null,
    "action_type": "memo",
    "service_status": "received",
    "content": "머지이건",
    "delivery_amount": null,
    "delivery_items": null,
    "delivery_date": null,
    "meeting_date": null,
    "tax_invoice_issued": false,
    "old_value": null,
    "new_value": null,
    "created_at": "2025-07-26T06:22:32.510Z"
  }
}
]
